,compra,venta
1983-01-01,44.95,45.45
1983-01-02,44.95,45.45
1983-01-03,44.95,45.45
1983-01-04,44.95,45.45
1983-01-05,44.95,45.45
1983-01-06,44.95,45.45
1983-01-07,44.95,45.45
1983-01-08,44.95,45.45
1983-01-09,44.95,45.45
1983-01-10,44.95,45.45
1983-01-11,44.9,45.4
1983-01-12,44.9,45.4
1983-01-13,44.9,45.4
1983-01-14,44.9,45.4
1983-01-15,44.9,45.4
1983-01-16,44.9,45.4
1983-01-17,44.9,45.4
1983-01-18,44.85,45.35
1983-01-19,44.85,45.35
1983-01-20,44.85,45.35
1983-01-21,44.8,45.3
1983-01-22,44.8,45.3
1983-01-23,44.8,45.3
1983-01-24,44.8,45.3
1983-01-25,44.75,45.25
1983-01-26,44.75,45.25
1983-01-27,44.75,45.25
1983-01-28,44.75,45.25
1983-01-29,44.75,45.25
1983-01-30,44.75,45.25
1983-01-31,44.75,45.25
1983-02-01,44.7,45.2
1983-02-02,44.7,45.2
1983-02-03,44.7,45.2
1983-02-04,44.7,45.2
1983-02-05,44.7,45.2
1983-02-06,44.7,45.2
1983-02-07,44.7,45.2
1983-02-08,44.7,45.2
1983-02-09,44.7,45.2
1983-02-10,44.7,45.2
1983-02-11,44.7,45.2
1983-02-12,44.7,45.2
1983-02-13,44.7,45.2
1983-02-14,44.7,45.2
1983-02-15,44.65,45.15
1983-02-16,44.65,45.15
1983-02-17,44.6,45.1
1983-02-18,44.6,45.1
1983-02-19,44.6,45.1
1983-02-20,44.6,45.1
1983-02-21,44.6,45.1
1983-02-22,44.6,45.1
1983-02-23,44.6,45.1
1983-02-24,44.6,45.1
1983-02-25,44.6,45.1
1983-02-26,44.6,45.1
1983-02-27,44.6,45.1
1983-02-28,44.6,45.1
1983-03-01,44.6,45.1
1983-03-02,44.6,45.1
1983-03-03,44.6,45.1
1983-03-04,44.6,45.1
1983-03-05,44.5,45.0
1983-03-06,44.5,45.0
1983-03-07,44.5,45.0
1983-03-08,44.5,45.0
1983-03-09,44.5,45.0
1983-03-10,44.5,45.0
1983-03-11,44.5,45.0
1983-03-12,44.5,45.0
1983-03-13,44.5,45.0
1983-03-14,44.5,45.0
1983-03-15,44.5,45.0
1983-03-16,44.4,44.9
1983-03-17,44.4,44.9
1983-03-18,44.4,44.9
1983-03-19,44.35,44.85
1983-03-20,44.35,44.85
1983-03-21,44.35,44.85
1983-03-22,44.35,44.85
1983-03-23,44.35,44.85
1983-03-24,44.35,44.85
1983-03-25,44.35,44.85
1983-03-26,44.35,44.85
1983-03-27,44.35,44.85
1983-03-28,44.35,44.85
1983-03-29,44.25,44.75
1983-03-30,44.25,44.75
1983-03-31,44.25,44.75
1983-04-01,44.25,44.75
1983-04-02,44.25,44.75
1983-04-03,44.25,44.75
1983-04-04,44.25,44.75
1983-04-05,44.2,44.7
1983-04-06,44.2,44.7
1983-04-07,44.2,44.7
1983-04-08,44.2,44.7
1983-04-09,44.2,44.7
1983-04-10,44.2,44.7
1983-04-11,44.2,44.7
1983-04-12,44.2,44.7
1983-04-13,44.15,44.65
1983-04-14,44.15,44.65
1983-04-15,44.15,44.65
1983-04-16,44.15,44.65
1983-04-17,44.15,44.65
1983-04-18,44.15,44.65
1983-04-19,44.15,44.65
1983-04-20,44.15,44.65
1983-04-21,44.15,44.65
1983-04-22,44.15,44.65
1983-04-23,44.15,44.65
1983-04-24,44.15,44.65
1983-04-25,44.15,44.65
1983-04-26,44.15,44.65
1983-04-27,44.15,44.65
1983-04-28,44.15,44.65
1983-04-29,44.15,44.65
1983-04-30,44.15,44.65
1983-05-01,44.15,44.65
1983-05-02,44.15,44.65
1983-05-03,44.15,44.65
1983-05-04,44.1,44.6
1983-05-05,44.1,44.6
1983-05-06,44.1,44.6
1983-05-07,44.1,44.6
1983-05-08,44.1,44.6
1983-05-09,44.1,44.6
1983-05-10,44.1,44.6
1983-05-11,44.1,44.6
1983-05-12,44.1,44.6
1983-05-13,44.1,44.6
1983-05-14,44.1,44.6
1983-05-15,44.1,44.6
1983-05-16,44.1,44.6
1983-05-17,44.1,44.6
1983-05-18,44.1,44.6
1983-05-19,44.1,44.6
1983-05-20,44.1,44.6
1983-05-21,44.1,44.6
1983-05-22,44.1,44.6
1983-05-23,44.1,44.6
1983-05-24,44.1,44.6
1983-05-25,44.1,44.6
1983-05-26,44.1,44.6
1983-05-27,44.1,44.6
1983-05-28,44.1,44.6
1983-05-29,44.1,44.6
1983-05-30,44.1,44.6
1983-05-31,44.1,44.6
1983-06-01,44.1,44.6
1983-06-02,44.1,44.6
1983-06-03,44.1,44.6
1983-06-04,44.1,44.6
1983-06-05,44.1,44.6
1983-06-06,44.1,44.6
1983-06-07,44.1,44.6
1983-06-08,44.1,44.6
1983-06-09,44.1,44.6
1983-06-10,44.1,44.6
1983-06-11,44.1,44.6
1983-06-12,44.1,44.6
1983-06-13,44.1,44.6
1983-06-14,44.1,44.6
1983-06-15,44.1,44.6
1983-06-16,44.1,44.6
1983-06-17,44.1,44.6
1983-06-18,44.1,44.6
1983-06-19,44.1,44.6
1983-06-20,44.1,44.6
1983-06-21,44.1,44.6
1983-06-22,44.1,44.6
1983-06-23,44.1,44.6
1983-06-24,44.1,44.6
1983-06-25,44.1,44.6
1983-06-26,44.1,44.6
1983-06-27,44.1,44.6
1983-06-28,43.1,43.6
1983-06-29,43.1,43.6
1983-06-30,43.1,43.6
1983-07-01,43.1,43.6
1983-07-02,43.1,43.6
1983-07-03,43.1,43.6
1983-07-04,43.1,43.6
1983-07-05,43.1,43.6
1983-07-06,43.1,43.6
1983-07-07,43.1,43.6
1983-07-08,43.1,43.6
1983-07-09,43.1,43.6
1983-07-10,43.1,43.6
1983-07-11,43.1,43.6
1983-07-12,43.1,43.6
1983-07-13,43.1,43.6
1983-07-14,43.1,43.6
1983-07-15,43.1,43.6
1983-07-16,43.1,43.6
1983-07-17,43.1,43.6
1983-07-18,43.1,43.6
1983-07-19,43.1,43.6
1983-07-20,43.1,43.6
1983-07-21,43.1,43.6
1983-07-22,43.1,43.6
1983-07-23,43.1,43.6
1983-07-24,43.1,43.6
1983-07-25,43.1,43.6
1983-07-26,43.1,43.6
1983-07-27,43.1,43.6
1983-07-28,43.1,43.6
1983-07-29,43.1,43.6
1983-07-30,43.1,43.6
1983-07-31,43.1,43.6
1983-08-01,43.1,43.6
1983-08-02,43.1,43.6
1983-08-03,43.1,43.6
1983-08-04,43.1,43.6
1983-08-05,43.1,43.6
1983-08-06,43.1,43.6
1983-08-07,43.1,43.6
1983-08-08,43.1,43.6
1983-08-09,43.1,43.6
1983-08-10,43.1,43.6
1983-08-11,43.1,43.6
1983-08-12,43.1,43.6
1983-08-13,43.1,43.6
1983-08-14,43.1,43.6
1983-08-15,43.1,43.6
1983-08-16,43.1,43.6
1983-08-17,43.1,43.6
1983-08-18,43.1,43.6
1983-08-19,43.1,43.6
1983-08-20,43.1,43.6
1983-08-21,43.1,43.6
1983-08-22,43.1,43.6
1983-08-23,43.1,43.6
1983-08-24,43.1,43.6
1983-08-25,43.1,43.6
1983-08-26,43.1,43.6
1983-08-27,43.1,43.6
1983-08-28,43.1,43.6
1983-08-29,43.1,43.6
1983-08-30,43.1,43.6
1983-08-31,43.1,43.6
1983-09-01,43.1,43.6
1983-09-02,43.1,43.6
1983-09-03,43.1,43.6
1983-09-04,43.1,43.6
1983-09-05,43.1,43.6
1983-09-06,43.1,43.6
1983-09-07,43.1,43.6
1983-09-08,43.1,43.6
1983-09-09,43.1,43.6
1983-09-10,43.1,43.6
1983-09-11,43.1,43.6
1983-09-12,43.1,43.6
1983-09-13,43.1,43.6
1983-09-14,43.1,43.6
1983-09-15,43.1,43.6
1983-09-16,43.1,43.6
1983-09-17,43.1,43.6
1983-09-18,43.1,43.6
1983-09-19,43.1,43.6
1983-09-20,43.1,43.6
1983-09-21,43.1,43.6
1983-09-22,43.1,43.6
1983-09-23,42.1,42.6
1983-09-24,42.1,42.6
1983-09-25,42.1,42.6
1983-09-26,42.1,42.6
1983-09-27,42.1,42.6
1983-09-28,42.1,42.6
1983-09-29,42.1,42.6
1983-09-30,42.1,42.6
1983-10-01,42.1,42.6
1983-10-02,42.1,42.6
1983-10-03,42.1,42.6
1983-10-04,42.1,42.6
1983-10-05,42.1,42.6
1983-10-06,42.1,42.6
1983-10-07,42.1,42.6
1983-10-08,42.1,42.6
1983-10-09,42.1,42.6
1983-10-10,42.1,42.6
1983-10-11,42.1,42.6
1983-10-12,42.1,42.6
1983-10-13,42.1,42.6
1983-10-14,42.1,42.6
1983-10-15,42.1,42.6
1983-10-16,42.1,42.6
1983-10-17,42.1,42.6
1983-10-18,42.1,42.6
1983-10-19,42.1,42.6
1983-10-20,42.1,42.6
1983-10-21,42.1,42.6
1983-10-22,42.1,42.6
1983-10-23,42.1,42.6
1983-10-24,42.1,42.6
1983-10-25,42.1,42.6
1983-10-26,42.1,42.6
1983-10-27,42.1,42.6
1983-10-28,42.1,42.6
1983-10-29,42.1,42.6
1983-10-30,42.1,42.6
1983-10-31,42.1,42.6
1983-11-01,42.1,42.6
1983-11-02,42.1,42.6
1983-11-03,42.1,42.6
1983-11-04,42.1,42.6
1983-11-05,42.1,42.6
1983-11-06,42.1,42.6
1983-11-07,42.1,42.6
1983-11-08,42.1,42.6
1983-11-09,42.1,42.6
1983-11-10,42.1,42.6
1983-11-11,43.15,43.65
1983-11-12,43.15,43.65
1983-11-13,43.15,43.65
1983-11-14,43.15,43.65
1983-11-15,43.15,43.65
1983-11-16,43.15,43.65
1983-11-17,43.15,43.65
1983-11-18,43.15,43.65
1983-11-19,43.15,43.65
1983-11-20,43.15,43.65
1983-11-21,43.15,43.65
1983-11-22,43.15,43.65
1983-11-23,43.15,43.65
1983-11-24,43.15,43.65
1983-11-25,43.15,43.65
1983-11-26,43.15,43.65
1983-11-27,43.15,43.65
1983-11-28,43.15,43.65
1983-11-29,43.15,43.65
1983-11-30,43.15,43.65
1983-12-01,43.15,43.65
1983-12-02,43.15,43.65
1983-12-03,43.15,43.65
1983-12-04,43.15,43.65
1983-12-05,43.15,43.65
1983-12-06,43.15,43.65
1983-12-07,43.15,43.65
1983-12-08,43.15,43.65
1983-12-09,43.15,43.65
1983-12-10,43.15,43.65
1983-12-11,43.15,43.65
1983-12-12,43.15,43.65
1983-12-13,43.15,43.65
1983-12-14,43.15,43.65
1983-12-15,43.15,43.65
1983-12-16,43.15,43.65
1983-12-17,43.15,43.65
1983-12-18,43.15,43.65
1983-12-19,43.15,43.65
1983-12-20,43.15,43.65
1983-12-21,43.15,43.65
1983-12-22,43.15,43.65
1983-12-23,43.15,43.65
1983-12-24,43.15,43.65
1983-12-25,43.15,43.65
1983-12-26,43.15,43.65
1983-12-27,43.15,43.65
1983-12-28,43.15,43.65
1983-12-29,43.15,43.65
1983-12-30,43.15,43.65
1983-12-31,43.15,43.65
1984-01-01,43.15,43.65
1984-01-02,43.15,43.65
1984-01-03,43.15,43.65
1984-01-04,43.15,43.65
1984-01-05,43.15,43.65
1984-01-06,43.15,43.65
1984-01-07,43.15,43.65
1984-01-08,43.15,43.65
1984-01-09,43.15,43.65
1984-01-10,43.15,43.65
1984-01-11,43.15,43.65
1984-01-12,43.15,43.65
1984-01-13,43.15,43.65
1984-01-14,43.15,43.65
1984-01-15,43.15,43.65
1984-01-16,43.15,43.65
1984-01-17,43.15,43.65
1984-01-18,43.15,43.65
1984-01-19,43.15,43.65
1984-01-20,43.15,43.65
1984-01-21,43.15,43.65
1984-01-22,43.15,43.65
1984-01-23,43.15,43.65
1984-01-24,43.15,43.65
1984-01-25,43.15,43.65
1984-01-26,43.15,43.65
1984-01-27,43.15,43.65
1984-01-28,43.15,43.65
1984-01-29,43.15,43.65
1984-01-30,43.15,43.65
1984-01-31,43.15,43.65
1984-02-01,43.15,43.65
1984-02-02,43.15,43.65
1984-02-03,43.15,43.65
1984-02-04,43.15,43.65
1984-02-05,43.15,43.65
1984-02-06,43.15,43.65
1984-02-07,43.15,43.65
1984-02-08,43.15,43.65
1984-02-09,43.15,43.65
1984-02-10,43.15,43.65
1984-02-11,43.15,43.65
1984-02-12,43.15,43.65
1984-02-13,43.15,43.65
1984-02-14,43.15,43.65
1984-02-15,43.15,43.65
1984-02-16,43.15,43.65
1984-02-17,43.15,43.65
1984-02-18,43.15,43.65
1984-02-19,43.15,43.65
1984-02-20,43.15,43.65
1984-02-21,43.15,43.65
1984-02-22,43.15,43.65
1984-02-23,43.15,43.65
1984-02-24,43.15,43.65
1984-02-25,43.15,43.65
1984-02-26,43.15,43.65
1984-02-27,43.15,43.65
1984-02-28,43.15,43.65
1984-02-29,43.15,43.65
1984-03-01,43.15,43.65
1984-03-02,43.15,43.65
1984-03-03,43.15,43.65
1984-03-04,43.15,43.65
1984-03-05,43.15,43.65
1984-03-06,43.15,43.65
1984-03-07,43.15,43.65
1984-03-08,43.15,43.65
1984-03-09,43.15,43.65
1984-03-10,43.15,43.65
1984-03-11,43.15,43.65
1984-03-12,43.15,43.65
1984-03-13,43.15,43.65
1984-03-14,43.15,43.65
1984-03-15,43.15,43.65
1984-03-16,43.15,43.65
1984-03-17,43.15,43.65
1984-03-18,43.15,43.65
1984-03-19,43.15,43.65
1984-03-20,43.15,43.65
1984-03-21,43.15,43.65
1984-03-22,43.15,43.65
1984-03-23,43.15,43.65
1984-03-24,43.15,43.65
1984-03-25,43.15,43.65
1984-03-26,43.15,43.65
1984-03-27,43.15,43.65
1984-03-28,43.15,43.65
1984-03-29,43.15,43.65
1984-03-30,43.15,43.65
1984-03-31,43.15,43.65
1984-04-01,43.15,43.65
1984-04-02,43.15,43.65
1984-04-03,43.15,43.65
1984-04-04,43.15,43.65
1984-04-05,43.15,43.65
1984-04-06,43.15,43.65
1984-04-07,43.15,43.65
1984-04-08,43.15,43.65
1984-04-09,43.15,43.65
1984-04-10,43.15,43.65
1984-04-11,43.15,43.65
1984-04-12,43.15,43.65
1984-04-13,43.15,43.65
1984-04-14,43.15,43.65
1984-04-15,43.15,43.65
1984-04-16,43.15,43.65
1984-04-17,43.15,43.65
1984-04-18,43.15,43.65
1984-04-19,43.15,43.65
1984-04-20,43.15,43.65
1984-04-21,43.15,43.65
1984-04-22,43.15,43.65
1984-04-23,43.15,43.65
1984-04-24,43.15,43.65
1984-04-25,43.15,43.65
1984-04-26,43.15,43.65
1984-04-27,43.15,43.65
1984-04-28,43.15,43.65
1984-04-29,43.15,43.65
1984-04-30,43.15,43.65
1984-05-01,43.15,43.65
1984-05-02,43.15,43.65
1984-05-03,43.15,43.65
1984-05-04,43.15,43.65
1984-05-05,43.15,43.65
1984-05-06,43.15,43.65
1984-05-07,43.15,43.65
1984-05-08,43.15,43.65
1984-05-09,43.15,43.65
1984-05-10,43.15,43.65
1984-05-11,43.15,43.65
1984-05-12,43.15,43.65
1984-05-13,43.15,43.65
1984-05-14,43.15,43.65
1984-05-15,43.15,43.65
1984-05-16,43.15,43.65
1984-05-17,43.15,43.65
1984-05-18,43.15,43.65
1984-05-19,43.15,43.65
1984-05-20,43.15,43.65
1984-05-21,43.15,43.65
1984-05-22,43.15,43.65
1984-05-23,43.15,43.65
1984-05-24,43.15,43.65
1984-05-25,43.15,43.65
1984-05-26,43.15,43.65
1984-05-27,43.15,43.65
1984-05-28,43.15,43.65
1984-05-29,43.5,44.0
1984-05-30,43.5,44.0
1984-05-31,43.5,44.0
1984-06-01,43.5,44.0
1984-06-02,43.5,44.0
1984-06-03,43.5,44.0
1984-06-04,43.5,44.0
1984-06-05,43.5,44.0
1984-06-06,43.5,44.0
1984-06-07,43.5,44.0
1984-06-08,43.5,44.0
1984-06-09,43.5,44.0
1984-06-10,43.5,44.0
1984-06-11,43.5,44.0
1984-06-12,43.5,44.0
1984-06-13,43.5,44.0
1984-06-14,43.5,44.0
1984-06-15,43.5,44.0
1984-06-16,43.5,44.0
1984-06-17,43.5,44.0
1984-06-18,43.5,44.0
1984-06-19,43.5,44.0
1984-06-20,43.5,44.0
1984-06-21,43.5,44.0
1984-06-22,43.5,44.0
1984-06-23,43.5,44.0
1984-06-24,43.5,44.0
1984-06-25,43.5,44.0
1984-06-26,43.5,44.0
1984-06-27,43.5,44.0
1984-06-28,43.5,44.0
1984-06-29,43.75,44.25
1984-06-30,43.75,44.25
1984-07-01,43.75,44.25
1984-07-02,43.75,44.25
1984-07-03,43.75,44.25
1984-07-04,43.75,44.25
1984-07-05,43.75,44.25
1984-07-06,43.75,44.25
1984-07-07,43.75,44.25
1984-07-08,43.75,44.25
1984-07-09,43.75,44.25
1984-07-10,43.75,44.25
1984-07-11,43.75,44.25
1984-07-12,43.75,44.25
1984-07-13,43.75,44.25
1984-07-14,43.75,44.25
1984-07-15,43.75,44.25
1984-07-16,43.75,44.25
1984-07-17,43.75,44.25
1984-07-18,43.75,44.25
1984-07-19,43.75,44.25
1984-07-20,43.75,44.25
1984-07-21,43.75,44.25
1984-07-22,43.75,44.25
1984-07-23,43.75,44.25
1984-07-24,43.75,44.25
1984-07-25,43.75,44.25
1984-07-26,43.75,44.25
1984-07-27,43.75,44.25
1984-07-28,43.75,44.25
1984-07-29,43.75,44.25
1984-07-30,43.75,44.25
1984-07-31,43.75,44.25
1984-08-01,43.75,44.25
1984-08-02,43.75,44.25
1984-08-03,43.75,44.25
1984-08-04,43.75,44.25
1984-08-05,43.75,44.25
1984-08-06,43.75,44.25
1984-08-07,43.75,44.25
1984-08-08,43.75,44.25
1984-08-09,43.75,44.25
1984-08-10,43.75,44.25
1984-08-11,43.75,44.25
1984-08-12,43.75,44.25
1984-08-13,43.75,44.25
1984-08-14,43.75,44.25
1984-08-15,43.75,44.25
1984-08-16,43.75,44.25
1984-08-17,43.75,44.25
1984-08-18,43.75,44.25
1984-08-19,43.75,44.25
1984-08-20,43.75,44.25
1984-08-21,43.75,44.25
1984-08-22,43.75,44.25
1984-08-23,43.75,44.25
1984-08-24,43.75,44.25
1984-08-25,43.75,44.25
1984-08-26,43.75,44.25
1984-08-27,43.75,44.25
1984-08-28,43.75,44.25
1984-08-29,43.75,44.25
1984-08-30,43.75,44.25
1984-08-31,43.75,44.25
1984-09-01,43.75,44.25
1984-09-02,43.75,44.25
1984-09-03,44.5,45.0
1984-09-04,44.5,45.0
1984-09-05,44.5,45.0
1984-09-06,44.5,45.0
1984-09-07,44.5,45.0
1984-09-08,44.5,45.0
1984-09-09,44.5,45.0
1984-09-10,44.5,45.0
1984-09-11,44.5,45.0
1984-09-12,44.5,45.0
1984-09-13,44.5,45.0
1984-09-14,44.5,45.0
1984-09-15,44.5,45.0
1984-09-16,44.5,45.0
1984-09-17,44.5,45.0
1984-09-18,44.5,45.0
1984-09-19,44.5,45.0
1984-09-20,44.5,45.0
1984-09-21,44.5,45.0
1984-09-22,44.5,45.0
1984-09-23,44.5,45.0
1984-09-24,44.5,45.0
1984-09-25,44.5,45.0
1984-09-26,44.5,45.0
1984-09-27,44.5,45.0
1984-09-28,44.5,45.0
1984-09-29,44.5,45.0
1984-09-30,44.5,45.0
1984-10-01,44.5,45.0
1984-10-02,44.5,45.0
1984-10-03,44.5,45.0
1984-10-04,44.5,45.0
1984-10-05,44.5,45.0
1984-10-06,44.5,45.0
1984-10-07,44.5,45.0
1984-10-08,44.5,45.0
1984-10-09,44.5,45.0
1984-10-10,44.5,45.0
1984-10-11,44.5,45.0
1984-10-12,44.5,45.0
1984-10-13,44.5,45.0
1984-10-14,44.5,45.0
1984-10-15,44.5,45.0
1984-10-16,44.5,45.0
1984-10-17,44.5,45.0
1984-10-18,44.5,45.0
1984-10-19,44.5,45.0
1984-10-20,44.5,45.0
1984-10-21,44.5,45.0
1984-10-22,44.5,45.0
1984-10-23,44.5,45.0
1984-10-24,44.5,45.0
1984-10-25,47.5,48.0
1984-10-26,47.5,48.0
1984-10-27,47.5,48.0
1984-10-28,47.5,48.0
1984-10-29,47.5,48.0
1984-10-30,47.5,48.0
1984-10-31,47.5,48.0
1984-11-01,47.5,48.0
1984-11-02,47.5,48.0
1984-11-03,47.5,48.0
1984-11-04,47.5,48.0
1984-11-05,47.5,48.0
1984-11-06,47.5,48.0
1984-11-07,47.5,48.0
1984-11-08,47.5,48.0
1984-11-09,47.5,48.0
1984-11-10,47.5,48.0
1984-11-11,47.5,48.0
1984-11-12,47.5,48.0
1984-11-13,47.5,48.0
1984-11-14,47.5,48.0
1984-11-15,47.5,48.0
1984-11-16,47.5,48.0
1984-11-17,47.5,48.0
1984-11-18,47.5,48.0
1984-11-19,47.5,48.0
1984-11-20,47.5,48.0
1984-11-21,47.5,48.0
1984-11-22,47.5,48.0
1984-11-23,47.5,48.0
1984-11-24,47.5,48.0
1984-11-25,47.5,48.0
1984-11-26,47.5,48.0
1984-11-27,47.5,48.0
1984-11-28,47.5,48.0
1984-11-29,47.5,48.0
1984-11-30,47.5,48.0
1984-12-01,47.5,48.0
1984-12-02,47.5,48.0
1984-12-03,47.5,48.0
1984-12-04,47.5,48.0
1984-12-05,47.5,48.0
1984-12-06,47.5,48.0
1984-12-07,47.5,48.0
1984-12-08,47.5,48.0
1984-12-09,47.5,48.0
1984-12-10,47.5,48.0
1984-12-11,47.5,48.0
1984-12-12,47.5,48.0
1984-12-13,47.5,48.0
1984-12-14,47.5,48.0
1984-12-15,47.5,48.0
1984-12-16,47.5,48.0
1984-12-17,47.5,48.0
1984-12-18,47.5,48.0
1984-12-19,47.5,48.0
1984-12-20,47.5,48.0
1984-12-21,47.5,48.0
1984-12-22,47.5,48.0
1984-12-23,47.5,48.0
1984-12-24,47.5,48.0
1984-12-25,47.5,48.0
1984-12-26,47.5,48.0
1984-12-27,47.5,48.0
1984-12-28,47.5,48.0
1984-12-29,47.5,48.0
1984-12-30,47.5,48.0
1984-12-31,47.5,47.5
1985-01-01,47.5,48.0
1985-01-02,47.5,48.0
1985-01-03,47.5,48.0
1985-01-04,47.5,48.0
1985-01-05,47.5,48.0
1985-01-06,47.5,48.0
1985-01-07,47.5,48.0
1985-01-08,47.5,48.0
1985-01-09,47.5,48.0
1985-01-10,47.5,48.0
1985-01-11,47.5,48.0
1985-01-12,47.5,48.0
1985-01-13,47.5,48.0
1985-01-14,47.5,48.0
1985-01-15,47.5,48.0
1985-01-16,47.5,48.0
1985-01-17,47.5,48.0
1985-01-18,47.5,48.0
1985-01-19,47.5,48.0
1985-01-20,47.5,48.0
1985-01-21,47.5,48.0
1985-01-22,47.5,48.0
1985-01-23,47.5,48.0
1985-01-24,47.5,48.0
1985-01-25,47.5,48.0
1985-01-26,47.5,48.0
1985-01-27,47.5,48.0
1985-01-28,47.5,48.0
1985-01-29,47.5,48.0
1985-01-30,47.5,48.0
1985-01-31,47.95,48.45
1985-02-01,47.95,48.45
1985-02-02,47.95,48.45
1985-02-03,47.95,48.45
1985-02-04,47.95,48.45
1985-02-05,47.95,48.45
1985-02-06,47.95,48.45
1985-02-07,47.95,48.45
1985-02-08,47.95,48.45
1985-02-09,47.95,48.45
1985-02-10,47.95,48.45
1985-02-11,47.95,48.45
1985-02-12,47.95,48.45
1985-02-13,47.95,48.45
1985-02-14,48.2,48.7
1985-02-15,48.2,48.7
1985-02-16,48.2,48.7
1985-02-17,48.2,48.7
1985-02-18,48.2,48.7
1985-02-19,48.2,48.7
1985-02-20,48.2,48.7
1985-02-21,48.2,48.7
1985-02-22,48.2,48.7
1985-02-23,48.2,48.7
1985-02-24,48.2,48.7
1985-02-25,48.2,48.7
1985-02-26,48.2,48.7
1985-02-27,48.2,48.7
1985-02-28,48.2,48.7
1985-03-01,48.2,48.7
1985-03-02,48.2,48.7
1985-03-03,48.2,48.7
1985-03-04,48.2,48.7
1985-03-05,48.2,48.7
1985-03-06,48.2,48.7
1985-03-07,48.2,48.7
1985-03-08,48.2,48.7
1985-03-09,48.2,48.7
1985-03-10,48.2,48.7
1985-03-11,48.2,48.7
1985-03-12,48.6,49.1
1985-03-13,48.6,49.1
1985-03-14,48.6,49.1
1985-03-15,48.6,49.1
1985-03-16,48.6,49.1
1985-03-17,48.6,49.1
1985-03-18,48.6,49.1
1985-03-19,48.6,49.1
1985-03-20,48.6,49.1
1985-03-21,48.6,49.1
1985-03-22,48.6,49.1
1985-03-23,48.6,49.1
1985-03-24,48.6,49.1
1985-03-25,48.6,49.1
1985-03-26,48.6,49.1
1985-03-27,48.6,49.1
1985-03-28,48.75,49.25
1985-03-29,48.75,49.25
1985-03-30,48.75,49.25
1985-03-31,48.75,49.25
1985-04-01,48.75,49.25
1985-04-02,48.75,49.25
1985-04-03,48.75,49.25
1985-04-04,48.75,49.25
1985-04-05,48.75,49.25
1985-04-06,48.75,49.25
1985-04-07,48.75,49.25
1985-04-08,48.75,49.25
1985-04-09,48.75,49.25
1985-04-10,48.75,49.25
1985-04-11,48.75,49.25
1985-04-12,48.75,49.25
1985-04-13,48.75,49.25
1985-04-14,48.75,49.25
1985-04-15,48.75,49.25
1985-04-16,48.75,49.25
1985-04-17,48.75,49.25
1985-04-18,48.75,49.25
1985-04-19,48.75,49.25
1985-04-20,49.0,49.5
1985-04-21,49.0,49.5
1985-04-22,49.0,49.5
1985-04-23,49.0,49.5
1985-04-24,49.0,49.5
1985-04-25,49.0,49.5
1985-04-26,49.0,49.5
1985-04-27,49.0,49.5
1985-04-28,49.0,49.5
1985-04-29,49.0,49.5
1985-04-30,49.0,49.5
1985-05-01,49.0,49.5
1985-05-02,49.0,49.5
1985-05-03,49.0,49.5
1985-05-04,49.0,49.5
1985-05-05,49.0,49.5
1985-05-06,49.0,49.5
1985-05-07,49.0,49.5
1985-05-08,49.0,49.5
1985-05-09,49.0,49.5
1985-05-10,49.0,49.5
1985-05-11,49.0,49.5
1985-05-12,49.0,49.5
1985-05-13,49.0,49.5
1985-05-14,49.0,49.5
1985-05-15,49.0,49.5
1985-05-16,49.0,49.5
1985-05-17,49.0,49.5
1985-05-18,49.0,49.5
1985-05-19,49.0,49.5
1985-05-20,49.0,49.5
1985-05-21,49.0,49.5
1985-05-22,49.0,49.5
1985-05-23,49.35,49.85
1985-05-24,49.35,49.85
1985-05-25,49.35,49.85
1985-05-26,49.35,49.85
1985-05-27,49.35,49.85
1985-05-28,49.35,49.85
1985-05-29,49.35,49.85
1985-05-30,49.35,49.85
1985-05-31,49.35,49.85
1985-06-01,49.35,49.85
1985-06-02,49.35,49.85
1985-06-03,49.35,49.85
1985-06-04,49.35,49.85
1985-06-05,49.35,49.85
1985-06-06,49.75,50.25
1985-06-07,49.75,50.25
1985-06-08,49.75,50.25
1985-06-09,49.75,50.25
1985-06-10,49.75,50.25
1985-06-11,49.75,50.25
1985-06-12,49.75,50.25
1985-06-13,49.75,50.25
1985-06-14,49.75,50.25
1985-06-15,49.75,50.25
1985-06-16,49.75,50.25
1985-06-17,49.75,50.25
1985-06-18,49.75,50.25
1985-06-19,49.75,50.25
1985-06-20,50.1,50.6
1985-06-21,50.1,50.6
1985-06-22,50.1,50.6
1985-06-23,50.1,50.6
1985-06-24,50.1,50.6
1985-06-25,50.1,50.6
1985-06-26,50.1,50.6
1985-06-27,50.1,50.6
1985-06-28,50.1,50.6
1985-06-29,50.1,50.6
1985-06-30,50.1,50.6
1985-07-01,50.1,50.6
1985-07-02,50.1,50.6
1985-07-03,50.1,50.6
1985-07-04,50.35,50.85
1985-07-05,50.35,50.85
1985-07-06,50.35,50.85
1985-07-07,50.35,50.85
1985-07-08,50.35,50.85
1985-07-09,50.35,50.85
1985-07-10,50.35,50.85
1985-07-11,50.35,50.85
1985-07-12,50.35,50.85
1985-07-13,50.35,50.85
1985-07-14,50.35,50.85
1985-07-15,50.35,50.85
1985-07-16,50.35,50.85
1985-07-17,50.35,50.85
1985-07-18,50.6,51.1
1985-07-19,50.6,51.1
1985-07-20,50.6,51.1
1985-07-21,50.6,51.1
1985-07-22,50.6,51.1
1985-07-23,50.6,51.1
1985-07-24,50.6,51.1
1985-07-25,50.6,51.1
1985-07-26,50.6,51.1
1985-07-27,50.6,51.1
1985-07-28,50.6,51.1
1985-07-29,50.6,51.1
1985-07-30,50.6,51.1
1985-07-31,50.6,51.1
1985-08-01,50.85,51.35
1985-08-02,50.85,51.35
1985-08-03,50.85,51.35
1985-08-04,50.85,51.35
1985-08-05,50.85,51.35
1985-08-06,50.85,51.35
1985-08-07,50.85,51.35
1985-08-08,50.85,51.35
1985-08-09,50.85,51.35
1985-08-10,50.85,51.35
1985-08-11,50.85,51.35
1985-08-12,50.85,51.35
1985-08-13,50.85,51.35
1985-08-14,50.85,51.35
1985-08-15,51.05,51.55
1985-08-16,51.05,51.55
1985-08-17,51.05,51.55
1985-08-18,51.05,51.55
1985-08-19,51.05,51.55
1985-08-20,51.05,51.55
1985-08-21,51.05,51.55
1985-08-22,51.25,51.75
1985-08-23,51.25,51.75
1985-08-24,51.25,51.75
1985-08-25,51.25,51.75
1985-08-26,51.25,51.75
1985-08-27,51.25,51.75
1985-08-28,51.25,51.75
1985-08-29,51.45,51.95
1985-08-30,51.45,51.95
1985-08-31,51.45,51.95
1985-09-01,51.45,51.95
1985-09-02,51.45,51.95
1985-09-03,51.45,51.95
1985-09-04,51.45,51.95
1985-09-05,51.45,51.95
1985-09-06,51.45,51.95
1985-09-07,51.45,51.95
1985-09-08,51.45,51.95
1985-09-09,51.45,51.95
1985-09-10,51.45,51.95
1985-09-11,51.45,51.95
1985-09-12,51.45,51.95
1985-09-13,51.45,51.95
1985-09-14,51.45,51.95
1985-09-15,51.45,51.95
1985-09-16,51.45,51.95
1985-09-17,51.45,51.95
1985-09-18,51.7,52.2
1985-09-19,51.7,52.2
1985-09-20,51.7,52.2
1985-09-21,51.7,52.2
1985-09-22,51.7,52.2
1985-09-23,51.7,52.2
1985-09-24,51.7,52.2
1985-09-25,51.7,52.2
1985-09-26,51.95,52.45
1985-09-27,51.95,52.45
1985-09-28,51.95,52.45
1985-09-29,51.95,52.45
1985-09-30,51.95,52.45
1985-10-01,51.95,52.45
1985-10-02,51.95,52.45
1985-10-03,51.95,52.45
1985-10-04,51.95,52.45
1985-10-05,51.95,52.45
1985-10-06,51.95,52.45
1985-10-07,51.95,52.45
1985-10-08,51.95,52.45
1985-10-09,51.95,52.45
1985-10-10,51.95,52.45
1985-10-11,51.95,52.45
1985-10-12,51.95,52.45
1985-10-13,51.95,52.45
1985-10-14,51.95,52.45
1985-10-15,51.95,52.45
1985-10-16,51.95,52.45
1985-10-17,52.2,52.7
1985-10-18,52.2,52.7
1985-10-19,52.2,52.7
1985-10-20,52.2,52.7
1985-10-21,52.2,52.7
1985-10-22,52.2,52.7
1985-10-23,52.2,52.7
1985-10-24,52.2,52.7
1985-10-25,52.2,52.7
1985-10-26,52.2,52.7
1985-10-27,52.2,52.7
1985-10-28,52.2,52.7
1985-10-29,52.2,52.7
1985-10-30,52.2,52.7
1985-10-31,52.45,52.95
1985-11-01,52.45,52.95
1985-11-02,52.45,52.95
1985-11-03,52.45,52.95
1985-11-04,52.45,52.95
1985-11-05,52.45,52.95
1985-11-06,52.45,52.95
1985-11-07,52.45,52.95
1985-11-08,52.45,52.95
1985-11-09,52.45,52.95
1985-11-10,52.45,52.95
1985-11-11,52.45,52.95
1985-11-12,52.45,52.95
1985-11-13,52.45,52.95
1985-11-14,52.45,52.95
1985-11-15,52.45,52.95
1985-11-16,52.45,52.95
1985-11-17,52.45,52.95
1985-11-18,52.45,52.95
1985-11-19,52.45,52.95
1985-11-20,52.45,52.95
1985-11-21,52.45,52.95
1985-11-22,52.8,53.3
1985-11-23,52.8,53.3
1985-11-24,52.8,53.3
1985-11-25,52.8,53.3
1985-11-26,52.8,53.3
1985-11-27,52.8,53.3
1985-11-28,52.8,53.3
1985-11-29,52.8,53.3
1985-11-30,52.8,53.3
1985-12-01,52.8,53.3
1985-12-02,52.8,53.3
1985-12-03,52.8,53.3
1985-12-04,52.8,53.3
1985-12-05,52.8,53.3
1985-12-06,52.8,53.3
1985-12-07,53.15,53.65
1985-12-08,53.15,53.65
1985-12-09,53.15,53.65
1985-12-10,53.15,53.65
1985-12-11,53.15,53.65
1985-12-12,53.15,53.65
1985-12-13,53.15,53.65
1985-12-14,53.15,53.65
1985-12-15,53.15,53.65
1985-12-16,53.15,53.65
1985-12-17,53.15,53.65
1985-12-18,53.15,53.65
1985-12-19,53.15,53.65
1985-12-20,53.15,53.65
1985-12-21,53.15,53.65
1985-12-22,53.15,53.65
1985-12-23,53.15,53.65
1985-12-24,53.15,53.65
1985-12-25,53.15,53.65
1985-12-26,53.15,53.65
1985-12-27,53.45,53.95
1985-12-28,53.45,53.95
1985-12-29,53.45,53.95
1985-12-30,53.45,53.95
1985-12-31,53.45,53.95
1986-01-01,53.45,53.95
1986-01-02,53.45,53.95
1986-01-03,53.45,53.95
1986-01-04,53.45,53.95
1986-01-05,53.45,53.95
1986-01-06,53.45,53.95
1986-01-07,53.45,53.95
1986-01-08,53.45,53.95
1986-01-09,53.45,53.95
1986-01-10,53.45,53.95
1986-01-11,53.45,53.95
1986-01-12,53.45,53.95
1986-01-13,53.45,53.95
1986-01-14,53.45,53.95
1986-01-15,53.45,53.95
1986-01-16,53.45,53.95
1986-01-17,53.45,53.95
1986-01-18,53.45,53.95
1986-01-19,53.45,53.95
1986-01-20,53.45,53.95
1986-01-21,53.45,53.95
1986-01-22,53.45,53.95
1986-01-23,53.45,53.95
1986-01-24,53.45,53.95
1986-01-25,53.45,53.95
1986-01-26,53.45,53.95
1986-01-27,53.45,53.95
1986-01-28,53.45,53.95
1986-01-29,53.45,53.95
1986-01-30,53.45,53.95
1986-01-31,53.45,53.95
1986-02-01,53.45,53.95
1986-02-02,53.45,53.95
1986-02-03,53.45,53.95
1986-02-04,53.45,53.95
1986-02-05,53.45,53.95
1986-02-06,53.45,53.95
1986-02-07,53.45,53.95
1986-02-08,53.45,53.95
1986-02-09,53.45,53.95
1986-02-10,53.45,53.95
1986-02-11,53.7,54.2
1986-02-12,53.7,54.2
1986-02-13,53.7,54.2
1986-02-14,53.7,54.2
1986-02-15,53.7,54.2
1986-02-16,53.7,54.2
1986-02-17,53.7,54.2
1986-02-18,53.7,54.2
1986-02-19,53.7,54.2
1986-02-20,53.7,54.2
1986-02-21,53.7,54.2
1986-02-22,53.7,54.2
1986-02-23,53.7,54.2
1986-02-24,53.7,54.2
1986-02-25,53.7,54.2
1986-02-26,53.7,54.2
1986-02-27,53.95,54.7
1986-02-28,53.95,54.7
1986-03-01,53.95,54.7
1986-03-02,53.95,54.7
1986-03-03,53.95,54.7
1986-03-04,53.95,54.7
1986-03-05,53.95,54.7
1986-03-06,53.95,54.7
1986-03-07,53.95,54.7
1986-03-08,53.95,54.7
1986-03-09,53.95,54.7
1986-03-10,53.95,54.7
1986-03-11,53.95,54.7
1986-03-12,53.95,54.7
1986-03-13,53.95,54.7
1986-03-14,53.95,54.7
1986-03-15,53.95,54.7
1986-03-16,53.95,54.7
1986-03-17,53.95,54.7
1986-03-18,53.95,54.7
1986-03-19,54.2,54.95
1986-03-20,54.2,54.95
1986-03-21,54.2,54.95
1986-03-22,54.2,54.95
1986-03-23,54.2,54.95
1986-03-24,54.2,54.95
1986-03-25,54.2,54.95
1986-03-26,54.2,54.95
1986-03-27,54.2,54.95
1986-03-28,54.2,54.95
1986-03-29,54.2,54.95
1986-03-30,54.2,54.95
1986-03-31,54.2,54.95
1986-04-01,54.2,54.95
1986-04-02,54.2,54.95
1986-04-03,54.5,55.25
1986-04-04,54.5,55.25
1986-04-05,54.5,55.25
1986-04-06,54.5,55.25
1986-04-07,54.5,55.25
1986-04-08,54.5,55.25
1986-04-09,54.5,55.25
1986-04-10,54.5,55.25
1986-04-11,54.5,55.25
1986-04-12,54.5,55.25
1986-04-13,54.5,55.25
1986-04-14,54.5,55.25
1986-04-15,54.5,55.25
1986-04-16,54.5,55.25
1986-04-17,54.5,55.25
1986-04-18,54.5,55.25
1986-04-19,54.5,55.25
1986-04-20,54.5,55.25
1986-04-21,54.5,55.25
1986-04-22,54.5,55.25
1986-04-23,54.5,55.25
1986-04-24,54.5,55.25
1986-04-25,54.5,55.25
1986-04-26,54.5,55.25
1986-04-27,54.5,55.25
1986-04-28,54.5,55.25
1986-04-29,54.5,55.25
1986-04-30,54.5,55.25
1986-05-01,54.75,55.25
1986-05-02,54.75,55.25
1986-05-03,54.75,55.25
1986-05-04,54.75,55.25
1986-05-05,54.75,55.25
1986-05-06,54.75,55.25
1986-05-07,54.75,55.25
1986-05-08,54.75,55.25
1986-05-09,54.75,55.25
1986-05-10,54.75,55.5
1986-05-11,54.75,55.5
1986-05-12,54.75,55.5
1986-05-13,54.75,55.5
1986-05-14,54.75,55.5
1986-05-15,54.75,55.5
1986-05-16,54.75,55.5
1986-05-17,54.75,55.5
1986-05-18,54.75,55.5
1986-05-19,54.75,55.5
1986-05-20,55.1,55.85
1986-05-21,55.1,55.85
1986-05-22,55.1,55.85
1986-05-23,55.1,55.85
1986-05-24,55.1,55.85
1986-05-25,55.1,55.85
1986-05-26,55.1,55.85
1986-05-27,55.1,55.85
1986-05-28,55.1,55.85
1986-05-29,55.1,55.85
1986-05-30,55.1,55.85
1986-05-31,55.1,55.85
1986-06-01,55.1,55.85
1986-06-02,55.1,55.85
1986-06-03,55.1,55.85
1986-06-04,55.1,55.85
1986-06-05,55.1,55.85
1986-06-06,55.1,55.85
1986-06-07,55.1,55.85
1986-06-08,55.1,55.85
1986-06-09,55.1,55.85
1986-06-10,55.1,55.85
1986-06-11,55.1,55.85
1986-06-12,55.45,56.2
1986-06-13,55.45,56.2
1986-06-14,55.45,56.2
1986-06-15,55.45,56.2
1986-06-16,55.45,56.2
1986-06-17,55.45,56.2
1986-06-18,55.45,56.2
1986-06-19,55.45,56.2
1986-06-20,55.45,56.2
1986-06-21,55.45,56.2
1986-06-22,55.45,56.2
1986-06-23,55.45,56.2
1986-06-24,55.45,56.2
1986-06-25,55.7,56.45
1986-06-26,55.7,56.45
1986-06-27,55.7,56.45
1986-06-28,55.7,56.45
1986-06-29,55.7,56.45
1986-06-30,55.7,56.45
1986-07-01,55.7,56.45
1986-07-02,55.7,56.45
1986-07-03,55.7,56.45
1986-07-04,55.7,56.45
1986-07-05,55.7,56.45
1986-07-06,55.7,56.45
1986-07-07,55.7,56.45
1986-07-08,55.7,56.45
1986-07-09,55.7,56.45
1986-07-10,55.7,56.45
1986-07-11,55.7,56.45
1986-07-12,55.7,56.45
1986-07-13,55.7,56.45
1986-07-14,55.7,56.45
1986-07-15,55.7,56.45
1986-07-16,55.7,56.45
1986-07-17,56.0,56.65
1986-07-18,56.0,56.65
1986-07-19,56.0,56.65
1986-07-20,56.0,56.65
1986-07-21,56.0,56.65
1986-07-22,56.0,56.65
1986-07-23,56.0,56.65
1986-07-24,56.0,56.65
1986-07-25,56.0,56.65
1986-07-26,56.0,56.65
1986-07-27,56.0,56.65
1986-07-28,56.0,56.65
1986-07-29,56.0,56.65
1986-07-30,56.0,56.65
1986-07-31,56.0,56.65
1986-08-01,56.0,56.65
1986-08-02,56.0,56.65
1986-08-03,56.0,56.65
1986-08-04,56.0,56.65
1986-08-05,56.0,56.65
1986-08-06,56.0,56.65
1986-08-07,56.0,56.65
1986-08-08,56.0,56.65
1986-08-09,56.0,56.65
1986-08-10,56.0,56.65
1986-08-11,56.0,56.65
1986-08-12,56.0,56.65
1986-08-13,56.0,56.65
1986-08-14,56.3,57.05
1986-08-15,56.3,57.05
1986-08-16,56.3,57.05
1986-08-17,56.3,57.05
1986-08-18,56.3,57.05
1986-08-19,56.3,57.05
1986-08-20,56.3,57.05
1986-08-21,56.3,57.05
1986-08-22,56.3,57.05
1986-08-23,56.3,57.05
1986-08-24,56.3,57.05
1986-08-25,56.3,57.05
1986-08-26,56.3,57.05
1986-08-27,56.3,57.05
1986-08-28,56.3,57.05
1986-08-29,56.3,57.05
1986-08-30,56.3,57.05
1986-08-31,56.3,57.05
1986-09-01,56.3,57.05
1986-09-02,56.3,57.05
1986-09-03,56.3,57.05
1986-09-04,56.65,57.4
1986-09-05,56.65,57.4
1986-09-06,56.65,57.4
1986-09-07,56.65,57.4
1986-09-08,56.65,57.4
1986-09-09,56.65,57.4
1986-09-10,56.65,57.4
1986-09-11,56.65,57.4
1986-09-12,56.65,57.4
1986-09-13,56.65,57.4
1986-09-14,56.65,57.4
1986-09-15,56.65,57.4
1986-09-16,56.65,57.4
1986-09-17,56.65,57.4
1986-09-18,56.9,57.65
1986-09-19,56.9,57.65
1986-09-20,56.9,57.65
1986-09-21,56.9,57.65
1986-09-22,56.9,57.65
1986-09-23,56.9,57.65
1986-09-24,56.9,57.65
1986-09-25,56.9,57.65
1986-09-26,56.9,57.65
1986-09-27,56.9,57.65
1986-09-28,56.9,57.65
1986-09-29,56.9,57.65
1986-09-30,56.9,57.65
1986-10-01,56.9,57.65
1986-10-02,56.9,57.65
1986-10-03,56.9,57.65
1986-10-04,56.9,57.65
1986-10-05,56.9,57.65
1986-10-06,56.9,57.65
1986-10-07,56.9,57.65
1986-10-08,56.9,57.65
1986-10-09,57.2,57.95
1986-10-10,57.2,57.95
1986-10-11,57.2,57.95
1986-10-12,57.2,57.95
1986-10-13,57.2,57.95
1986-10-14,57.2,57.95
1986-10-15,57.2,57.95
1986-10-16,57.2,57.95
1986-10-17,57.2,57.95
1986-10-18,57.2,57.95
1986-10-19,57.2,57.95
1986-10-20,57.2,57.95
1986-10-21,57.2,57.95
1986-10-22,57.2,57.95
1986-10-23,57.2,57.95
1986-10-24,57.2,57.95
1986-10-25,57.2,57.95
1986-10-26,57.2,57.95
1986-10-27,57.2,57.95
1986-10-28,57.2,57.95
1986-10-29,57.2,57.95
1986-10-30,57.2,57.95
1986-10-31,57.2,57.95
1986-11-01,57.2,57.95
1986-11-02,57.2,57.95
1986-11-03,57.2,57.95
1986-11-04,57.2,57.95
1986-11-05,57.2,57.95
1986-11-06,57.55,58.3
1986-11-07,57.55,58.3
1986-11-08,57.55,58.3
1986-11-09,57.55,58.3
1986-11-10,57.55,58.3
1986-11-11,57.55,58.3
1986-11-12,57.55,58.3
1986-11-13,57.55,58.3
1986-11-14,57.55,58.3
1986-11-15,57.55,58.3
1986-11-16,57.55,58.3
1986-11-17,57.55,58.3
1986-11-18,57.55,58.3
1986-11-19,57.55,58.3
1986-11-20,58.0,58.65
1986-11-21,58.0,58.65
1986-11-22,58.0,58.65
1986-11-23,58.0,58.65
1986-11-24,58.0,58.65
1986-11-25,58.0,58.65
1986-11-26,58.0,58.65
1986-11-27,58.0,58.65
1986-11-28,58.0,58.65
1986-11-29,58.0,58.65
1986-11-30,58.0,58.65
1986-12-01,58.0,58.65
1986-12-02,58.0,58.65
1986-12-03,58.15,58.9
1986-12-04,58.15,58.9
1986-12-05,58.15,58.9
1986-12-06,58.15,58.9
1986-12-07,58.15,58.9
1986-12-08,58.15,58.9
1986-12-09,58.15,58.9
1986-12-10,58.15,58.9
1986-12-11,58.15,58.9
1986-12-12,58.15,58.9
1986-12-13,58.15,58.9
1986-12-14,58.15,58.9
1986-12-15,58.15,58.9
1986-12-16,58.15,58.9
1986-12-17,58.15,58.9
1986-12-18,58.15,58.9
1986-12-19,58.15,58.9
1986-12-20,58.15,58.9
1986-12-21,58.15,58.9
1986-12-22,58.15,58.9
1986-12-23,58.15,58.9
1986-12-24,58.5,59.25
1986-12-25,58.5,59.25
1986-12-26,58.5,59.25
1986-12-27,58.5,59.25
1986-12-28,58.5,59.25
1986-12-29,58.5,59.25
1986-12-30,58.5,59.25
1986-12-31,58.5,59.25
1987-01-01,58.5,59.25
1987-01-02,58.5,59.25
1987-01-03,58.5,59.25
1987-01-04,58.5,59.25
1987-01-05,58.5,59.25
1987-01-06,58.5,59.25
1987-01-07,58.5,59.25
1987-01-08,58.5,59.25
1987-01-09,58.5,59.25
1987-01-10,58.5,59.25
1987-01-11,58.5,59.25
1987-01-12,58.5,59.25
1987-01-13,58.5,59.25
1987-01-14,58.5,59.25
1987-01-15,58.5,59.25
1987-01-16,58.5,59.25
1987-01-17,58.5,59.25
1987-01-18,58.5,59.25
1987-01-19,58.5,59.25
1987-01-20,58.5,59.25
1987-01-21,58.5,59.25
1987-01-22,58.8,59.55
1987-01-23,58.8,59.55
1987-01-24,58.8,59.55
1987-01-25,58.8,59.55
1987-01-26,58.8,59.55
1987-01-27,58.8,59.55
1987-01-28,58.8,59.55
1987-01-29,58.8,59.55
1987-01-30,58.8,59.55
1987-01-31,58.8,59.55
1987-02-01,58.8,59.55
1987-02-02,58.8,59.55
1987-02-03,58.8,59.55
1987-02-04,58.8,59.55
1987-02-05,58.8,59.55
1987-02-06,58.8,59.55
1987-02-07,58.8,59.55
1987-02-08,58.8,59.55
1987-02-09,58.8,59.55
1987-02-10,58.8,59.55
1987-02-11,58.8,59.55
1987-02-12,59.1,59.85
1987-02-13,59.1,59.85
1987-02-14,59.1,59.85
1987-02-15,59.1,59.85
1987-02-16,59.1,59.85
1987-02-17,59.1,59.85
1987-02-18,59.1,59.85
1987-02-19,59.1,59.85
1987-02-20,59.1,59.85
1987-02-21,59.1,59.85
1987-02-22,59.1,59.85
1987-02-23,59.1,59.85
1987-02-24,59.1,59.85
1987-02-25,59.35,60.1
1987-02-26,59.35,60.1
1987-02-27,59.35,60.1
1987-02-28,59.35,60.1
1987-03-01,59.35,60.1
1987-03-02,59.35,60.1
1987-03-03,59.35,60.1
1987-03-04,59.35,60.1
1987-03-05,59.35,60.1
1987-03-06,59.35,60.1
1987-03-07,59.35,60.1
1987-03-08,59.35,60.1
1987-03-09,59.35,60.1
1987-03-10,59.35,60.1
1987-03-11,59.35,60.1
1987-03-12,59.35,60.1
1987-03-13,59.35,60.1
1987-03-14,59.35,60.1
1987-03-15,59.35,60.1
1987-03-16,59.35,60.1
1987-03-17,59.35,60.1
1987-03-18,59.35,60.1
1987-03-19,59.75,60.5
1987-03-20,59.75,60.5
1987-03-21,59.75,60.5
1987-03-22,59.75,60.5
1987-03-23,59.75,60.5
1987-03-24,59.75,60.5
1987-03-25,59.75,60.5
1987-03-26,59.75,60.5
1987-03-27,59.75,60.5
1987-03-28,59.75,60.5
1987-03-29,59.75,60.5
1987-03-30,59.75,60.5
1987-03-31,59.75,60.5
1987-04-01,59.75,60.5
1987-04-02,60.15,60.9
1987-04-03,60.15,60.9
1987-04-04,60.15,60.9
1987-04-05,60.15,60.9
1987-04-06,60.15,60.9
1987-04-07,60.15,60.9
1987-04-08,60.15,60.9
1987-04-09,60.15,60.9
1987-04-10,60.15,60.9
1987-04-11,60.15,60.9
1987-04-12,60.15,60.9
1987-04-13,60.15,60.9
1987-04-14,60.15,60.9
1987-04-15,60.5,61.25
1987-04-16,60.5,61.25
1987-04-17,60.5,61.25
1987-04-18,60.5,61.25
1987-04-19,60.5,61.25
1987-04-20,60.5,61.25
1987-04-21,60.5,61.25
1987-04-22,60.5,61.25
1987-04-23,60.5,61.25
1987-04-24,60.5,61.25
1987-04-25,60.5,61.25
1987-04-26,60.5,61.25
1987-04-27,60.5,61.25
1987-04-28,60.5,61.25
1987-04-29,60.5,61.25
1987-04-30,60.5,61.25
1987-05-01,60.5,61.25
1987-05-02,60.5,61.25
1987-05-03,60.5,61.25
1987-05-04,60.5,61.25
1987-05-05,60.5,61.25
1987-05-06,60.5,61.25
1987-05-07,60.95,61.7
1987-05-08,60.95,61.7
1987-05-09,60.95,61.7
1987-05-10,60.95,61.7
1987-05-11,60.95,61.7
1987-05-12,60.95,61.7
1987-05-13,60.95,61.7
1987-05-14,60.95,61.7
1987-05-15,60.95,61.7
1987-05-16,60.95,61.7
1987-05-17,60.95,61.7
1987-05-18,60.95,61.7
1987-05-19,60.95,61.7
1987-05-20,60.95,61.7
1987-05-21,60.95,61.7
1987-05-22,60.95,61.7
1987-05-23,60.95,61.7
1987-05-24,60.95,61.7
1987-05-25,60.95,61.7
1987-05-26,60.95,61.7
1987-05-27,60.95,61.7
1987-05-28,61.3,62.05
1987-05-29,61.3,62.05
1987-05-30,61.3,62.05
1987-05-31,61.3,62.05
1987-06-01,61.3,62.05
1987-06-02,61.3,62.05
1987-06-03,61.3,62.05
1987-06-04,61.3,62.05
1987-06-05,61.3,62.05
1987-06-06,61.3,62.05
1987-06-07,61.3,62.05
1987-06-08,61.3,62.05
1987-06-09,61.3,62.05
1987-06-10,61.3,62.05
1987-06-11,61.75,62.5
1987-06-12,61.75,62.5
1987-06-13,61.75,62.5
1987-06-14,61.75,62.5
1987-06-15,61.75,62.5
1987-06-16,61.75,62.5
1987-06-17,61.75,62.5
1987-06-18,61.75,62.5
1987-06-19,61.75,62.5
1987-06-20,61.75,62.5
1987-06-21,61.75,62.5
1987-06-22,61.75,62.5
1987-06-23,61.75,62.5
1987-06-24,61.75,62.5
1987-06-25,62.0,62.75
1987-06-26,62.0,62.75
1987-06-27,62.0,62.75
1987-06-28,62.0,62.75
1987-06-29,62.0,62.75
1987-06-30,62.0,62.75
1987-07-01,62.0,62.75
1987-07-02,62.0,62.75
1987-07-03,62.0,62.75
1987-07-04,62.0,62.75
1987-07-05,62.0,62.75
1987-07-06,62.0,62.75
1987-07-07,62.0,62.75
1987-07-08,62.0,62.75
1987-07-09,62.25,63.0
1987-07-10,62.25,63.0
1987-07-11,62.25,63.0
1987-07-12,62.25,63.0
1987-07-13,62.25,63.0
1987-07-14,62.25,63.0
1987-07-15,62.25,63.0
1987-07-16,62.25,63.0
1987-07-17,62.25,63.0
1987-07-18,62.25,63.0
1987-07-19,62.25,63.0
1987-07-20,62.25,63.0
1987-07-21,62.25,63.0
1987-07-22,62.25,63.0
1987-07-23,62.25,63.0
1987-07-24,62.25,63.0
1987-07-25,62.25,63.0
1987-07-26,62.25,63.0
1987-07-27,62.25,63.0
1987-07-28,62.6,63.35
1987-07-29,62.6,63.35
1987-07-30,62.6,63.35
1987-07-31,62.6,63.35
1987-08-01,62.6,63.35
1987-08-02,62.6,63.35
1987-08-03,62.6,63.35
1987-08-04,62.6,63.35
1987-08-05,62.6,63.35
1987-08-06,62.6,63.35
1987-08-07,62.6,63.35
1987-08-08,62.6,63.35
1987-08-09,62.6,63.35
1987-08-10,62.6,63.35
1987-08-11,62.6,63.35
1987-08-12,62.6,63.35
1987-08-13,63.0,63.75
1987-08-14,63.0,63.75
1987-08-15,63.0,63.75
1987-08-16,63.0,63.75
1987-08-17,63.0,63.75
1987-08-18,63.0,63.75
1987-08-19,63.0,63.75
1987-08-20,63.0,63.75
1987-08-21,63.0,63.75
1987-08-22,63.0,63.75
1987-08-23,63.0,63.75
1987-08-24,63.0,63.75
1987-08-25,63.0,63.75
1987-08-26,63.0,63.75
1987-08-27,63.35,64.1
1987-08-28,63.35,64.1
1987-08-29,63.35,64.1
1987-08-30,63.35,64.1
1987-08-31,63.35,64.1
1987-09-01,63.35,64.1
1987-09-02,63.35,64.1
1987-09-03,63.35,64.35
1987-09-04,63.35,64.35
1987-09-05,63.35,64.35
1987-09-06,63.35,64.35
1987-09-07,63.35,64.35
1987-09-08,63.35,64.35
1987-09-09,63.35,64.35
1987-09-10,63.85,64.85
1987-09-11,63.85,64.85
1987-09-12,63.85,64.85
1987-09-13,63.85,64.85
1987-09-14,63.85,64.85
1987-09-15,63.85,64.85
1987-09-16,63.85,64.85
1987-09-17,63.85,64.85
1987-09-18,63.85,64.85
1987-09-19,63.85,64.85
1987-09-20,63.85,64.85
1987-09-21,63.85,64.85
1987-09-22,63.85,64.85
1987-09-23,63.85,64.85
1987-09-24,64.35,65.35
1987-09-25,64.35,65.35
1987-09-26,64.35,65.35
1987-09-27,64.35,65.35
1987-09-28,64.35,65.35
1987-09-29,64.35,65.35
1987-09-30,64.35,65.35
1987-10-01,64.35,65.35
1987-10-02,64.35,65.35
1987-10-03,64.35,65.35
1987-10-04,64.35,65.35
1987-10-05,64.35,65.35
1987-10-06,64.35,65.35
1987-10-07,64.35,65.35
1987-10-08,64.85,65.85
1987-10-09,64.85,65.85
1987-10-10,64.85,65.85
1987-10-11,64.85,65.85
1987-10-12,64.85,65.85
1987-10-13,64.85,65.85
1987-10-14,64.85,65.85
1987-10-15,65.35,66.35
1987-10-16,65.35,66.35
1987-10-17,65.35,66.35
1987-10-18,65.35,66.35
1987-10-19,65.35,66.35
1987-10-20,65.35,66.35
1987-10-21,65.35,66.35
1987-10-22,65.35,66.35
1987-10-23,65.35,66.35
1987-10-24,65.35,66.35
1987-10-25,65.35,66.35
1987-10-26,65.35,66.35
1987-10-27,65.35,66.35
1987-10-28,65.75,66.75
1987-10-29,65.75,66.75
1987-10-30,65.75,66.75
1987-10-31,65.75,66.75
1987-11-01,65.75,66.75
1987-11-02,65.75,66.75
1987-11-03,65.75,66.75
1987-11-04,65.75,66.75
1987-11-05,66.25,67.25
1987-11-06,66.25,67.25
1987-11-07,66.25,67.25
1987-11-08,66.25,67.25
1987-11-09,66.25,67.25
1987-11-10,66.25,67.25
1987-11-11,66.25,67.25
1987-11-12,66.25,67.25
1987-11-13,66.25,67.25
1987-11-14,66.25,67.25
1987-11-15,66.25,67.25
1987-11-16,66.25,67.25
1987-11-17,66.25,67.25
1987-11-18,66.25,67.25
1987-11-19,66.75,67.75
1987-11-20,66.75,67.75
1987-11-21,66.75,67.75
1987-11-22,66.75,67.75
1987-11-23,66.75,67.75
1987-11-24,66.75,67.75
1987-11-25,66.75,67.75
1987-11-26,66.75,67.75
1987-11-27,66.75,67.75
1987-11-28,66.75,67.75
1987-11-29,66.75,67.75
1987-11-30,66.75,67.75
1987-12-01,67.25,68.25
1987-12-02,67.25,68.25
1987-12-03,67.25,68.25
1987-12-04,67.25,68.25
1987-12-05,67.25,68.25
1987-12-06,67.25,68.25
1987-12-07,67.25,68.25
1987-12-08,67.25,68.25
1987-12-09,67.25,68.25
1987-12-10,67.75,68.75
1987-12-11,67.75,68.75
1987-12-12,67.75,68.75
1987-12-13,67.75,68.75
1987-12-14,67.75,68.75
1987-12-15,67.75,68.75
1987-12-16,67.75,68.75
1987-12-17,67.75,68.75
1987-12-18,68.25,69.25
1987-12-19,68.25,69.25
1987-12-20,68.25,69.25
1987-12-21,68.25,69.25
1987-12-22,68.25,69.25
1987-12-23,68.25,69.25
1987-12-24,68.75,69.75
1987-12-25,68.75,69.75
1987-12-26,68.75,69.75
1987-12-27,68.75,69.75
1987-12-28,68.75,69.75
1987-12-29,68.75,69.75
1987-12-30,68.75,69.75
1987-12-31,68.75,69.75
1988-01-01,68.75,69.75
1988-01-02,68.75,69.75
1988-01-03,68.75,69.75
1988-01-04,68.75,69.75
1988-01-05,68.75,69.75
1988-01-06,68.75,69.75
1988-01-07,68.75,69.75
1988-01-08,68.75,69.75
1988-01-09,68.75,69.75
1988-01-10,68.75,69.75
1988-01-11,68.75,69.75
1988-01-12,68.75,69.75
1988-01-13,68.75,69.75
1988-01-14,68.75,69.75
1988-01-15,68.75,69.75
1988-01-16,68.75,69.75
1988-01-17,68.75,69.75
1988-01-18,72.95,73.95
1988-01-19,72.95,73.95
1988-01-20,72.95,73.95
1988-01-21,72.95,73.95
1988-01-22,72.95,73.95
1988-01-23,72.95,73.95
1988-01-24,72.95,73.95
1988-01-25,72.95,73.95
1988-01-26,72.95,73.95
1988-01-27,72.95,73.95
1988-01-28,72.95,73.95
1988-01-29,72.95,73.95
1988-01-30,72.95,73.95
1988-01-31,72.95,73.95
1988-02-01,72.95,73.95
1988-02-02,72.95,73.95
1988-02-03,72.95,73.95
1988-02-04,72.95,73.95
1988-02-05,72.95,73.95
1988-02-06,72.95,73.95
1988-02-07,72.95,73.95
1988-02-08,72.95,73.95
1988-02-09,72.95,73.95
1988-02-10,72.95,73.95
1988-02-11,72.95,73.95
1988-02-12,72.95,73.95
1988-02-13,72.95,73.95
1988-02-14,72.95,73.95
1988-02-15,72.95,73.95
1988-02-16,72.95,73.95
1988-02-17,72.95,73.95
1988-02-18,72.95,73.95
1988-02-19,72.95,73.95
1988-02-20,72.95,73.95
1988-02-21,72.95,73.95
1988-02-22,72.95,73.95
1988-02-23,72.95,73.95
1988-02-24,72.95,73.95
1988-02-25,73.2,74.2
1988-02-26,73.2,74.2
1988-02-27,73.2,74.2
1988-02-28,73.2,74.2
1988-02-29,73.2,74.2
1988-03-01,73.2,74.2
1988-03-02,73.2,74.2
1988-03-03,73.2,74.2
1988-03-04,73.2,74.2
1988-03-05,73.2,74.2
1988-03-06,73.2,74.2
1988-03-07,73.2,74.2
1988-03-08,73.2,74.2
1988-03-09,73.2,74.2
1988-03-10,73.2,74.2
1988-03-11,73.2,74.2
1988-03-12,73.2,74.2
1988-03-13,73.2,74.2
1988-03-14,73.2,74.2
1988-03-15,73.2,74.2
1988-03-16,73.2,74.2
1988-03-17,73.2,74.2
1988-03-18,73.2,74.2
1988-03-19,73.2,74.2
1988-03-20,73.2,74.2
1988-03-21,73.2,74.2
1988-03-22,73.2,74.2
1988-03-23,73.2,74.2
1988-03-24,73.2,74.2
1988-03-25,73.2,74.2
1988-03-26,73.2,74.2
1988-03-27,73.2,74.2
1988-03-28,73.2,74.2
1988-03-29,73.2,74.2
1988-03-30,73.5,74.5
1988-03-31,73.5,74.5
1988-04-01,73.5,74.5
1988-04-02,73.5,74.5
1988-04-03,73.5,74.5
1988-04-04,73.5,74.5
1988-04-05,73.5,74.5
1988-04-06,73.5,74.5
1988-04-07,73.5,74.5
1988-04-08,73.5,74.5
1988-04-09,73.5,74.5
1988-04-10,73.5,74.5
1988-04-11,73.5,74.5
1988-04-12,73.5,74.5
1988-04-13,73.5,74.5
1988-04-14,73.75,74.75
1988-04-15,73.75,74.75
1988-04-16,73.75,74.75
1988-04-17,73.75,74.75
1988-04-18,73.75,74.75
1988-04-19,73.75,74.75
1988-04-20,73.75,74.75
1988-04-21,73.75,74.75
1988-04-22,73.75,74.75
1988-04-23,73.75,74.75
1988-04-24,73.75,74.75
1988-04-25,73.75,74.75
1988-04-26,73.75,74.75
1988-04-27,74.05,75.05
1988-04-28,74.05,75.05
1988-04-29,74.05,75.05
1988-04-30,74.05,75.05
1988-05-01,74.05,75.05
1988-05-02,74.05,75.05
1988-05-03,74.05,75.05
1988-05-04,74.05,75.05
1988-05-05,74.05,75.05
1988-05-06,74.05,75.05
1988-05-07,74.05,75.05
1988-05-08,74.05,75.05
1988-05-09,74.05,75.05
1988-05-10,74.05,75.05
1988-05-11,74.05,75.05
1988-05-12,74.4,75.4
1988-05-13,74.4,75.4
1988-05-14,74.4,75.4
1988-05-15,74.4,75.4
1988-05-16,74.4,75.4
1988-05-17,74.4,75.4
1988-05-18,74.4,75.4
1988-05-19,74.4,75.4
1988-05-20,74.4,75.4
1988-05-21,74.4,75.4
1988-05-22,74.4,75.4
1988-05-23,74.4,75.4
1988-05-24,74.4,75.4
1988-05-25,74.4,75.4
1988-05-26,74.75,75.75
1988-05-27,74.75,75.75
1988-05-28,74.75,75.75
1988-05-29,74.75,75.75
1988-05-30,74.75,75.75
1988-05-31,74.75,75.75
1988-06-01,74.75,75.75
1988-06-02,74.75,75.75
1988-06-03,74.75,75.75
1988-06-04,74.75,75.75
1988-06-05,74.75,75.75
1988-06-06,74.75,75.75
1988-06-07,74.75,75.75
1988-06-08,75.1,76.1
1988-06-09,75.1,76.1
1988-06-10,75.1,76.1
1988-06-11,75.1,76.1
1988-06-12,75.1,76.1
1988-06-13,75.1,76.1
1988-06-14,75.1,76.1
1988-06-15,75.1,76.1
1988-06-16,75.1,76.1
1988-06-17,75.1,76.1
1988-06-18,75.1,76.1
1988-06-19,75.1,76.1
1988-06-20,75.1,76.1
1988-06-21,75.1,76.1
1988-06-22,75.1,76.1
1988-06-23,75.1,76.1
1988-06-24,75.1,76.1
1988-06-25,75.45,76.45
1988-06-26,75.45,76.45
1988-06-27,75.45,76.45
1988-06-28,75.45,76.45
1988-06-29,75.45,76.45
1988-06-30,75.45,76.45
1988-07-01,75.45,76.45
1988-07-02,75.45,76.45
1988-07-03,75.45,76.45
1988-07-04,75.45,76.45
1988-07-05,75.45,76.45
1988-07-06,75.45,76.45
1988-07-07,75.45,76.45
1988-07-08,75.45,76.45
1988-07-09,75.45,76.45
1988-07-10,75.45,76.45
1988-07-11,75.45,76.45
1988-07-12,75.45,76.45
1988-07-13,75.45,76.45
1988-07-14,75.8,76.8
1988-07-15,75.8,76.8
1988-07-16,75.8,76.8
1988-07-17,75.8,76.8
1988-07-18,75.8,76.8
1988-07-19,75.8,76.8
1988-07-20,75.8,76.8
1988-07-21,75.8,76.8
1988-07-22,75.8,76.8
1988-07-23,75.8,76.8
1988-07-24,75.8,76.8
1988-07-25,75.8,76.8
1988-07-26,75.8,76.8
1988-07-27,75.8,76.8
1988-07-28,75.8,76.8
1988-07-29,76.1,77.1
1988-07-30,76.1,77.1
1988-07-31,76.1,77.1
1988-08-01,76.1,77.1
1988-08-02,76.1,77.1
1988-08-03,76.1,77.1
1988-08-04,76.1,77.1
1988-08-05,76.1,77.1
1988-08-06,76.1,77.1
1988-08-07,76.1,77.1
1988-08-08,76.1,77.1
1988-08-09,76.1,77.1
1988-08-10,76.1,77.1
1988-08-11,76.1,77.1
1988-08-12,76.1,77.1
1988-08-13,76.1,77.1
1988-08-14,76.1,77.1
1988-08-15,76.1,77.1
1988-08-16,76.1,77.1
1988-08-17,76.1,77.1
1988-08-18,76.45,77.45
1988-08-19,76.45,77.45
1988-08-20,76.45,77.45
1988-08-21,76.45,77.45
1988-08-22,76.45,77.45
1988-08-23,76.45,77.45
1988-08-24,76.45,77.45
1988-08-25,76.45,77.45
1988-08-26,76.45,77.45
1988-08-27,76.45,77.45
1988-08-28,76.45,77.45
1988-08-29,76.45,77.45
1988-08-30,76.45,77.45
1988-08-31,76.45,77.45
1988-09-01,76.75,77.75
1988-09-02,76.75,77.75
1988-09-03,76.75,77.75
1988-09-04,76.75,77.75
1988-09-05,76.75,77.75
1988-09-06,76.75,77.75
1988-09-07,76.75,77.75
1988-09-08,76.75,77.75
1988-09-09,76.75,77.75
1988-09-10,76.75,77.75
1988-09-11,76.75,77.75
1988-09-12,76.75,77.75
1988-09-13,76.75,77.75
1988-09-14,76.75,77.75
1988-09-15,77.1,78.1
1988-09-16,77.1,78.1
1988-09-17,77.1,78.1
1988-09-18,77.1,78.1
1988-09-19,77.1,78.1
1988-09-20,77.1,78.1
1988-09-21,77.1,78.1
1988-09-22,77.1,78.1
1988-09-23,77.1,78.1
1988-09-24,77.1,78.1
1988-09-25,77.1,78.1
1988-09-26,77.1,78.1
1988-09-27,77.1,78.1
1988-09-28,77.1,78.1
1988-09-29,77.4,78.47
1988-09-30,77.4,78.47
1988-10-01,77.4,78.47
1988-10-02,77.4,78.47
1988-10-03,77.4,78.47
1988-10-04,77.4,78.47
1988-10-05,77.4,78.47
1988-10-06,77.4,78.47
1988-10-07,77.4,78.47
1988-10-08,77.4,78.47
1988-10-09,77.4,78.47
1988-10-10,77.4,78.47
1988-10-11,77.4,78.47
1988-10-12,77.7,78.7
1988-10-13,77.7,78.7
1988-10-14,77.7,78.7
1988-10-15,77.7,78.7
1988-10-16,77.7,78.7
1988-10-17,77.7,78.7
1988-10-18,77.7,78.7
1988-10-19,77.7,78.7
1988-10-20,77.7,78.7
1988-10-21,77.7,78.7
1988-10-22,77.7,78.7
1988-10-23,77.7,78.7
1988-10-24,77.7,78.7
1988-10-25,77.7,78.7
1988-10-26,77.7,78.7
1988-10-27,78.0,79.0
1988-10-28,78.0,79.0
1988-10-29,78.0,79.0
1988-10-30,78.0,79.0
1988-10-31,78.0,79.0
1988-11-01,78.0,79.0
1988-11-02,78.0,79.0
1988-11-03,78.0,79.0
1988-11-04,78.0,79.0
1988-11-05,78.0,79.0
1988-11-06,78.0,79.0
1988-11-07,78.0,79.0
1988-11-08,78.0,79.0
1988-11-09,78.0,79.0
1988-11-10,78.35,79.35
1988-11-11,78.35,79.35
1988-11-12,78.35,79.35
1988-11-13,78.35,79.35
1988-11-14,78.35,79.35
1988-11-15,78.35,79.35
1988-11-16,78.35,79.35
1988-11-17,78.35,79.35
1988-11-18,78.35,79.35
1988-11-19,78.35,79.35
1988-11-20,78.35,79.35
1988-11-21,78.35,79.35
1988-11-22,78.35,79.35
1988-11-23,78.35,79.35
1988-11-24,78.35,79.35
1988-11-25,78.35,79.35
1988-11-26,78.65,79.65
1988-11-27,78.65,79.65
1988-11-28,78.65,79.65
1988-11-29,78.65,79.65
1988-11-30,78.65,79.65
1988-12-01,78.65,79.65
1988-12-02,78.65,79.65
1988-12-03,78.65,79.65
1988-12-04,78.65,79.65
1988-12-05,78.65,79.65
1988-12-06,78.65,79.65
1988-12-07,78.65,79.65
1988-12-08,78.65,79.65
1988-12-09,78.65,79.65
1988-12-10,78.65,79.65
1988-12-11,78.65,79.65
1988-12-12,78.65,79.65
1988-12-13,78.65,79.65
1988-12-14,78.65,79.65
1988-12-15,79.0,80.0
1988-12-16,79.0,80.0
1988-12-17,79.0,80.0
1988-12-18,79.0,80.0
1988-12-19,79.0,80.0
1988-12-20,79.0,80.0
1988-12-21,79.0,80.0
1988-12-22,79.0,80.0
1988-12-23,79.0,80.0
1988-12-24,79.0,80.0
1988-12-25,79.0,80.0
1988-12-26,79.0,80.0
1988-12-27,79.0,80.0
1988-12-28,79.0,80.0
1988-12-29,79.0,80.0
1988-12-30,79.0,80.0
1988-12-31,79.0,80.0
1989-01-01,79.0,80.0
1989-01-02,79.0,80.0
1989-01-03,79.0,80.0
1989-01-04,79.0,80.0
1989-01-05,79.0,80.0
1989-01-06,79.0,80.0
1989-01-07,79.0,80.0
1989-01-08,79.0,80.0
1989-01-09,79.0,80.0
1989-01-10,79.0,80.0
1989-01-11,79.0,80.0
1989-01-12,79.15,80.15
1989-01-13,79.15,80.15
1989-01-14,79.15,80.15
1989-01-15,79.15,80.15
1989-01-16,79.15,80.15
1989-01-17,79.15,80.15
1989-01-18,79.15,80.15
1989-01-19,79.15,80.15
1989-01-20,79.15,80.15
1989-01-21,79.15,80.15
1989-01-22,79.15,80.15
1989-01-23,79.15,80.15
1989-01-24,79.15,80.15
1989-01-25,79.15,80.15
1989-01-26,79.15,80.15
1989-01-27,79.15,80.15
1989-01-28,79.15,80.15
1989-01-29,79.15,80.15
1989-01-30,79.15,80.15
1989-01-31,79.15,80.15
1989-02-01,79.15,80.15
1989-02-02,79.3,80.3
1989-02-03,79.3,80.3
1989-02-04,79.3,80.3
1989-02-05,79.3,80.3
1989-02-06,79.3,80.3
1989-02-07,79.3,80.3
1989-02-08,79.3,80.3
1989-02-09,79.3,80.3
1989-02-10,79.3,80.3
1989-02-11,79.3,80.3
1989-02-12,79.3,80.3
1989-02-13,79.3,80.3
1989-02-14,79.3,80.3
1989-02-15,79.3,80.3
1989-02-16,79.45,80.45
1989-02-17,79.45,80.45
1989-02-18,79.45,80.45
1989-02-19,79.45,80.45
1989-02-20,79.45,80.45
1989-02-21,79.45,80.45
1989-02-22,79.45,80.45
1989-02-23,79.45,80.45
1989-02-24,79.45,80.45
1989-02-25,79.45,80.45
1989-02-26,79.45,80.45
1989-02-27,79.45,80.45
1989-02-28,79.45,80.45
1989-03-01,79.45,80.45
1989-03-02,79.45,80.45
1989-03-03,79.6,80.6
1989-03-04,79.6,80.6
1989-03-05,79.6,80.6
1989-03-06,79.6,80.6
1989-03-07,79.6,80.6
1989-03-08,79.6,80.6
1989-03-09,79.6,80.6
1989-03-10,79.6,80.6
1989-03-11,79.6,80.6
1989-03-12,79.6,80.6
1989-03-13,79.6,80.6
1989-03-14,79.6,80.6
1989-03-15,79.6,80.6
1989-03-16,79.75,80.75
1989-03-17,79.75,80.75
1989-03-18,79.75,80.75
1989-03-19,79.75,80.75
1989-03-20,79.75,80.75
1989-03-21,79.75,80.75
1989-03-22,79.75,80.75
1989-03-23,79.75,80.75
1989-03-24,79.75,80.75
1989-03-25,79.75,80.75
1989-03-26,79.75,80.75
1989-03-27,79.75,80.75
1989-03-28,79.75,80.75
1989-03-29,79.75,80.75
1989-03-30,79.75,80.75
1989-03-31,79.75,80.75
1989-04-01,79.75,80.75
1989-04-02,79.75,80.75
1989-04-03,79.75,80.75
1989-04-04,79.75,80.75
1989-04-05,79.75,80.75
1989-04-06,79.9,80.9
1989-04-07,79.9,80.9
1989-04-08,79.9,80.9
1989-04-09,79.9,80.9
1989-04-10,79.9,80.9
1989-04-11,79.9,80.9
1989-04-12,79.9,80.9
1989-04-13,79.9,80.9
1989-04-14,79.9,80.9
1989-04-15,79.9,80.9
1989-04-16,79.9,80.9
1989-04-17,79.9,80.9
1989-04-18,79.9,80.9
1989-04-19,80.05,81.05
1989-04-20,80.05,81.05
1989-04-21,80.05,81.05
1989-04-22,80.05,81.05
1989-04-23,80.05,81.05
1989-04-24,80.05,81.05
1989-04-25,80.05,81.05
1989-04-26,80.05,81.05
1989-04-27,80.05,81.05
1989-04-28,80.05,81.05
1989-04-29,80.05,81.05
1989-04-30,80.05,81.05
1989-05-01,80.05,81.05
1989-05-02,80.05,81.05
1989-05-03,80.05,81.05
1989-05-04,80.2,81.2
1989-05-05,80.2,81.2
1989-05-06,80.2,81.2
1989-05-07,80.2,81.2
1989-05-08,80.2,81.2
1989-05-09,80.2,81.2
1989-05-10,80.2,81.2
1989-05-11,80.2,81.2
1989-05-12,80.2,81.2
1989-05-13,80.2,81.2
1989-05-14,80.2,81.2
1989-05-15,80.2,81.2
1989-05-16,80.2,81.2
1989-05-17,80.2,81.2
1989-05-18,80.35,81.35
1989-05-19,80.35,81.35
1989-05-20,80.35,81.35
1989-05-21,80.35,81.35
1989-05-22,80.35,81.35
1989-05-23,80.35,81.35
1989-05-24,80.35,81.35
1989-05-25,80.35,81.35
1989-05-26,80.35,81.35
1989-05-27,80.35,81.35
1989-05-28,80.35,81.35
1989-05-29,80.35,81.35
1989-05-30,80.35,81.35
1989-05-31,80.35,81.35
1989-06-01,80.35,81.35
1989-06-02,80.5,81.5
1989-06-03,80.5,81.5
1989-06-04,80.5,81.5
1989-06-05,80.5,81.5
1989-06-06,80.5,81.5
1989-06-07,80.5,81.5
1989-06-08,80.5,81.5
1989-06-09,80.5,81.5
1989-06-10,80.5,81.5
1989-06-11,80.5,81.5
1989-06-12,80.5,81.5
1989-06-13,80.5,81.5
1989-06-14,80.5,81.5
1989-06-15,80.5,81.5
1989-06-16,80.5,81.5
1989-06-17,80.5,81.5
1989-06-18,80.5,81.5
1989-06-19,80.5,81.5
1989-06-20,80.5,81.5
1989-06-21,80.5,81.5
1989-06-22,80.65,81.65
1989-06-23,80.65,81.65
1989-06-24,80.65,81.65
1989-06-25,80.65,81.65
1989-06-26,80.65,81.65
1989-06-27,80.65,81.65
1989-06-28,80.65,81.65
1989-06-29,80.65,81.65
1989-06-30,80.65,81.65
1989-07-01,80.65,81.65
1989-07-02,80.65,81.65
1989-07-03,80.65,81.65
1989-07-04,80.65,81.65
1989-07-05,80.65,81.65
1989-07-06,80.8,81.8
1989-07-07,80.8,81.8
1989-07-08,80.8,81.8
1989-07-09,80.8,81.8
1989-07-10,80.8,81.8
1989-07-11,80.8,81.8
1989-07-12,80.8,81.8
1989-07-13,80.95,81.95
1989-07-14,80.95,81.95
1989-07-15,80.95,81.95
1989-07-16,80.95,81.95
1989-07-17,80.95,81.95
1989-07-18,80.95,81.95
1989-07-19,80.95,82.45
1989-07-20,80.95,82.45
1989-07-21,80.95,82.45
1989-07-22,80.95,82.45
1989-07-23,80.95,82.45
1989-07-24,80.95,82.45
1989-07-25,80.95,82.45
1989-07-26,80.95,82.45
1989-07-27,80.95,82.45
1989-07-28,80.95,82.45
1989-07-29,80.95,82.45
1989-07-30,80.95,82.45
1989-07-31,80.95,82.45
1989-08-01,80.95,82.45
1989-08-02,81.1,82.6
1989-08-03,81.1,82.6
1989-08-04,81.1,82.6
1989-08-05,81.1,82.6
1989-08-06,81.1,82.6
1989-08-07,81.1,82.6
1989-08-08,81.1,82.6
1989-08-09,81.1,82.6
1989-08-10,81.1,82.6
1989-08-11,81.1,82.6
1989-08-12,81.1,82.6
1989-08-13,81.1,82.6
1989-08-14,81.1,82.6
1989-08-15,81.1,82.6
1989-08-16,81.1,82.6
1989-08-17,81.25,82.75
1989-08-18,81.25,82.75
1989-08-19,81.25,82.75
1989-08-20,81.25,82.75
1989-08-21,81.25,82.75
1989-08-22,81.25,82.75
1989-08-23,81.25,82.75
1989-08-24,81.25,82.75
1989-08-25,81.25,82.75
1989-08-26,81.25,82.75
1989-08-27,81.25,82.75
1989-08-28,81.25,82.75
1989-08-29,81.25,82.75
1989-08-30,81.25,82.75
1989-08-31,81.4,82.9
1989-09-01,81.4,82.9
1989-09-02,81.4,82.9
1989-09-03,81.4,82.9
1989-09-04,81.4,82.9
1989-09-05,81.4,82.9
1989-09-06,81.4,82.9
1989-09-07,81.55,83.05
1989-09-08,81.55,83.05
1989-09-09,81.55,83.05
1989-09-10,81.55,83.05
1989-09-11,81.55,83.05
1989-09-12,81.55,83.05
1989-09-13,81.55,83.05
1989-09-14,81.55,83.05
1989-09-15,81.55,83.05
1989-09-16,81.55,83.05
1989-09-17,81.55,83.05
1989-09-18,81.55,83.05
1989-09-19,81.7,83.2
1989-09-20,81.7,83.2
1989-09-21,81.7,83.2
1989-09-22,81.7,83.2
1989-09-23,81.7,83.2
1989-09-24,81.7,83.2
1989-09-25,81.7,83.2
1989-09-26,81.7,83.2
1989-09-27,81.7,83.2
1989-09-28,81.85,83.35
1989-09-29,81.85,83.35
1989-09-30,81.85,83.35
1989-10-01,81.85,83.35
1989-10-02,81.85,83.35
1989-10-03,81.85,83.35
1989-10-04,81.85,83.35
1989-10-05,82.35,83.35
1989-10-06,82.35,83.35
1989-10-07,82.35,83.35
1989-10-08,82.35,83.35
1989-10-09,82.35,83.35
1989-10-10,82.35,83.35
1989-10-11,82.35,83.35
1989-10-12,82.5,83.5
1989-10-13,82.5,83.5
1989-10-14,82.5,83.5
1989-10-15,82.5,83.5
1989-10-16,82.5,83.5
1989-10-17,82.5,83.5
1989-10-18,82.5,83.5
1989-10-19,82.65,83.65
1989-10-20,82.65,83.65
1989-10-21,82.65,83.65
1989-10-22,82.65,83.65
1989-10-23,82.65,83.65
1989-10-24,82.65,83.65
1989-10-25,82.65,83.65
1989-10-26,82.65,83.65
1989-10-27,82.65,83.65
1989-10-28,82.65,83.65
1989-10-29,82.65,83.65
1989-10-30,82.65,83.65
1989-10-31,82.65,83.65
1989-11-01,82.8,83.8
1989-11-02,82.8,83.8
1989-11-03,82.8,83.8
1989-11-04,82.8,83.8
1989-11-05,82.8,83.8
1989-11-06,82.8,83.8
1989-11-07,82.8,83.8
1989-11-08,82.8,83.8
1989-11-09,82.95,83.95
1989-11-10,82.95,83.95
1989-11-11,82.95,83.95
1989-11-12,82.95,83.95
1989-11-13,82.95,83.95
1989-11-14,82.95,83.95
1989-11-15,82.95,83.95
1989-11-16,82.95,83.95
1989-11-17,82.95,83.95
1989-11-18,82.95,83.95
1989-11-19,82.95,83.95
1989-11-20,82.95,83.95
1989-11-21,82.95,83.95
1989-11-22,82.95,83.95
1989-11-23,83.1,84.1
1989-11-24,83.1,84.1
1989-11-25,83.1,84.1
1989-11-26,83.1,84.1
1989-11-27,83.1,84.1
1989-11-28,83.1,84.1
1989-11-29,83.1,84.1
1989-11-30,83.25,84.25
1989-12-01,83.25,84.25
1989-12-02,83.25,84.25
1989-12-03,83.25,84.25
1989-12-04,83.25,84.25
1989-12-05,83.25,84.25
1989-12-06,83.25,84.25
1989-12-07,83.4,84.4
1989-12-08,83.4,84.4
1989-12-09,83.4,84.4
1989-12-10,83.4,84.4
1989-12-11,83.4,84.4
1989-12-12,83.4,84.4
1989-12-13,83.4,84.4
1989-12-14,83.55,84.55
1989-12-15,83.55,84.55
1989-12-16,83.55,84.55
1989-12-17,83.55,84.55
1989-12-18,83.55,84.55
1989-12-19,83.55,84.55
1989-12-20,83.55,84.55
1989-12-21,83.55,84.55
1989-12-22,83.55,84.55
1989-12-23,83.7,84.7
1989-12-24,83.7,84.7
1989-12-25,83.7,84.7
1989-12-26,83.7,84.7
1989-12-27,83.85,84.85
1989-12-28,83.85,84.85
1989-12-29,83.85,84.85
1989-12-30,83.85,84.85
1989-12-31,83.85,84.85
1990-01-01,83.85,84.85
1990-01-02,83.85,84.85
1990-01-03,83.85,84.85
1990-01-04,84.0,85.0
1990-01-05,84.0,85.0
1990-01-06,84.0,85.0
1990-01-07,84.0,85.0
1990-01-08,84.0,85.0
1990-01-09,84.0,85.0
1990-01-10,84.0,85.0
1990-01-11,84.15,85.15
1990-01-12,84.15,85.15
1990-01-13,84.15,85.15
1990-01-14,84.15,85.15
1990-01-15,84.15,85.15
1990-01-16,84.15,85.15
1990-01-17,84.15,85.15
1990-01-18,84.3,85.3
1990-01-19,84.3,85.3
1990-01-20,84.3,85.3
1990-01-21,84.3,85.3
1990-01-22,84.3,85.3
1990-01-23,84.3,85.3
1990-01-24,84.3,85.3
1990-01-25,84.45,85.45
1990-01-26,84.45,85.45
1990-01-27,84.45,85.45
1990-01-28,84.45,85.45
1990-01-29,84.45,85.45
1990-01-30,84.45,85.45
1990-01-31,84.45,85.45
1990-02-01,84.45,85.45
1990-02-02,84.45,85.45
1990-02-03,84.45,85.45
1990-02-04,84.45,85.45
1990-02-05,84.45,85.45
1990-02-06,84.45,85.45
1990-02-07,84.45,85.45
1990-02-08,84.6,85.6
1990-02-09,84.6,85.6
1990-02-10,84.6,85.6
1990-02-11,84.6,85.6
1990-02-12,84.6,85.6
1990-02-13,84.6,85.6
1990-02-14,84.6,85.6
1990-02-15,84.75,85.75
1990-02-16,84.75,85.75
1990-02-17,84.75,85.75
1990-02-18,84.75,85.75
1990-02-19,84.75,85.75
1990-02-20,84.75,85.75
1990-02-21,84.75,85.75
1990-02-22,84.9,85.9
1990-02-23,84.9,85.9
1990-02-24,84.9,85.9
1990-02-25,84.9,85.9
1990-02-26,84.9,85.9
1990-02-27,84.9,85.9
1990-02-28,84.9,85.9
1990-03-01,85.05,86.05
1990-03-02,85.05,86.05
1990-03-03,85.05,86.05
1990-03-04,85.05,86.05
1990-03-05,85.05,86.05
1990-03-06,85.05,86.05
1990-03-07,85.05,86.05
1990-03-08,85.05,86.05
1990-03-09,85.25,86.25
1990-03-10,85.25,86.25
1990-03-11,85.25,86.25
1990-03-12,85.25,86.25
1990-03-13,85.25,86.25
1990-03-14,85.25,86.25
1990-03-15,85.45,86.45
1990-03-16,85.45,86.45
1990-03-17,85.45,86.45
1990-03-18,85.45,86.45
1990-03-19,85.45,86.45
1990-03-20,85.45,86.45
1990-03-21,85.45,86.45
1990-03-22,85.7,86.7
1990-03-23,85.7,86.7
1990-03-24,85.7,86.7
1990-03-25,85.7,86.7
1990-03-26,85.7,86.7
1990-03-27,85.7,86.7
1990-03-28,85.7,86.7
1990-03-29,85.95,86.95
1990-03-30,85.95,86.95
1990-03-31,85.95,86.95
1990-04-01,85.95,86.95
1990-04-02,85.95,86.95
1990-04-03,85.95,86.95
1990-04-04,85.95,86.95
1990-04-05,85.95,86.95
1990-04-06,85.95,86.95
1990-04-07,85.95,86.95
1990-04-08,85.95,86.95
1990-04-09,85.95,86.95
1990-04-10,85.95,86.95
1990-04-11,85.95,86.95
1990-04-12,85.95,86.95
1990-04-13,85.95,86.95
1990-04-14,85.95,86.95
1990-04-15,85.95,86.95
1990-04-16,85.95,86.95
1990-04-17,86.25,87.25
1990-04-18,86.25,87.25
1990-04-19,86.25,87.25
1990-04-20,86.25,87.25
1990-04-21,86.25,87.25
1990-04-22,86.25,87.25
1990-04-23,86.25,87.25
1990-04-24,86.25,87.25
1990-04-25,86.55,87.55
1990-04-26,86.55,87.55
1990-04-27,86.55,87.55
1990-04-28,86.55,87.55
1990-04-29,86.55,87.55
1990-04-30,86.55,87.55
1990-05-01,86.85,87.85
1990-05-02,86.85,87.85
1990-05-03,86.85,87.85
1990-05-04,86.85,87.85
1990-05-05,86.85,87.85
1990-05-06,86.85,87.85
1990-05-07,86.85,87.85
1990-05-08,86.85,87.85
1990-05-09,86.85,87.85
1990-05-10,87.3,88.3
1990-05-11,87.3,88.3
1990-05-12,87.3,88.3
1990-05-13,87.3,88.3
1990-05-14,87.3,88.3
1990-05-15,87.3,88.3
1990-05-16,87.3,88.3
1990-05-17,87.75,88.75
1990-05-18,87.75,88.75
1990-05-19,87.75,88.75
1990-05-20,87.75,88.75
1990-05-21,87.75,88.75
1990-05-22,87.75,88.75
1990-05-23,87.75,88.75
1990-05-24,88.2,89.2
1990-05-25,88.2,89.2
1990-05-26,88.2,89.2
1990-05-27,88.2,89.2
1990-05-28,88.2,89.2
1990-05-29,88.2,89.2
1990-05-30,88.2,89.2
1990-05-31,88.2,89.95
1990-06-01,88.2,89.95
1990-06-02,88.2,89.95
1990-06-03,88.2,89.95
1990-06-04,88.2,89.95
1990-06-05,88.2,89.95
1990-06-06,88.2,89.95
1990-06-07,88.65,90.4
1990-06-08,88.65,90.4
1990-06-09,88.65,90.4
1990-06-10,88.65,90.4
1990-06-11,88.65,90.4
1990-06-12,88.65,90.4
1990-06-13,88.65,90.4
1990-06-14,88.65,90.4
1990-06-15,88.65,90.4
1990-06-16,88.65,90.4
1990-06-17,88.65,90.4
1990-06-18,88.65,90.4
1990-06-19,89.1,90.85
1990-06-20,89.1,90.85
1990-06-21,89.1,90.85
1990-06-22,89.1,90.85
1990-06-23,89.1,90.85
1990-06-24,89.1,90.85
1990-06-25,89.1,90.85
1990-06-26,89.1,90.85
1990-06-27,89.1,90.85
1990-06-28,89.55,91.3
1990-06-29,89.55,91.3
1990-06-30,89.55,91.3
1990-07-01,89.55,91.3
1990-07-02,89.55,91.3
1990-07-03,89.55,91.3
1990-07-04,89.55,91.3
1990-07-05,90.0,91.75
1990-07-06,90.0,91.75
1990-07-07,90.0,91.75
1990-07-08,90.0,91.75
1990-07-09,90.0,91.75
1990-07-10,90.0,91.75
1990-07-11,90.0,91.75
1990-07-12,90.45,92.2
1990-07-13,90.45,92.2
1990-07-14,90.45,92.2
1990-07-15,90.45,92.2
1990-07-16,90.45,92.2
1990-07-17,90.45,92.2
1990-07-18,90.45,92.2
1990-07-19,90.9,92.65
1990-07-20,90.9,92.65
1990-07-21,90.9,92.65
1990-07-22,90.9,92.65
1990-07-23,90.9,92.65
1990-07-24,90.9,92.65
1990-07-25,90.9,92.65
1990-07-26,90.9,92.65
1990-07-27,90.9,92.65
1990-07-28,90.9,92.65
1990-07-29,90.9,92.65
1990-07-30,90.9,92.65
1990-07-31,90.9,92.65
1990-08-01,90.9,92.65
1990-08-02,91.35,93.1
1990-08-03,91.35,93.1
1990-08-04,91.35,93.1
1990-08-05,91.35,93.1
1990-08-06,91.35,93.1
1990-08-07,91.35,93.1
1990-08-08,91.35,93.1
1990-08-09,91.8,93.55
1990-08-10,91.8,93.55
1990-08-11,91.8,93.55
1990-08-12,91.8,93.55
1990-08-13,91.8,93.55
1990-08-14,91.8,93.55
1990-08-15,92.25,94.0
1990-08-16,92.25,94.0
1990-08-17,92.25,94.0
1990-08-18,92.25,94.0
1990-08-19,92.25,94.0
1990-08-20,92.25,94.0
1990-08-21,92.25,94.0
1990-08-22,92.25,94.0
1990-08-23,92.7,94.45
1990-08-24,92.7,94.45
1990-08-25,92.7,94.45
1990-08-26,92.7,94.45
1990-08-27,92.7,94.45
1990-08-28,92.7,94.45
1990-08-29,92.7,94.45
1990-08-30,93.15,94.9
1990-08-31,93.15,94.9
1990-09-01,93.6,95.35
1990-09-02,93.6,95.35
1990-09-03,93.6,95.35
1990-09-04,93.6,95.35
1990-09-05,93.6,95.35
1990-09-06,94.05,95.8
1990-09-07,94.05,95.8
1990-09-08,94.05,95.8
1990-09-09,94.05,95.8
1990-09-10,94.05,95.8
1990-09-11,94.05,95.8
1990-09-12,94.05,95.8
1990-09-13,94.5,96.25
1990-09-14,94.5,96.25
1990-09-15,94.5,96.25
1990-09-16,94.5,96.25
1990-09-17,94.5,96.25
1990-09-18,94.5,96.25
1990-09-19,94.5,96.25
1990-09-20,94.5,96.25
1990-09-21,94.95,96.7
1990-09-22,94.95,96.7
1990-09-23,94.95,96.7
1990-09-24,94.95,96.7
1990-09-25,94.95,96.7
1990-09-26,94.95,96.7
1990-09-27,94.95,96.7
1990-09-28,94.95,96.7
1990-09-29,94.95,96.7
1990-09-30,94.95,96.7
1990-10-01,94.95,96.7
1990-10-02,94.95,96.7
1990-10-03,94.95,96.7
1990-10-04,95.4,97.15
1990-10-05,95.4,97.15
1990-10-06,95.85,97.6
1990-10-07,95.85,97.6
1990-10-08,95.85,97.6
1990-10-09,95.85,97.6
1990-10-10,95.85,97.6
1990-10-11,96.3,98.05
1990-10-12,96.3,98.05
1990-10-13,96.3,98.05
1990-10-14,96.3,98.05
1990-10-15,96.3,98.05
1990-10-16,96.3,98.05
1990-10-17,96.3,98.05
1990-10-18,96.75,98.5
1990-10-19,96.75,98.5
1990-10-20,96.75,98.5
1990-10-21,96.75,98.5
1990-10-22,96.75,98.5
1990-10-23,96.75,98.5
1990-10-24,96.75,98.5
1990-10-25,97.3,99.05
1990-10-26,97.3,99.05
1990-10-27,97.3,99.05
1990-10-28,97.3,99.05
1990-10-29,97.3,99.05
1990-10-30,97.3,99.05
1990-10-31,97.3,99.05
1990-11-01,97.85,99.6
1990-11-02,97.85,99.6
1990-11-03,97.85,99.6
1990-11-04,97.85,99.6
1990-11-05,97.85,99.6
1990-11-06,97.85,99.6
1990-11-07,97.85,99.6
1990-11-08,98.4,100.15
1990-11-09,98.4,100.15
1990-11-10,98.4,100.15
1990-11-11,98.4,100.15
1990-11-12,98.4,100.15
1990-11-13,98.4,100.15
1990-11-14,98.4,100.15
1990-11-15,98.95,100.7
1990-11-16,98.95,100.7
1990-11-17,98.95,100.7
1990-11-18,98.95,100.7
1990-11-19,98.95,100.7
1990-11-20,98.95,100.7
1990-11-21,98.95,100.7
1990-11-22,99.5,101.25
1990-11-23,99.5,101.25
1990-11-24,99.5,101.25
1990-11-25,99.5,101.25
1990-11-26,99.5,101.25
1990-11-27,99.5,101.25
1990-11-28,99.5,101.25
1990-11-29,100.05,101.8
1990-11-30,100.05,101.8
1990-12-01,100.05,101.8
1990-12-02,100.05,101.8
1990-12-03,100.05,101.8
1990-12-04,100.05,101.8
1990-12-05,100.05,101.8
1990-12-06,100.6,102.35
1990-12-07,100.6,102.35
1990-12-08,100.6,102.35
1990-12-09,100.6,102.35
1990-12-10,100.6,102.35
1990-12-11,100.6,102.35
1990-12-12,100.6,102.35
1990-12-13,100.9,102.9
1990-12-14,100.9,102.9
1990-12-15,101.45,103.45
1990-12-16,101.45,103.45
1990-12-17,101.45,103.45
1990-12-18,101.45,103.45
1990-12-19,101.45,103.45
1990-12-20,102.0,104.0
1990-12-21,102.0,104.0
1990-12-22,102.55,104.55
1990-12-23,102.55,104.55
1990-12-24,102.55,104.55
1990-12-25,102.55,104.55
1990-12-26,102.55,104.55
1990-12-27,102.55,104.55
1990-12-28,102.55,104.55
1990-12-29,102.55,104.55
1990-12-30,102.55,104.55
1990-12-31,102.55,104.55
1991-01-01,102.55,104.55
1991-01-02,102.55,104.55
1991-01-03,103.25,105.3
1991-01-04,103.25,105.3
1991-01-05,103.25,105.3
1991-01-06,103.25,105.3
1991-01-07,103.25,105.3
1991-01-08,103.25,105.3
1991-01-09,103.25,105.3
1991-01-10,104.0,106.05
1991-01-11,104.0,106.05
1991-01-12,104.75,106.8
1991-01-13,104.75,106.8
1991-01-14,104.75,106.8
1991-01-15,104.75,106.8
1991-01-16,104.75,106.8
1991-01-17,105.5,107.55
1991-01-18,105.5,107.55
1991-01-19,105.5,107.55
1991-01-20,105.5,107.55
1991-01-21,105.5,107.55
1991-01-22,105.5,107.55
1991-01-23,105.5,107.55
1991-01-24,106.25,108.3
1991-01-25,106.25,108.3
1991-01-26,106.25,108.3
1991-01-27,106.25,108.3
1991-01-28,106.25,108.3
1991-01-29,106.25,108.3
1991-01-30,106.25,108.3
1991-01-31,107.0,109.05
1991-02-01,107.0,109.05
1991-02-02,107.0,109.05
1991-02-03,107.0,109.05
1991-02-04,107.0,109.05
1991-02-05,107.0,109.05
1991-02-06,107.0,109.05
1991-02-07,107.7,109.75
1991-02-08,107.7,109.75
1991-02-09,108.4,110.45
1991-02-10,108.4,110.45
1991-02-11,108.4,110.45
1991-02-12,108.4,110.45
1991-02-13,108.4,110.45
1991-02-14,108.4,110.45
1991-02-15,108.4,110.45
1991-02-16,108.4,110.45
1991-02-17,108.4,110.45
1991-02-18,108.4,110.45
1991-02-19,109.05,111.15
1991-02-20,109.05,111.15
1991-02-21,109.75,111.85
1991-02-22,109.75,111.85
1991-02-23,109.75,111.85
1991-02-24,109.75,111.85
1991-02-25,109.75,111.85
1991-02-26,109.75,111.85
1991-02-27,109.75,111.85
1991-02-28,110.45,112.55
1991-03-01,110.45,112.55
1991-03-02,111.15,113.25
1991-03-03,111.15,113.25
1991-03-04,111.15,113.25
1991-03-05,111.15,113.25
1991-03-06,111.15,113.25
1991-03-07,111.8,113.9
1991-03-08,111.8,113.9
1991-03-09,111.8,113.9
1991-03-10,111.8,113.9
1991-03-11,111.8,113.9
1991-03-12,112.45,113.9
1991-03-13,112.45,113.9
1991-03-14,112.45,114.55
1991-03-15,112.45,114.55
1991-03-16,112.45,114.55
1991-03-17,112.45,114.55
1991-03-18,113.1,115.2
1991-03-19,113.1,115.2
1991-03-20,113.1,115.2
1991-03-21,113.75,115.2
1991-03-22,113.75,115.2
1991-03-23,113.75,115.2
1991-03-24,113.75,115.2
1991-03-25,113.75,115.2
1991-03-26,113.75,115.2
1991-03-27,113.75,115.2
1991-03-28,114.4,116.5
1991-03-29,114.4,116.5
1991-03-30,114.4,116.5
1991-03-31,114.4,116.5
1991-04-01,114.4,116.5
1991-04-02,114.4,116.5
1991-04-03,114.4,116.5
1991-04-04,115.0,117.1
1991-04-05,115.0,117.1
1991-04-06,115.0,117.1
1991-04-07,115.0,117.1
1991-04-08,115.0,117.1
1991-04-09,115.0,117.1
1991-04-10,115.6,117.7
1991-04-11,115.6,117.7
1991-04-12,115.6,117.7
1991-04-13,116.2,118.3
1991-04-14,116.2,118.3
1991-04-15,116.2,118.3
1991-04-16,116.2,118.3
1991-04-17,116.2,118.3
1991-04-18,116.8,118.9
1991-04-19,116.8,118.9
1991-04-20,116.8,118.9
1991-04-21,116.8,118.9
1991-04-22,116.8,118.9
1991-04-23,116.8,118.9
1991-04-24,116.8,118.9
1991-04-25,117.4,119.5
1991-04-26,117.4,119.5
1991-04-27,117.4,119.5
1991-04-28,117.4,119.5
1991-04-29,117.4,119.5
1991-04-30,117.4,119.5
1991-05-01,117.4,119.5
1991-05-02,117.4,119.5
1991-05-03,117.95,120.05
1991-05-04,117.95,120.05
1991-05-05,117.95,120.05
1991-05-06,117.95,120.05
1991-05-07,117.95,120.05
1991-05-08,117.95,120.05
1991-05-09,118.5,120.6
1991-05-10,118.5,120.6
1991-05-11,118.5,120.6
1991-05-12,118.5,120.6
1991-05-13,118.5,120.6
1991-05-14,118.5,120.6
1991-05-15,118.5,120.6
1991-05-16,119.05,121.15
1991-05-17,119.05,121.15
1991-05-18,119.05,121.15
1991-05-19,119.05,121.15
1991-05-20,119.05,121.15
1991-05-21,119.05,121.15
1991-05-22,119.05,121.15
1991-05-23,119.6,121.7
1991-05-24,119.6,121.7
1991-05-25,119.6,121.7
1991-05-26,119.6,121.7
1991-05-27,119.6,121.7
1991-05-28,119.6,121.7
1991-05-29,119.6,121.7
1991-05-30,120.15,122.25
1991-05-31,120.15,122.25
1991-06-01,120.65,122.75
1991-06-02,120.65,122.75
1991-06-03,120.65,122.75
1991-06-04,120.65,122.75
1991-06-05,120.65,122.75
1991-06-06,121.15,123.25
1991-06-07,121.15,123.25
1991-06-08,121.15,123.25
1991-06-09,121.15,123.25
1991-06-10,121.15,123.25
1991-06-11,121.15,123.25
1991-06-12,121.15,123.25
1991-06-13,121.65,123.75
1991-06-14,121.65,123.75
1991-06-15,121.65,123.75
1991-06-16,121.65,123.75
1991-06-17,121.65,123.75
1991-06-18,121.65,123.75
1991-06-19,121.65,123.75
1991-06-20,122.15,124.25
1991-06-21,122.15,124.25
1991-06-22,122.15,124.25
1991-06-23,122.15,124.25
1991-06-24,122.15,124.25
1991-06-25,122.15,124.25
1991-06-26,122.15,124.25
1991-06-27,122.3,124.75
1991-06-28,122.3,124.75
1991-06-29,122.3,124.75
1991-06-30,122.3,124.75
1991-07-01,122.3,124.75
1991-07-02,122.3,124.75
1991-07-03,122.3,124.75
1991-07-04,122.8,125.25
1991-07-05,122.8,125.25
1991-07-06,122.8,125.25
1991-07-07,122.8,125.25
1991-07-08,122.8,125.25
1991-07-09,122.8,125.25
1991-07-10,122.8,125.25
1991-07-11,123.3,125.75
1991-07-12,123.3,125.75
1991-07-13,123.3,125.75
1991-07-14,123.3,125.75
1991-07-15,123.3,125.75
1991-07-16,123.3,125.75
1991-07-17,123.3,125.75
1991-07-18,123.8,126.25
1991-07-19,123.8,126.25
1991-07-20,123.8,126.25
1991-07-21,123.8,126.25
1991-07-22,124.3,126.75
1991-07-23,124.3,126.75
1991-07-24,124.3,126.75
1991-07-25,124.8,127.25
1991-07-26,124.8,127.25
1991-07-27,124.8,127.25
1991-07-28,124.8,127.25
1991-07-29,124.8,127.25
1991-07-30,124.8,127.25
1991-07-31,124.8,127.25
1991-08-01,125.3,127.75
1991-08-02,125.3,127.75
1991-08-03,125.3,127.75
1991-08-04,125.3,127.75
1991-08-05,125.3,127.75
1991-08-06,125.3,127.75
1991-08-07,125.3,127.75
1991-08-08,125.8,128.25
1991-08-09,125.8,128.25
1991-08-10,125.8,128.25
1991-08-11,125.8,128.25
1991-08-12,125.8,128.25
1991-08-13,125.8,128.25
1991-08-14,125.8,128.25
1991-08-15,126.3,128.75
1991-08-16,126.3,128.75
1991-08-17,126.3,128.75
1991-08-18,126.3,128.75
1991-08-19,126.3,128.75
1991-08-20,126.3,128.75
1991-08-21,126.3,128.75
1991-08-22,126.8,129.25
1991-08-23,126.8,129.25
1991-08-24,126.8,129.25
1991-08-25,126.8,129.25
1991-08-26,126.8,129.25
1991-08-27,126.8,129.25
1991-08-28,126.8,129.25
1991-08-29,127.25,129.75
1991-08-30,127.25,129.75
1991-08-31,127.25,129.75
1991-09-01,127.25,129.75
1991-09-02,127.25,129.75
1991-09-03,127.25,129.75
1991-09-04,127.25,129.75
1991-09-05,127.7,130.2
1991-09-06,127.7,130.2
1991-09-07,127.7,130.2
1991-09-08,127.7,130.2
1991-09-09,127.7,130.2
1991-09-10,127.7,130.2
1991-09-11,127.7,130.2
1991-09-12,128.15,130.65
1991-09-13,128.15,130.65
1991-09-14,128.15,130.65
1991-09-15,128.15,130.65
1991-09-16,128.15,130.65
1991-09-17,128.15,130.65
1991-09-18,128.15,130.65
1991-09-19,128.55,131.1
1991-09-20,128.55,131.1
1991-09-21,128.55,131.1
1991-09-22,128.55,131.1
1991-09-23,128.55,131.1
1991-09-24,128.55,131.1
1991-09-25,128.55,131.1
1991-09-26,128.55,131.1
1991-09-27,129.0,131.55
1991-09-28,129.0,131.55
1991-09-29,129.0,131.55
1991-09-30,129.0,131.55
1991-10-01,129.0,131.55
1991-10-02,129.0,131.55
1991-10-03,129.4,131.95
1991-10-04,129.4,131.95
1991-10-05,129.4,131.95
1991-10-06,129.4,131.95
1991-10-07,129.4,131.95
1991-10-08,129.4,131.95
1991-10-09,129.8,132.35
1991-10-10,129.8,132.35
1991-10-11,129.8,132.35
1991-10-12,129.8,132.35
1991-10-13,129.8,132.35
1991-10-14,129.8,132.35
1991-10-15,129.8,132.35
1991-10-16,129.8,132.35
1991-10-17,129.8,132.35
1991-10-18,130.15,132.75
1991-10-19,130.15,132.75
1991-10-20,130.15,132.75
1991-10-21,130.15,132.75
1991-10-22,130.15,132.75
1991-10-23,130.15,132.75
1991-10-24,130.55,133.15
1991-10-25,130.55,133.15
1991-10-26,130.55,133.15
1991-10-27,130.55,133.15
1991-10-28,130.55,133.15
1991-10-29,130.55,133.15
1991-10-30,130.55,133.15
1991-10-31,130.95,133.55
1991-11-01,130.95,133.55
1991-11-02,130.95,133.55
1991-11-03,130.95,133.55
1991-11-04,130.95,133.55
1991-11-05,130.95,133.55
1991-11-06,130.95,133.55
1991-11-07,130.95,133.55
1991-11-08,131.35,133.95
1991-11-09,131.35,133.95
1991-11-10,131.35,133.95
1991-11-11,131.35,133.95
1991-11-12,131.35,133.95
1991-11-13,131.35,133.95
1991-11-14,131.75,134.35
1991-11-15,131.75,134.35
1991-11-16,131.75,134.35
1991-11-17,131.75,134.35
1991-11-18,131.75,134.35
1991-11-19,131.75,134.35
1991-11-20,131.75,134.35
1991-11-21,132.15,134.75
1991-11-22,132.15,134.75
1991-11-23,132.15,134.75
1991-11-24,132.15,134.75
1991-11-25,132.15,134.75
1991-11-26,132.15,134.75
1991-11-27,132.15,134.75
1991-11-28,132.5,135.15
1991-11-29,132.5,135.15
1991-11-30,132.5,135.15
1991-12-01,132.5,135.15
1991-12-02,132.5,135.15
1991-12-03,132.5,135.15
1991-12-04,132.5,135.15
1991-12-05,132.9,135.55
1991-12-06,132.9,135.55
1991-12-07,132.9,135.55
1991-12-08,132.9,135.55
1991-12-09,132.9,135.55
1991-12-10,132.9,135.55
1991-12-11,132.9,135.55
1991-12-12,133.3,135.95
1991-12-13,133.3,135.95
1991-12-14,133.3,135.95
1991-12-15,133.3,135.95
1991-12-16,133.3,135.95
1991-12-17,133.3,135.95
1991-12-18,133.3,135.95
1991-12-19,133.7,136.35
1991-12-20,133.7,136.35
1991-12-21,133.7,136.35
1991-12-22,133.7,136.35
1991-12-23,133.7,136.35
1991-12-24,133.7,136.35
1991-12-25,134.1,136.75
1991-12-26,134.1,136.75
1991-12-27,134.1,136.75
1991-12-28,134.1,136.75
1991-12-29,134.1,136.75
1991-12-30,134.1,136.75
1991-12-31,134.1,136.75
1992-01-01,134.1,136.75
1992-01-02,134.1,136.75
1992-01-03,134.1,136.75
1992-01-04,134.5,137.15
1992-01-05,134.5,137.15
1992-01-06,134.5,137.15
1992-01-07,134.5,137.15
1992-01-08,134.5,137.15
1992-01-09,134.5,137.15
1992-01-10,134.5,137.15
1992-01-11,134.5,137.15
1992-01-12,134.5,137.15
1992-01-13,134.5,137.15
1992-01-14,134.9,137.55
1992-01-15,134.9,137.55
1992-01-16,135.3,137.95
1992-01-17,135.3,137.95
1992-01-18,135.3,137.95
1992-01-19,135.3,137.95
1992-01-20,135.3,137.95
1992-01-21,135.3,137.95
1992-01-22,135.3,137.95
1992-01-23,135.65,138.3
1992-01-24,135.65,138.3
1992-01-25,135.65,138.3
1992-01-26,135.65,138.3
1992-01-27,135.65,138.3
1992-01-28,135.65,138.3
1992-01-29,135.65,138.3
1992-01-30,136.0,138.65
1992-01-31,136.0,138.65
1992-02-01,136.0,138.65
1992-02-02,136.0,138.65
1992-02-03,136.0,138.65
1992-02-04,136.0,138.65
1992-02-05,136.0,138.65
1992-02-06,136.0,138.65
1992-02-07,136.0,138.65
1992-02-08,136.0,138.65
1992-02-09,136.0,138.65
1992-02-10,136.0,138.65
1992-02-11,136.0,138.65
1992-02-12,136.0,138.65
1992-02-13,136.0,138.65
1992-02-14,136.0,138.5
1992-02-15,136.0,138.5
1992-02-16,136.0,138.5
1992-02-17,136.0,138.5
1992-02-18,136.0,138.5
1992-02-19,136.0,138.5
1992-02-20,136.0,138.5
1992-02-21,136.0,138.5
1992-02-22,136.0,138.5
1992-02-23,136.0,138.5
1992-02-24,136.0,138.5
1992-02-25,136.0,138.5
1992-02-26,136.0,138.5
1992-02-27,136.0,138.5
1992-02-28,136.0,138.5
1992-02-29,136.0,138.5
1992-03-01,136.0,138.5
1992-03-02,136.25,137.6
1992-03-03,136.27,137.6
1992-03-04,136.25,137.6
1992-03-05,136.14,137.5
1992-03-06,135.85,137.19
1992-03-07,135.44,136.71
1992-03-08,135.44,136.71
1992-03-09,135.44,136.71
1992-03-10,135.48,136.73
1992-03-11,135.49,136.76
1992-03-12,135.26,136.61
1992-03-13,135.0,136.35
1992-03-14,134.6,135.95
1992-03-15,134.6,135.95
1992-03-16,134.6,135.95
1992-03-17,134.57,135.87
1992-03-18,134.57,135.87
1992-03-19,134.15,135.48
1992-03-20,134.15,135.48
1992-03-21,133.33,134.66
1992-03-22,133.33,134.66
1992-03-23,133.33,134.66
1992-03-24,132.38,133.64
1992-03-25,132.28,133.59
1992-03-26,132.27,133.58
1992-03-27,132.31,133.62
1992-03-28,132.33,133.62
1992-03-29,132.33,133.62
1992-03-30,132.33,133.62
1992-03-31,132.34,133.64
1992-04-01,132.36,133.64
1992-04-02,132.39,133.67
1992-04-03,132.42,133.7
1992-04-04,132.45,133.72
1992-04-05,132.45,133.72
1992-04-06,132.45,133.72
1992-04-07,132.47,133.76
1992-04-08,132.5,133.8
1992-04-09,132.6,133.92
1992-04-10,132.68,133.97
1992-04-11,132.72,134.0
1992-04-12,132.72,134.0
1992-04-13,132.72,134.0
1992-04-14,132.67,133.97
1992-04-15,132.6,133.91
1992-04-16,132.48,133.78
1992-04-17,132.48,133.78
1992-04-18,132.48,133.78
1992-04-19,132.48,133.78
1992-04-20,132.48,133.78
1992-04-21,132.48,133.78
1992-04-22,132.49,133.79
1992-04-23,132.18,133.5
1992-04-24,131.76,133.03
1992-04-25,130.97,132.27
1992-04-26,130.97,132.27
1992-04-27,130.97,132.27
1992-04-28,130.79,132.04
1992-04-29,130.74,132.04
1992-04-30,130.0,131.25
1992-05-01,129.99,131.22
1992-05-02,129.99,131.22
1992-05-03,129.99,131.22
1992-05-04,129.99,131.22
1992-05-05,129.99,131.21
1992-05-06,129.99,131.22
1992-05-07,129.99,131.23
1992-05-08,129.99,131.21
1992-05-09,130.0,131.24
1992-05-10,130.0,131.24
1992-05-11,130.0,131.24
1992-05-12,129.99,131.23
1992-05-13,129.99,131.22
1992-05-14,129.99,131.21
1992-05-15,129.99,131.22
1992-05-16,129.99,131.23
1992-05-17,129.99,131.23
1992-05-18,129.99,131.23
1992-05-19,130.0,131.24
1992-05-20,130.0,131.25
1992-05-21,130.0,131.26
1992-05-22,129.85,131.13
1992-05-23,129.74,130.99
1992-05-24,129.74,130.99
1992-05-25,129.74,130.99
1992-05-26,129.53,130.8
1992-05-27,129.34,130.58
1992-05-28,129.33,130.53
1992-05-29,128.45,129.68
1992-05-30,127.47,128.68
1992-05-31,127.47,128.68
1992-06-01,127.47,128.68
1992-06-02,126.97,128.23
1992-06-03,125.94,127.17
1992-06-04,124.94,126.18
1992-06-05,123.92,125.15
1992-06-06,122.9,124.1
1992-06-07,122.9,124.1
1992-06-08,122.9,124.1
1992-06-09,122.41,123.62
1992-06-10,122.43,123.62
1992-06-11,124.05,125.28
1992-06-12,125.49,126.74
1992-06-13,125.76,127.0
1992-06-14,125.76,127.0
1992-06-15,125.76,127.0
1992-06-16,126.01,127.24
1992-06-17,126.27,127.49
1992-06-18,126.7,127.93
1992-06-19,126.7,127.93
1992-06-20,127.08,128.31
1992-06-21,127.08,128.31
1992-06-22,127.08,128.31
1992-06-23,127.37,128.62
1992-06-24,128.18,129.41
1992-06-25,130.21,131.46
1992-06-26,133.45,134.77
1992-06-27,133.65,134.98
1992-06-28,133.65,134.98
1992-06-29,133.65,134.98
1992-06-30,133.65,134.98
1992-07-01,133.68,135.0
1992-07-02,133.68,135.0
1992-07-03,133.68,135.0
1992-07-04,133.68,135.01
1992-07-05,133.68,135.01
1992-07-06,133.68,135.01
1992-07-07,133.68,135.01
1992-07-08,133.69,135.01
1992-07-09,133.69,135.0
1992-07-10,133.69,135.0
1992-07-11,133.63,134.94
1992-07-12,133.63,134.94
1992-07-13,133.63,134.94
1992-07-14,133.64,134.93
1992-07-15,133.65,134.91
1992-07-16,133.66,134.93
1992-07-17,133.64,134.95
1992-07-18,133.62,134.93
1992-07-19,133.62,134.93
1992-07-20,133.62,134.93
1992-07-21,133.62,134.93
1992-07-22,133.75,135.08
1992-07-23,133.79,135.12
1992-07-24,133.77,135.1
1992-07-25,133.79,135.12
1992-07-26,133.79,135.12
1992-07-27,133.79,135.12
1992-07-28,133.8,135.13
1992-07-29,133.81,135.12
1992-07-30,133.78,135.11
1992-07-31,133.5,134.83
1992-08-01,133.32,134.64
1992-08-02,133.32,134.64
1992-08-03,133.32,134.64
1992-08-04,133.36,134.67
1992-08-05,133.34,134.66
1992-08-06,133.12,134.45
1992-08-07,133.15,134.46
1992-08-08,133.25,134.58
1992-08-09,133.25,134.58
1992-08-10,133.25,134.58
1992-08-11,133.38,134.71
1992-08-12,133.67,135.0
1992-08-13,133.77,135.1
1992-08-14,133.78,135.1
1992-08-15,133.78,135.1
1992-08-16,133.78,135.1
1992-08-17,133.78,135.1
1992-08-18,133.79,135.11
1992-08-19,133.94,135.25
1992-08-20,134.25,135.54
1992-08-21,134.34,135.62
1992-08-22,134.48,135.75
1992-08-23,134.48,135.75
1992-08-24,134.48,135.75
1992-08-25,134.57,135.87
1992-08-26,134.61,135.89
1992-08-27,134.67,135.92
1992-08-28,134.71,135.96
1992-08-29,134.75,136.0
1992-08-30,134.75,136.0
1992-08-31,134.75,136.0
1992-09-01,134.77,136.04
1992-09-02,134.8,136.06
1992-09-03,134.85,136.1
1992-09-04,134.84,136.13
1992-09-05,134.85,136.16
1992-09-06,134.85,136.16
1992-09-07,134.85,136.16
1992-09-08,134.87,136.15
1992-09-09,134.91,136.17
1992-09-10,134.98,136.24
1992-09-11,135.01,136.27
1992-09-12,134.92,136.2
1992-09-13,134.92,136.2
1992-09-14,134.92,136.2
1992-09-15,134.93,136.19
1992-09-16,134.93,136.19
1992-09-17,134.95,136.19
1992-09-18,134.95,136.2
1992-09-19,134.96,136.2
1992-09-20,134.96,136.2
1992-09-21,134.96,136.2
1992-09-22,134.96,136.19
1992-09-23,134.96,136.2
1992-09-24,134.97,136.21
1992-09-25,134.96,136.21
1992-09-26,134.99,136.23
1992-09-27,134.99,136.23
1992-09-28,134.99,136.23
1992-09-29,135.05,136.36
1992-09-30,135.23,136.56
1992-10-01,135.26,136.58
1992-10-02,135.29,136.58
1992-10-03,135.29,136.59
1992-10-04,135.29,136.59
1992-10-05,135.29,136.59
1992-10-06,135.32,136.61
1992-10-07,135.42,136.73
1992-10-08,135.47,136.75
1992-10-09,135.49,136.75
1992-10-10,135.49,136.76
1992-10-11,135.49,136.76
1992-10-12,135.49,136.76
1992-10-13,135.49,136.76
1992-10-14,135.52,136.84
1992-10-15,135.56,136.85
1992-10-16,135.59,136.84
1992-10-17,135.59,136.85
1992-10-18,135.59,136.85
1992-10-19,135.59,136.85
1992-10-20,135.63,136.91
1992-10-21,135.7,136.97
1992-10-22,135.74,136.99
1992-10-23,135.74,137.06
1992-10-24,135.71,137.03
1992-10-25,135.71,137.03
1992-10-26,135.71,137.03
1992-10-27,135.71,137.02
1992-10-28,135.72,137.02
1992-10-29,135.72,137.02
1992-10-30,135.72,137.01
1992-10-31,135.76,137.04
1992-11-01,135.76,137.04
1992-11-02,135.76,137.04
1992-11-03,135.78,137.07
1992-11-04,135.81,137.09
1992-11-05,135.86,137.13
1992-11-06,135.85,137.16
1992-11-07,135.86,137.17
1992-11-08,135.86,137.17
1992-11-09,135.86,137.17
1992-11-10,135.87,137.16
1992-11-11,135.92,137.17
1992-11-12,135.95,137.2
1992-11-13,135.95,137.21
1992-11-14,135.97,137.23
1992-11-15,135.97,137.23
1992-11-16,135.97,137.23
1992-11-17,136.01,137.28
1992-11-18,136.07,137.36
1992-11-19,136.13,137.41
1992-11-20,136.18,137.45
1992-11-21,136.2,137.48
1992-11-22,136.2,137.48
1992-11-23,136.2,137.48
1992-11-24,136.26,137.55
1992-11-25,136.29,137.58
1992-11-26,136.32,137.62
1992-11-27,136.31,137.58
1992-11-28,136.21,137.53
1992-11-29,136.21,137.53
1992-11-30,136.21,137.53
1992-12-01,136.21,137.53
1992-12-02,136.26,137.54
1992-12-03,136.3,137.58
1992-12-04,136.31,137.57
1992-12-05,136.32,137.58
1992-12-06,136.32,137.58
1992-12-07,136.32,137.58
1992-12-08,136.32,137.6
1992-12-09,136.32,137.6
1992-12-10,136.32,137.6
1992-12-11,136.32,137.6
1992-12-12,136.32,137.6
1992-12-13,136.32,137.6
1992-12-14,136.32,137.6
1992-12-15,136.32,137.6
1992-12-16,136.33,137.64
1992-12-17,136.35,137.66
1992-12-18,136.37,137.66
1992-12-19,136.39,137.67
1992-12-20,136.39,137.67
1992-12-21,136.39,137.67
1992-12-22,136.43,137.72
1992-12-23,136.55,137.9
1992-12-24,136.64,137.98
1992-12-25,136.73,138.06
1992-12-26,136.73,138.06
1992-12-27,136.73,138.06
1992-12-28,136.73,138.06
1992-12-29,136.74,138.07
1992-12-30,136.74,138.07
1992-12-31,136.74,138.07
1993-01-01,136.74,138.07
1993-01-02,136.74,138.07
1993-01-03,136.74,138.07
1993-01-04,136.74,138.07
1993-01-05,136.75,138.1
1993-01-06,136.77,138.09
1993-01-07,136.77,138.09
1993-01-08,136.79,138.11
1993-01-09,136.81,138.14
1993-01-10,136.81,138.14
1993-01-11,136.81,138.14
1993-01-12,136.82,138.15
1993-01-13,136.84,138.18
1993-01-14,136.85,138.17
1993-01-15,136.85,138.19
1993-01-16,136.85,138.17
1993-01-17,136.85,138.17
1993-01-18,136.85,138.17
1993-01-19,136.89,138.18
1993-01-20,136.91,138.24
1993-01-21,136.96,138.26
1993-01-22,137.0,138.35
1993-01-23,137.02,138.37
1993-01-24,137.02,138.37
1993-01-25,137.02,138.37
1993-01-26,137.29,138.69
1993-01-27,137.71,139.08
1993-01-28,137.73,139.09
1993-01-29,137.77,139.12
1993-01-30,137.77,139.12
1993-01-31,137.77,139.12
1993-02-01,137.77,139.12
1993-02-02,137.78,139.12
1993-02-03,137.78,139.12
1993-02-04,137.81,139.12
1993-02-05,137.75,139.11
1993-02-06,137.71,139.04
1993-02-07,137.71,139.04
1993-02-08,137.71,139.04
1993-02-09,137.71,139.06
1993-02-10,137.7,139.05
1993-02-11,137.69,139.0
1993-02-12,137.67,138.98
1993-02-13,137.65,138.97
1993-02-14,137.65,138.97
1993-02-15,137.65,138.97
1993-02-16,137.66,138.97
1993-02-17,137.68,138.99
1993-02-18,137.66,139.01
1993-02-19,137.67,139.02
1993-02-20,137.68,139.02
1993-02-21,137.68,139.02
1993-02-22,137.68,139.02
1993-02-23,137.65,138.98
1993-02-24,137.61,138.93
1993-02-25,137.58,138.91
1993-02-26,137.55,138.9
1993-02-27,137.55,138.89
1993-02-28,137.55,138.89
1993-03-01,137.55,138.89
1993-03-02,137.55,138.89
1993-03-03,137.54,138.88
1993-03-04,137.54,138.88
1993-03-05,137.54,138.88
1993-03-06,137.54,138.87
1993-03-07,137.54,138.87
1993-03-08,137.54,138.87
1993-03-09,137.53,138.88
1993-03-10,137.54,138.88
1993-03-11,137.56,138.88
1993-03-12,137.56,138.88
1993-03-13,137.56,138.88
1993-03-14,137.56,138.88
1993-03-15,137.56,138.88
1993-03-16,137.57,138.84
1993-03-17,137.57,138.86
1993-03-18,137.57,138.86
1993-03-19,137.57,138.86
1993-03-20,137.57,138.86
1993-03-21,137.57,138.86
1993-03-22,137.57,138.86
1993-03-23,137.57,138.86
1993-03-24,137.57,138.86
1993-03-25,137.57,138.86
1993-03-26,137.6,138.85
1993-03-27,137.57,138.85
1993-03-28,137.57,138.85
1993-03-29,137.57,138.85
1993-03-30,137.57,138.85
1993-03-31,137.57,138.85
1993-04-01,137.55,138.85
1993-04-02,137.54,138.84
1993-04-03,137.54,138.84
1993-04-04,137.54,138.84
1993-04-05,137.54,138.84
1993-04-06,137.54,138.84
1993-04-07,137.55,138.86
1993-04-08,137.55,138.85
1993-04-09,137.55,138.85
1993-04-10,137.55,138.85
1993-04-11,137.55,138.85
1993-04-12,137.55,138.85
1993-04-13,137.55,138.85
1993-04-14,137.55,138.85
1993-04-15,137.54,138.84
1993-04-16,137.54,138.85
1993-04-17,137.55,138.85
1993-04-18,137.55,138.85
1993-04-19,137.55,138.85
1993-04-20,137.54,138.85
1993-04-21,137.57,138.85
1993-04-22,137.55,138.85
1993-04-23,137.54,138.85
1993-04-24,137.54,138.85
1993-04-25,137.54,138.85
1993-04-26,137.54,138.85
1993-04-27,137.54,138.85
1993-04-28,137.54,138.85
1993-04-29,137.54,138.85
1993-04-30,137.54,138.85
1993-05-01,137.54,138.85
1993-05-02,137.54,138.85
1993-05-03,137.54,138.85
1993-05-04,137.54,138.85
1993-05-05,137.53,138.86
1993-05-06,137.54,138.86
1993-05-07,137.54,138.86
1993-05-08,137.53,138.86
1993-05-09,137.53,138.86
1993-05-10,137.53,138.86
1993-05-11,137.53,138.86
1993-05-12,137.53,138.86
1993-05-13,137.53,138.86
1993-05-14,137.53,138.86
1993-05-15,137.55,138.83
1993-05-16,137.55,138.83
1993-05-17,137.55,138.83
1993-05-18,137.55,138.83
1993-05-19,137.55,138.83
1993-05-20,137.55,138.83
1993-05-21,137.55,138.83
1993-05-22,137.55,138.83
1993-05-23,137.55,138.83
1993-05-24,137.55,138.83
1993-05-25,137.55,138.83
1993-05-26,137.55,138.83
1993-05-27,137.55,138.83
1993-05-28,137.55,138.83
1993-05-29,137.55,138.83
1993-05-30,137.55,138.83
1993-05-31,137.55,138.83
1993-06-01,137.54,138.85
1993-06-02,137.56,138.88
1993-06-03,137.68,139.0
1993-06-04,137.74,139.09
1993-06-05,137.93,139.26
1993-06-06,137.93,139.26
1993-06-07,137.93,139.26
1993-06-08,138.66,140.03
1993-06-09,139.02,140.39
1993-06-10,138.97,140.34
1993-06-11,138.97,140.34
1993-06-12,138.98,140.32
1993-06-13,138.98,140.32
1993-06-14,138.98,140.32
1993-06-15,139.06,140.42
1993-06-16,139.19,140.55
1993-06-17,139.3,140.65
1993-06-18,139.45,140.8
1993-06-19,139.58,140.95
1993-06-20,139.58,140.95
1993-06-21,139.58,140.95
1993-06-22,139.75,141.14
1993-06-23,139.81,141.18
1993-06-24,139.8,141.15
1993-06-25,139.81,141.17
1993-06-26,139.82,141.17
1993-06-27,139.82,141.17
1993-06-28,139.82,141.17
1993-06-29,139.83,141.18
1993-06-30,139.83,141.18
1993-07-01,139.87,141.24
1993-07-02,139.93,141.3
1993-07-03,139.98,141.35
1993-07-04,139.98,141.35
1993-07-05,139.98,141.35
1993-07-06,140.1,141.49
1993-07-07,140.19,141.58
1993-07-08,140.3,141.7
1993-07-09,140.39,141.79
1993-07-10,140.46,141.85
1993-07-11,140.46,141.85
1993-07-12,140.46,141.85
1993-07-13,140.61,141.98
1993-07-14,140.63,142.03
1993-07-15,140.66,142.06
1993-07-16,140.71,142.07
1993-07-17,140.71,142.06
1993-07-18,140.71,142.06
1993-07-19,140.71,142.06
1993-07-20,140.71,142.07
1993-07-21,140.84,142.18
1993-07-22,140.94,142.33
1993-07-23,141.01,142.4
1993-07-24,141.07,142.46
1993-07-25,141.07,142.46
1993-07-26,141.07,142.46
1993-07-27,141.14,142.53
1993-07-28,141.23,142.62
1993-07-29,141.32,142.7
1993-07-30,141.37,142.76
1993-07-31,141.42,142.81
1993-08-01,141.42,142.81
1993-08-02,141.42,142.81
1993-08-03,141.42,142.81
1993-08-04,141.47,142.85
1993-08-05,141.53,142.91
1993-08-06,141.58,142.95
1993-08-07,141.66,143.03
1993-08-08,141.66,143.03
1993-08-09,141.66,143.03
1993-08-10,141.77,143.15
1993-08-11,141.88,143.26
1993-08-12,141.98,143.36
1993-08-13,142.07,143.45
1993-08-14,142.15,143.54
1993-08-15,142.15,143.54
1993-08-16,142.15,143.54
1993-08-17,142.24,143.64
1993-08-18,142.38,143.77
1993-08-19,142.5,143.9
1993-08-20,142.6,143.99
1993-08-21,142.7,144.09
1993-08-22,142.7,144.09
1993-08-23,142.7,144.09
1993-08-24,142.8,144.19
1993-08-25,142.91,144.3
1993-08-26,142.99,144.38
1993-08-27,143.07,144.46
1993-08-28,143.14,144.54
1993-08-29,143.14,144.54
1993-08-30,143.14,144.54
1993-08-31,143.21,144.61
1993-09-01,143.3,144.69
1993-09-02,143.4,144.8
1993-09-03,143.5,144.9
1993-09-04,143.59,144.97
1993-09-05,143.59,144.97
1993-09-06,143.59,144.97
1993-09-07,143.68,145.08
1993-09-08,143.79,145.19
1993-09-09,143.86,145.25
1993-09-10,143.94,145.33
1993-09-11,144.02,145.42
1993-09-12,144.02,145.42
1993-09-13,144.02,145.42
1993-09-14,144.11,145.51
1993-09-15,144.19,145.59
1993-09-16,144.19,145.59
1993-09-17,144.27,145.67
1993-09-18,144.35,145.75
1993-09-19,144.35,145.75
1993-09-20,144.35,145.75
1993-09-21,144.43,145.83
1993-09-22,144.52,145.92
1993-09-23,144.6,146.01
1993-09-24,144.69,146.09
1993-09-25,144.77,146.18
1993-09-26,144.77,146.18
1993-09-27,144.77,146.18
1993-09-28,144.86,146.27
1993-09-29,144.98,146.39
1993-09-30,145.07,146.5
1993-10-01,145.16,146.58
1993-10-02,145.25,146.67
1993-10-03,145.25,146.67
1993-10-04,145.25,146.67
1993-10-05,145.33,146.76
1993-10-06,145.43,146.86
1993-10-07,145.52,146.95
1993-10-08,145.61,147.02
1993-10-09,145.69,147.11
1993-10-10,145.69,147.11
1993-10-11,145.69,147.11
1993-10-12,145.76,147.19
1993-10-13,145.76,147.19
1993-10-14,145.85,147.28
1993-10-15,145.93,147.36
1993-10-16,146.01,147.44
1993-10-17,146.01,147.44
1993-10-18,146.01,147.44
1993-10-19,146.09,147.52
1993-10-20,146.19,147.62
1993-10-21,146.29,147.72
1993-10-22,146.39,147.82
1993-10-23,146.49,147.92
1993-10-24,146.49,147.92
1993-10-25,146.49,147.92
1993-10-26,146.59,148.02
1993-10-27,146.7,148.11
1993-10-28,146.79,148.21
1993-10-29,146.89,148.3
1993-10-30,146.97,148.39
1993-10-31,146.97,148.39
1993-11-01,146.97,148.39
1993-11-02,147.06,148.49
1993-11-03,147.16,148.59
1993-11-04,147.25,148.68
1993-11-05,147.35,148.78
1993-11-06,147.44,148.87
1993-11-07,147.44,148.87
1993-11-08,147.44,148.87
1993-11-09,147.53,148.97
1993-11-10,147.64,149.07
1993-11-11,147.73,149.16
1993-11-12,147.81,149.24
1993-11-13,147.91,149.35
1993-11-14,147.91,149.35
1993-11-15,147.91,149.35
1993-11-16,148.01,149.44
1993-11-17,148.1,149.53
1993-11-18,148.19,149.62
1993-11-19,148.3,149.73
1993-11-20,148.39,149.82
1993-11-21,148.39,149.82
1993-11-22,148.39,149.82
1993-11-23,148.49,149.93
1993-11-24,148.58,150.01
1993-11-25,148.66,150.08
1993-11-26,148.75,150.18
1993-11-27,148.84,150.27
1993-11-28,148.84,150.27
1993-11-29,148.84,150.27
1993-11-30,148.92,150.35
1993-12-01,149.0,150.43
1993-12-02,149.09,150.53
1993-12-03,149.17,150.61
1993-12-04,149.26,150.7
1993-12-05,149.26,150.7
1993-12-06,149.26,150.7
1993-12-07,149.34,150.78
1993-12-08,149.43,150.87
1993-12-09,149.43,150.87
1993-12-10,149.53,150.97
1993-12-11,149.61,151.06
1993-12-12,149.61,151.06
1993-12-13,149.61,151.06
1993-12-14,149.71,151.14
1993-12-15,149.8,151.24
1993-12-16,149.9,151.34
1993-12-17,149.99,151.43
1993-12-18,150.09,151.54
1993-12-19,150.09,151.54
1993-12-20,150.09,151.54
1993-12-21,150.17,151.63
1993-12-22,150.26,151.72
1993-12-23,150.35,151.82
1993-12-24,150.44,151.91
1993-12-25,150.53,152.0
1993-12-26,150.53,152.0
1993-12-27,150.53,152.0
1993-12-28,150.61,152.08
1993-12-29,150.71,152.17
1993-12-30,150.71,152.17
1993-12-31,150.71,152.17
1994-01-01,150.71,152.17
1994-01-02,150.71,152.17
1994-01-03,150.71,152.17
1994-01-04,150.8,152.28
1994-01-05,150.89,152.36
1994-01-06,150.75,152.2
1994-01-07,150.71,152.19
1994-01-08,150.75,152.21
1994-01-09,150.75,152.21
1994-01-10,150.75,152.21
1994-01-11,150.8,152.28
1994-01-12,150.86,152.35
1994-01-13,150.93,152.41
1994-01-14,151.0,152.49
1994-01-15,151.08,152.56
1994-01-16,151.08,152.56
1994-01-17,151.08,152.56
1994-01-18,151.16,152.64
1994-01-19,151.23,152.71
1994-01-20,151.29,152.77
1994-01-21,151.34,152.83
1994-01-22,151.39,152.88
1994-01-23,151.39,152.88
1994-01-24,151.39,152.88
1994-01-25,151.44,152.93
1994-01-26,151.49,152.97
1994-01-27,151.54,153.03
1994-01-28,151.59,153.08
1994-01-29,151.64,153.12
1994-01-30,151.64,153.12
1994-01-31,151.64,153.12
1994-02-01,151.68,153.17
1994-02-02,151.74,153.22
1994-02-03,151.8,153.28
1994-02-04,151.84,153.32
1994-02-05,151.89,153.37
1994-02-06,151.89,153.37
1994-02-07,151.89,153.37
1994-02-08,151.94,153.42
1994-02-09,151.97,153.45
1994-02-10,151.99,153.48
1994-02-11,152.05,153.33
1994-02-12,152.07,153.34
1994-02-13,152.07,153.34
1994-02-14,152.07,153.34
1994-02-15,152.09,153.37
1994-02-16,152.12,153.4
1994-02-17,152.15,153.43
1994-02-18,152.17,153.45
1994-02-19,152.2,153.47
1994-02-20,152.2,153.47
1994-02-21,152.2,153.47
1994-02-22,152.22,153.5
1994-02-23,152.26,153.54
1994-02-24,152.29,153.56
1994-02-25,152.32,153.59
1994-02-26,152.35,153.62
1994-02-27,152.35,153.62
1994-02-28,152.35,153.62
1994-03-01,152.37,153.64
1994-03-02,152.41,153.68
1994-03-03,152.44,153.71
1994-03-04,152.47,153.74
1994-03-05,152.51,153.78
1994-03-06,152.51,153.78
1994-03-07,152.51,153.78
1994-03-08,152.55,153.83
1994-03-09,152.6,153.87
1994-03-10,152.65,153.91
1994-03-11,152.7,153.83
1994-03-12,152.74,153.87
1994-03-13,152.74,153.87
1994-03-14,152.74,153.87
1994-03-15,152.79,153.92
1994-03-16,152.84,153.97
1994-03-17,152.9,154.03
1994-03-18,152.95,154.07
1994-03-19,153.0,154.13
1994-03-20,153.0,154.13
1994-03-21,153.0,154.13
1994-03-22,153.05,154.18
1994-03-23,153.1,154.24
1994-03-24,153.16,154.29
1994-03-25,153.21,154.34
1994-03-26,153.26,154.39
1994-03-27,153.26,154.39
1994-03-28,153.26,154.39
1994-03-29,153.31,154.44
1994-03-30,153.36,154.49
1994-03-31,153.4,154.53
1994-04-01,153.4,154.53
1994-04-02,153.4,154.53
1994-04-03,153.4,154.53
1994-04-04,153.4,154.53
1994-04-05,153.44,154.58
1994-04-06,153.48,154.61
1994-04-07,153.52,154.66
1994-04-08,153.55,154.69
1994-04-09,153.57,154.71
1994-04-10,153.57,154.71
1994-04-11,153.57,154.71
1994-04-12,153.57,154.71
1994-04-13,153.6,154.74
1994-04-14,153.61,154.75
1994-04-15,153.62,154.68
1994-04-16,153.63,154.69
1994-04-17,153.63,154.69
1994-04-18,153.63,154.69
1994-04-19,153.64,154.69
1994-04-20,153.66,154.72
1994-04-21,153.68,154.74
1994-04-22,153.71,154.77
1994-04-23,153.72,154.79
1994-04-24,153.72,154.79
1994-04-25,153.72,154.79
1994-04-26,153.73,154.79
1994-04-27,153.76,154.81
1994-04-28,153.77,154.83
1994-04-29,153.79,154.85
1994-04-30,153.79,154.85
1994-05-01,153.79,154.85
1994-05-02,153.79,154.85
1994-05-03,153.8,154.86
1994-05-04,153.81,154.88
1994-05-05,153.86,154.92
1994-05-06,153.91,154.98
1994-05-07,153.97,155.02
1994-05-08,153.97,155.02
1994-05-09,153.97,155.02
1994-05-10,154.02,155.08
1994-05-11,154.06,155.12
1994-05-12,154.1,155.17
1994-05-13,154.15,155.22
1994-05-14,154.19,155.26
1994-05-15,154.19,155.26
1994-05-16,154.19,155.26
1994-05-17,154.22,155.28
1994-05-18,154.25,155.32
1994-05-19,154.28,155.35
1994-05-20,154.3,155.37
1994-05-21,154.33,155.4
1994-05-22,154.33,155.4
1994-05-23,154.33,155.4
1994-05-24,154.4,155.48
1994-05-25,154.46,155.53
1994-05-26,154.51,155.58
1994-05-27,154.55,155.62
1994-05-28,154.59,155.66
1994-05-29,154.59,155.66
1994-05-30,154.59,155.66
1994-05-31,154.64,155.71
1994-06-01,154.69,155.75
1994-06-02,154.74,155.8
1994-06-03,154.74,155.8
1994-06-04,154.77,155.83
1994-06-05,154.77,155.83
1994-06-06,154.77,155.83
1994-06-07,154.8,155.87
1994-06-08,154.83,155.9
1994-06-09,154.86,155.92
1994-06-10,154.87,155.94
1994-06-11,154.88,155.94
1994-06-12,154.88,155.94
1994-06-13,154.88,155.94
1994-06-14,154.88,155.95
1994-06-15,154.9,155.97
1994-06-16,154.94,156.01
1994-06-17,154.98,156.04
1994-06-18,155.03,156.09
1994-06-19,155.03,156.09
1994-06-20,155.03,156.09
1994-06-21,155.11,156.17
1994-06-22,155.18,156.25
1994-06-23,155.27,156.33
1994-06-24,155.34,156.4
1994-06-25,155.41,156.46
1994-06-26,155.41,156.46
1994-06-27,155.41,156.46
1994-06-28,155.47,156.53
1994-06-29,155.54,156.6
1994-06-30,155.54,156.6
1994-07-01,155.6,156.66
1994-07-02,155.65,156.72
1994-07-03,155.65,156.72
1994-07-04,155.65,156.72
1994-07-05,155.71,156.77
1994-07-06,155.77,156.84
1994-07-07,155.84,156.9
1994-07-08,155.9,156.97
1994-07-09,155.96,157.03
1994-07-10,155.96,157.03
1994-07-11,155.96,157.03
1994-07-12,156.02,157.09
1994-07-13,156.08,157.15
1994-07-14,156.14,157.21
1994-07-15,156.2,157.27
1994-07-16,156.26,157.32
1994-07-17,156.26,157.32
1994-07-18,156.26,157.32
1994-07-19,156.33,157.39
1994-07-20,156.39,157.46
1994-07-21,156.46,157.52
1994-07-22,156.51,157.57
1994-07-23,156.57,157.64
1994-07-24,156.57,157.64
1994-07-25,156.57,157.64
1994-07-26,156.57,157.64
1994-07-27,156.62,157.69
1994-07-28,156.68,157.75
1994-07-29,156.74,157.81
1994-07-30,156.8,157.87
1994-07-31,156.8,157.87
1994-08-01,156.8,157.87
1994-08-02,156.85,157.93
1994-08-03,156.85,157.93
1994-08-04,156.91,157.99
1994-08-05,156.98,158.05
1994-08-06,157.04,158.11
1994-08-07,157.04,158.11
1994-08-08,157.04,158.11
1994-08-09,157.1,158.17
1994-08-10,157.16,158.23
1994-08-11,157.22,158.29
1994-08-12,157.28,158.36
1994-08-13,157.34,158.41
1994-08-14,157.34,158.41
1994-08-15,157.34,158.41
1994-08-16,157.34,158.41
1994-08-17,157.4,158.48
1994-08-18,157.47,158.54
1994-08-19,157.53,158.6
1994-08-20,157.59,158.67
1994-08-21,157.59,158.67
1994-08-22,157.59,158.67
1994-08-23,157.65,158.73
1994-08-24,157.72,158.79
1994-08-25,157.78,158.85
1994-08-26,157.85,158.92
1994-08-27,157.91,158.99
1994-08-28,157.91,158.99
1994-08-29,157.91,158.99
1994-08-30,157.98,159.05
1994-08-31,158.05,159.12
1994-09-01,158.11,159.19
1994-09-02,158.18,159.26
1994-09-03,158.24,159.32
1994-09-04,158.24,159.32
1994-09-05,158.24,159.32
1994-09-06,158.3,159.39
1994-09-07,158.38,159.46
1994-09-08,158.45,159.53
1994-09-09,158.52,159.6
1994-09-10,158.59,159.67
1994-09-11,158.59,159.67
1994-09-12,158.59,159.67
1994-09-13,158.65,159.73
1994-09-14,158.71,159.8
1994-09-15,158.77,159.85
1994-09-16,158.77,159.85
1994-09-17,158.82,159.91
1994-09-18,158.82,159.91
1994-09-19,158.82,159.91
1994-09-20,158.89,159.97
1994-09-21,158.95,160.04
1994-09-22,159.01,160.1
1994-09-23,159.08,160.16
1994-09-24,159.15,160.23
1994-09-25,159.15,160.23
1994-09-26,159.15,160.23
1994-09-27,159.22,160.3
1994-09-28,159.29,160.37
1994-09-29,159.35,160.44
1994-09-30,159.43,160.51
1994-10-01,159.51,160.59
1994-10-02,159.51,160.59
1994-10-03,159.51,160.59
1994-10-04,159.59,160.68
1994-10-05,159.68,160.77
1994-10-06,159.77,160.85
1994-10-07,159.86,160.94
1994-10-08,159.93,161.02
1994-10-09,159.93,161.02
1994-10-10,159.93,161.02
1994-10-11,160.01,161.11
1994-10-12,160.09,161.19
1994-10-13,160.09,161.19
1994-10-14,160.18,161.27
1994-10-15,160.27,161.36
1994-10-16,160.27,161.36
1994-10-17,160.27,161.36
1994-10-18,160.35,161.46
1994-10-19,160.44,161.54
1994-10-20,160.53,161.63
1994-10-21,160.62,161.72
1994-10-22,160.71,161.81
1994-10-23,160.71,161.81
1994-10-24,160.71,161.81
1994-10-25,160.8,161.9
1994-10-26,160.89,162.0
1994-10-27,160.99,162.09
1994-10-28,161.08,162.18
1994-10-29,161.17,162.27
1994-10-30,161.17,162.27
1994-10-31,161.17,162.27
1994-11-01,161.26,162.36
1994-11-02,161.35,162.45
1994-11-03,161.44,162.54
1994-11-04,161.52,162.62
1994-11-05,161.59,162.7
1994-11-06,161.59,162.7
1994-11-07,161.59,162.7
1994-11-08,161.67,162.78
1994-11-09,161.75,162.86
1994-11-10,161.83,162.94
1994-11-11,161.91,163.02
1994-11-12,161.99,163.1
1994-11-13,161.99,163.1
1994-11-14,161.99,163.1
1994-11-15,162.06,163.17
1994-11-16,162.14,163.25
1994-11-17,162.21,163.32
1994-11-18,162.28,163.39
1994-11-19,162.35,163.47
1994-11-20,162.35,163.47
1994-11-21,162.35,163.47
1994-11-22,162.44,163.55
1994-11-23,162.52,163.63
1994-11-24,162.61,163.72
1994-11-25,162.7,163.82
1994-11-26,162.78,163.9
1994-11-27,162.78,163.9
1994-11-28,162.78,163.9
1994-11-29,162.87,163.99
1994-11-30,162.95,164.07
1994-12-01,163.03,164.14
1994-12-02,163.1,164.22
1994-12-03,163.17,164.29
1994-12-04,163.17,164.29
1994-12-05,163.17,164.29
1994-12-06,163.25,164.37
1994-12-07,163.33,164.45
1994-12-08,163.39,164.51
1994-12-09,163.39,164.51
1994-12-10,163.46,164.58
1994-12-11,163.46,164.58
1994-12-12,163.46,164.58
1994-12-13,163.53,164.65
1994-12-14,163.61,164.73
1994-12-15,163.69,164.81
1994-12-16,163.77,164.89
1994-12-17,163.84,164.97
1994-12-18,163.84,164.97
1994-12-19,163.84,164.97
1994-12-20,163.92,165.05
1994-12-21,164.01,165.14
1994-12-22,164.11,165.24
1994-12-23,164.21,165.34
1994-12-24,164.31,165.44
1994-12-25,164.31,165.44
1994-12-26,164.31,165.44
1994-12-27,164.4,165.53
1994-12-28,164.51,165.63
1994-12-29,164.51,165.63
1994-12-30,164.51,165.63
1994-12-31,164.51,165.63
1995-01-01,164.51,165.63
1995-01-02,164.51,165.63
1995-01-03,164.6,165.74
1995-01-04,164.7,165.83
1995-01-05,164.82,165.95
1995-01-06,164.93,166.06
1995-01-07,165.03,166.16
1995-01-08,165.03,166.16
1995-01-09,165.03,166.16
1995-01-10,165.13,166.26
1995-01-11,165.23,166.37
1995-01-12,165.33,166.47
1995-01-13,165.42,166.56
1995-01-14,165.52,166.65
1995-01-15,165.52,166.65
1995-01-16,165.52,166.65
1995-01-17,165.62,166.75
1995-01-18,165.71,166.84
1995-01-19,165.8,166.93
1995-01-20,165.89,167.02
1995-01-21,165.99,167.13
1995-01-22,165.99,167.13
1995-01-23,165.99,167.13
1995-01-24,166.08,167.22
1995-01-25,166.17,167.31
1995-01-26,166.26,167.4
1995-01-27,166.36,167.49
1995-01-28,166.45,167.58
1995-01-29,166.45,167.58
1995-01-30,166.45,167.58
1995-01-31,166.54,167.68
1995-02-01,166.64,167.77
1995-02-02,166.73,167.87
1995-02-03,166.83,167.97
1995-02-04,166.94,168.07
1995-02-05,166.94,168.07
1995-02-06,166.94,168.07
1995-02-07,167.04,168.18
1995-02-08,167.15,168.29
1995-02-09,167.26,168.4
1995-02-10,167.36,168.5
1995-02-11,167.46,168.6
1995-02-12,167.46,168.6
1995-02-13,167.46,168.6
1995-02-14,167.58,168.72
1995-02-15,167.69,168.84
1995-02-16,167.81,168.96
1995-02-17,167.94,169.09
1995-02-18,168.07,169.22
1995-02-19,168.07,169.22
1995-02-20,168.07,169.22
1995-02-21,168.19,169.35
1995-02-22,168.32,169.47
1995-02-23,168.45,169.6
1995-02-24,168.57,169.73
1995-02-25,168.7,169.86
1995-02-26,168.7,169.86
1995-02-27,168.7,169.86
1995-02-28,168.83,169.99
1995-03-01,168.96,170.12
1995-03-02,169.09,170.25
1995-03-03,169.22,170.38
1995-03-04,169.34,170.5
1995-03-05,169.34,170.5
1995-03-06,169.34,170.5
1995-03-07,169.46,170.62
1995-03-08,169.58,170.73
1995-03-09,169.69,170.85
1995-03-10,169.8,170.96
1995-03-11,169.91,171.07
1995-03-12,169.91,171.07
1995-03-13,169.91,171.07
1995-03-14,170.02,171.18
1995-03-15,170.13,171.3
1995-03-16,170.25,171.41
1995-03-17,170.37,171.53
1995-03-18,170.49,171.66
1995-03-19,170.49,171.66
1995-03-20,170.49,171.66
1995-03-21,170.6,171.77
1995-03-22,170.72,171.89
1995-03-23,170.84,172.01
1995-03-24,170.96,172.13
1995-03-25,171.08,172.25
1995-03-26,171.08,172.25
1995-03-27,171.08,172.25
1995-03-28,171.2,172.37
1995-03-29,171.32,172.49
1995-03-30,171.68,172.62
1995-03-31,171.77,172.72
1995-04-01,171.89,172.83
1995-04-02,171.89,172.83
1995-04-03,171.89,172.83
1995-04-04,172.0,172.95
1995-04-05,172.13,173.07
1995-04-06,172.25,173.19
1995-04-07,172.37,173.32
1995-04-08,172.49,173.44
1995-04-09,172.49,173.44
1995-04-10,172.49,173.44
1995-04-11,172.61,173.56
1995-04-12,172.61,173.56
1995-04-13,172.74,173.69
1995-04-14,172.74,173.69
1995-04-15,172.74,173.69
1995-04-16,172.74,173.69
1995-04-17,172.74,173.69
1995-04-18,172.87,173.81
1995-04-19,172.99,173.94
1995-04-20,173.11,174.06
1995-04-21,173.23,174.18
1995-04-22,173.35,174.3
1995-04-23,173.35,174.3
1995-04-24,173.35,174.3
1995-04-25,173.47,174.42
1995-04-26,173.59,174.54
1995-04-27,173.71,174.67
1995-04-28,173.84,174.79
1995-04-29,173.96,174.91
1995-04-30,173.96,174.91
1995-05-01,173.96,174.91
1995-05-02,173.96,174.91
1995-05-03,174.08,175.03
1995-05-04,174.2,175.15
1995-05-05,174.32,175.28
1995-05-06,174.45,175.4
1995-05-07,174.45,175.4
1995-05-08,174.45,175.4
1995-05-09,174.57,175.52
1995-05-10,174.7,175.66
1995-05-11,174.83,175.78
1995-05-12,174.95,175.91
1995-05-13,175.07,176.03
1995-05-14,175.07,176.03
1995-05-15,175.07,176.03
1995-05-16,175.2,176.16
1995-05-17,175.33,176.29
1995-05-18,175.46,176.41
1995-05-19,175.58,176.54
1995-05-20,175.7,176.66
1995-05-21,175.7,176.66
1995-05-22,175.7,176.66
1995-05-23,175.82,176.78
1995-05-24,175.94,176.9
1995-05-25,176.06,177.02
1995-05-26,176.18,177.15
1995-05-27,176.31,177.27
1995-05-28,176.31,177.27
1995-05-29,176.31,177.27
1995-05-30,176.43,177.4
1995-05-31,176.55,177.52
1995-06-01,176.68,177.64
1995-06-02,176.8,177.77
1995-06-03,176.92,177.89
1995-06-04,176.92,177.89
1995-06-05,176.92,177.89
1995-06-06,177.05,178.02
1995-06-07,177.17,178.14
1995-06-08,177.29,178.26
1995-06-09,177.42,178.39
1995-06-10,177.54,178.51
1995-06-11,177.54,178.51
1995-06-12,177.54,178.51
1995-06-13,177.66,178.63
1995-06-14,177.79,178.76
1995-06-15,177.91,178.88
1995-06-16,177.91,178.88
1995-06-17,178.03,179.0
1995-06-18,178.03,179.0
1995-06-19,178.03,179.0
1995-06-20,178.15,179.13
1995-06-21,178.27,179.25
1995-06-22,178.38,179.36
1995-06-23,178.5,179.48
1995-06-24,178.63,179.61
1995-06-25,178.63,179.61
1995-06-26,178.63,179.61
1995-06-27,178.76,179.74
1995-06-28,178.88,179.86
1995-06-29,179.0,179.99
1995-06-30,179.0,179.99
1995-07-01,179.12,180.11
1995-07-02,179.12,180.11
1995-07-03,179.12,180.11
1995-07-04,179.24,180.22
1995-07-05,179.36,180.34
1995-07-06,179.48,180.46
1995-07-07,179.6,180.58
1995-07-08,179.72,180.7
1995-07-09,179.72,180.7
1995-07-10,179.72,180.7
1995-07-11,179.83,180.81
1995-07-12,179.94,180.93
1995-07-13,180.06,181.04
1995-07-14,180.18,181.16
1995-07-15,180.3,181.28
1995-07-16,180.3,181.28
1995-07-17,180.3,181.28
1995-07-18,180.42,181.4
1995-07-19,180.54,181.52
1995-07-20,180.65,181.64
1995-07-21,180.77,181.75
1995-07-22,180.89,181.87
1995-07-23,180.89,181.87
1995-07-24,180.89,181.87
1995-07-25,181.01,181.99
1995-07-26,181.01,181.99
1995-07-27,181.13,182.11
1995-07-28,181.25,182.23
1995-07-29,181.37,182.36
1995-07-30,181.37,182.36
1995-07-31,181.37,182.36
1995-08-01,181.49,182.48
1995-08-02,181.61,182.6
1995-08-03,181.61,182.6
1995-08-04,181.73,182.72
1995-08-05,181.85,182.84
1995-08-06,181.85,182.84
1995-08-07,181.85,182.84
1995-08-08,181.97,182.96
1995-08-09,182.09,183.08
1995-08-10,182.21,183.2
1995-08-11,182.33,183.33
1995-08-12,182.45,183.45
1995-08-13,182.45,183.45
1995-08-14,182.45,183.45
1995-08-15,182.58,183.57
1995-08-16,182.58,183.57
1995-08-17,182.7,183.7
1995-08-18,182.82,183.82
1995-08-19,182.94,183.94
1995-08-20,182.94,183.94
1995-08-21,182.94,183.94
1995-08-22,183.06,184.06
1995-08-23,183.18,184.18
1995-08-24,183.31,184.3
1995-08-25,183.44,184.43
1995-08-26,183.56,184.56
1995-08-27,183.56,184.56
1995-08-28,183.56,184.56
1995-08-29,183.69,184.69
1995-08-30,183.81,184.81
1995-08-31,183.94,184.94
1995-09-01,184.06,185.06
1995-09-02,184.18,185.18
1995-09-03,184.18,185.18
1995-09-04,184.18,185.18
1995-09-05,184.31,185.31
1995-09-06,184.44,185.44
1995-09-07,184.56,185.57
1995-09-08,184.69,185.7
1995-09-09,184.82,185.82
1995-09-10,184.82,185.82
1995-09-11,184.82,185.82
1995-09-12,184.95,185.95
1995-09-13,185.08,186.08
1995-09-14,185.21,186.21
1995-09-15,185.34,186.34
1995-09-16,185.34,186.34
1995-09-17,185.34,186.34
1995-09-18,185.34,186.34
1995-09-19,185.47,186.47
1995-09-20,185.6,186.6
1995-09-21,185.73,186.73
1995-09-22,185.86,186.86
1995-09-23,185.99,186.99
1995-09-24,185.99,186.99
1995-09-25,185.99,186.99
1995-09-26,186.12,187.12
1995-09-27,186.24,187.24
1995-09-28,186.36,187.37
1995-09-29,186.49,187.49
1995-09-30,186.61,187.62
1995-10-01,186.61,187.62
1995-10-02,186.61,187.62
1995-10-03,186.74,187.74
1995-10-04,186.87,187.87
1995-10-05,186.99,188.0
1995-10-06,187.11,188.12
1995-10-07,187.24,188.24
1995-10-08,187.24,188.24
1995-10-09,187.24,188.24
1995-10-10,187.37,188.37
1995-10-11,187.5,188.5
1995-10-12,187.63,188.64
1995-10-13,187.63,188.64
1995-10-14,187.75,188.76
1995-10-15,187.75,188.76
1995-10-16,187.75,188.76
1995-10-17,187.88,188.89
1995-10-18,188.01,189.01
1995-10-19,188.14,189.14
1995-10-20,188.27,189.28
1995-10-21,188.4,189.4
1995-10-22,188.4,189.4
1995-10-23,188.4,189.4
1995-10-24,188.53,189.53
1995-10-25,188.66,189.66
1995-10-26,188.78,189.79
1995-10-27,188.9,189.92
1995-10-28,189.03,190.04
1995-10-29,189.03,190.04
1995-10-30,189.03,190.04
1995-10-31,189.15,190.16
1995-11-01,189.28,190.29
1995-11-02,189.41,190.42
1995-11-03,189.53,190.55
1995-11-04,189.66,190.68
1995-11-05,189.66,190.68
1995-11-06,189.66,190.68
1995-11-07,189.79,190.81
1995-11-08,189.92,190.94
1995-11-09,190.05,191.07
1995-11-10,190.18,191.2
1995-11-11,190.3,191.32
1995-11-12,190.3,191.32
1995-11-13,190.3,191.32
1995-11-14,190.43,191.45
1995-11-15,190.57,191.57
1995-11-16,190.71,191.71
1995-11-17,190.84,191.85
1995-11-18,190.97,191.98
1995-11-19,190.97,191.98
1995-11-20,190.97,191.98
1995-11-21,191.11,192.12
1995-11-22,191.25,192.26
1995-11-23,191.39,192.4
1995-11-24,191.53,192.53
1995-11-25,191.67,192.68
1995-11-26,191.67,192.68
1995-11-27,191.67,192.68
1995-11-28,191.81,192.81
1995-11-29,191.95,192.96
1995-11-30,192.07,193.06
1995-12-01,192.19,193.15
1995-12-02,192.33,193.28
1995-12-03,192.33,193.28
1995-12-04,192.33,193.28
1995-12-05,192.46,193.41
1995-12-06,192.6,193.54
1995-12-07,192.72,193.65
1995-12-08,192.83,193.76
1995-12-09,192.83,193.76
1995-12-10,192.83,193.76
1995-12-11,192.83,193.76
1995-12-12,192.97,193.88
1995-12-13,193.09,194.03
1995-12-14,193.21,194.15
1995-12-15,193.33,194.29
1995-12-16,193.46,194.4
1995-12-17,193.46,194.4
1995-12-18,193.46,194.4
1995-12-19,193.59,194.53
1995-12-20,193.73,194.66
1995-12-21,193.87,194.8
1995-12-22,194.0,194.98
1995-12-23,194.14,195.08
1995-12-24,194.14,195.08
1995-12-25,194.14,195.08
1995-12-26,194.14,195.08
1995-12-27,194.29,195.22
1995-12-28,194.43,195.37
1995-12-29,194.43,195.37
1995-12-30,194.43,195.37
1995-12-31,194.43,195.37
1996-01-01,194.43,195.37
1996-01-02,194.43,195.37
1996-01-03,194.57,195.5
1996-01-04,194.7,195.63
1996-01-05,194.83,195.74
1996-01-06,194.96,195.85
1996-01-07,194.96,195.85
1996-01-08,194.96,195.85
1996-01-09,195.09,195.97
1996-01-10,195.21,196.1
1996-01-11,195.33,196.22
1996-01-12,195.45,196.33
1996-01-13,195.58,196.45
1996-01-14,195.58,196.45
1996-01-15,195.58,196.45
1996-01-16,195.7,196.57
1996-01-17,195.81,196.68
1996-01-18,195.92,196.79
1996-01-19,196.04,196.89
1996-01-20,196.15,197.01
1996-01-21,196.15,197.01
1996-01-22,196.15,197.01
1996-01-23,196.26,197.12
1996-01-24,196.37,197.23
1996-01-25,196.47,197.33
1996-01-26,196.58,197.43
1996-01-27,196.68,197.53
1996-01-28,196.68,197.53
1996-01-29,196.68,197.53
1996-01-30,196.79,197.63
1996-01-31,196.89,197.73
1996-02-01,196.99,197.83
1996-02-02,197.09,197.92
1996-02-03,197.19,198.02
1996-02-04,197.19,198.02
1996-02-05,197.19,198.02
1996-02-06,197.3,198.12
1996-02-07,197.41,198.23
1996-02-08,197.52,198.33
1996-02-09,197.62,198.44
1996-02-10,197.72,198.54
1996-02-11,197.72,198.54
1996-02-12,197.72,198.54
1996-02-13,197.82,198.63
1996-02-14,197.92,198.74
1996-02-15,198.03,198.84
1996-02-16,198.13,198.94
1996-02-17,198.24,199.05
1996-02-18,198.24,199.05
1996-02-19,198.24,199.05
1996-02-20,198.34,199.15
1996-02-21,198.44,199.24
1996-02-22,198.54,199.34
1996-02-23,198.66,199.44
1996-02-24,198.76,199.55
1996-02-25,198.76,199.55
1996-02-26,198.76,199.55
1996-02-27,198.87,199.66
1996-02-28,198.97,199.76
1996-02-29,199.07,199.86
1996-03-01,199.17,199.95
1996-03-02,199.27,200.06
1996-03-03,199.27,200.06
1996-03-04,199.27,200.06
1996-03-05,199.37,200.16
1996-03-06,199.46,200.26
1996-03-07,199.56,200.35
1996-03-08,199.65,200.44
1996-03-09,199.74,200.53
1996-03-10,199.74,200.53
1996-03-11,199.74,200.53
1996-03-12,199.84,200.63
1996-03-13,199.95,200.73
1996-03-14,200.05,200.83
1996-03-15,200.13,200.93
1996-03-16,200.24,201.03
1996-03-17,200.24,201.03
1996-03-18,200.24,201.03
1996-03-19,200.34,201.13
1996-03-20,200.34,201.13
1996-03-21,200.44,201.24
1996-03-22,200.54,201.34
1996-03-23,200.64,201.45
1996-03-24,200.64,201.45
1996-03-25,200.64,201.45
1996-03-26,200.73,201.53
1996-03-27,200.83,201.64
1996-03-28,200.93,201.74
1996-03-29,201.03,201.83
1996-03-30,201.12,201.92
1996-03-31,201.12,201.92
1996-04-01,201.12,201.92
1996-04-02,201.22,202.03
1996-04-03,201.32,202.13
1996-04-04,201.42,202.23
1996-04-05,201.42,202.23
1996-04-06,201.42,202.23
1996-04-07,201.42,202.23
1996-04-08,201.42,202.23
1996-04-09,201.53,202.33
1996-04-10,201.62,202.43
1996-04-11,201.73,202.52
1996-04-12,201.73,202.52
1996-04-13,201.83,202.63
1996-04-14,201.83,202.63
1996-04-15,201.83,202.63
1996-04-16,201.93,202.72
1996-04-17,202.03,202.82
1996-04-18,202.13,202.91
1996-04-19,202.23,203.01
1996-04-20,202.32,203.11
1996-04-21,202.32,203.11
1996-04-22,202.32,203.11
1996-04-23,202.43,203.21
1996-04-24,202.53,203.32
1996-04-25,202.63,203.42
1996-04-26,202.73,203.52
1996-04-27,202.83,203.62
1996-04-28,202.83,203.62
1996-04-29,202.83,203.62
1996-04-30,202.93,203.71
1996-05-01,203.03,203.82
1996-05-02,203.03,203.82
1996-05-03,203.13,203.92
1996-05-04,203.23,204.01
1996-05-05,203.23,204.01
1996-05-06,203.23,204.01
1996-05-07,203.33,204.11
1996-05-08,203.43,204.21
1996-05-09,203.53,204.31
1996-05-10,203.62,204.42
1996-05-11,203.72,204.51
1996-05-12,203.72,204.51
1996-05-13,203.72,204.51
1996-05-14,203.82,204.61
1996-05-15,203.92,204.71
1996-05-16,204.02,204.82
1996-05-17,204.12,204.91
1996-05-18,204.22,205.01
1996-05-19,204.22,205.01
1996-05-20,204.22,205.01
1996-05-21,204.32,205.11
1996-05-22,204.42,205.21
1996-05-23,204.52,205.31
1996-05-24,204.61,205.41
1996-05-25,204.71,205.51
1996-05-26,204.71,205.51
1996-05-27,204.71,205.51
1996-05-28,204.81,205.61
1996-05-29,204.92,205.7
1996-05-30,205.02,205.8
1996-05-31,205.12,205.9
1996-06-01,205.35,205.86
1996-06-02,205.35,205.86
1996-06-03,205.35,205.86
1996-06-04,205.41,205.93
1996-06-05,205.51,206.03
1996-06-06,205.68,206.15
1996-06-07,205.68,206.15
1996-06-08,205.76,206.18
1996-06-09,205.76,206.18
1996-06-10,205.76,206.18
1996-06-11,205.85,206.28
1996-06-12,205.93,206.43
1996-06-13,206.03,206.53
1996-06-14,206.1,206.63
1996-06-15,206.26,206.69
1996-06-16,206.26,206.69
1996-06-17,206.26,206.69
1996-06-18,206.32,206.78
1996-06-19,206.45,206.89
1996-06-20,206.53,207.0
1996-06-21,206.67,207.1
1996-06-22,206.74,207.2
1996-06-23,206.74,207.2
1996-06-24,206.74,207.2
1996-06-25,206.86,207.25
1996-06-26,206.93,207.37
1996-06-27,207.05,207.45
1996-06-28,207.11,207.6
1996-06-29,207.25,207.7
1996-06-30,207.25,207.7
1996-07-01,207.25,207.7
1996-07-02,207.36,207.86
1996-07-03,207.42,207.93
1996-07-04,207.5,208.0
1996-07-05,207.62,208.07
1996-07-06,207.71,208.26
1996-07-07,207.71,208.26
1996-07-08,207.71,208.26
1996-07-09,207.82,208.33
1996-07-10,207.9,208.39
1996-07-11,208.07,208.53
1996-07-12,208.13,208.63
1996-07-13,208.26,208.74
1996-07-14,208.26,208.74
1996-07-15,208.26,208.74
1996-07-16,208.32,208.85
1996-07-17,208.44,208.89
1996-07-18,208.5,209.02
1996-07-19,208.64,209.12
1996-07-20,208.71,209.19
1996-07-21,208.71,209.19
1996-07-22,208.71,209.19
1996-07-23,208.85,209.32
1996-07-24,208.88,209.37
1996-07-25,209.0,209.46
1996-07-26,209.0,209.46
1996-07-27,209.11,209.56
1996-07-28,209.11,209.56
1996-07-29,209.11,209.56
1996-07-30,209.25,209.67
1996-07-31,209.39,209.8
1996-08-01,209.37,209.9
1996-08-02,209.54,210.01
1996-08-03,209.54,210.01
1996-08-04,209.54,210.01
1996-08-05,209.54,210.01
1996-08-06,209.61,210.07
1996-08-07,209.75,210.19
1996-08-08,209.82,210.31
1996-08-09,209.92,210.4
1996-08-10,209.96,210.48
1996-08-11,209.96,210.48
1996-08-12,209.96,210.48
1996-08-13,210.15,210.62
1996-08-14,210.25,210.64
1996-08-15,210.36,210.8
1996-08-16,210.36,210.8
1996-08-17,210.42,210.87
1996-08-18,210.42,210.87
1996-08-19,210.42,210.87
1996-08-20,210.52,211.02
1996-08-21,210.61,211.13
1996-08-22,210.7,211.2
1996-08-23,210.85,211.31
1996-08-24,210.97,211.44
1996-08-25,210.97,211.44
1996-08-26,210.97,211.44
1996-08-27,211.01,211.49
1996-08-28,211.19,211.57
1996-08-29,211.21,211.69
1996-08-30,211.37,211.78
1996-08-31,211.44,211.88
1996-09-01,211.44,211.88
1996-09-02,211.44,211.88
1996-09-03,211.56,212.0
1996-09-04,211.6,212.09
1996-09-05,211.77,212.23
1996-09-06,211.86,212.27
1996-09-07,211.95,212.39
1996-09-08,211.95,212.39
1996-09-09,211.95,212.39
1996-09-10,212.03,212.49
1996-09-11,212.14,212.61
1996-09-12,212.25,212.69
1996-09-13,212.34,212.79
1996-09-14,212.49,212.93
1996-09-15,212.49,212.93
1996-09-16,212.49,212.93
1996-09-17,212.55,213.01
1996-09-18,212.64,213.08
1996-09-19,212.76,213.23
1996-09-20,212.85,213.3
1996-09-21,212.99,213.4
1996-09-22,212.99,213.4
1996-09-23,212.99,213.4
1996-09-24,212.99,213.52
1996-09-25,213.13,213.61
1996-09-26,213.27,213.71
1996-09-27,213.34,213.78
1996-09-28,213.52,213.94
1996-09-29,213.52,213.94
1996-09-30,213.52,213.94
1996-10-01,213.59,214.04
1996-10-02,213.65,214.09
1996-10-03,213.79,214.19
1996-10-04,213.9,214.35
1996-10-05,213.91,214.42
1996-10-06,213.91,214.42
1996-10-07,213.91,214.42
1996-10-08,214.1,214.57
1996-10-09,214.13,214.59
1996-10-10,214.26,214.69
1996-10-11,214.36,214.8
1996-10-12,214.48,214.91
1996-10-13,214.48,214.91
1996-10-14,214.48,214.91
1996-10-15,214.49,214.98
1996-10-16,214.63,215.06
1996-10-17,214.76,215.23
1996-10-18,214.86,215.26
1996-10-19,214.96,215.38
1996-10-20,214.96,215.38
1996-10-21,214.96,215.38
1996-10-22,215.05,215.48
1996-10-23,215.2,215.65
1996-10-24,215.26,215.66
1996-10-25,215.33,215.79
1996-10-26,215.49,215.88
1996-10-27,215.49,215.88
1996-10-28,215.49,215.88
1996-10-29,215.53,215.99
1996-10-30,215.63,216.08
1996-10-31,215.77,216.23
1996-11-01,215.85,216.28
1996-11-02,215.95,216.39
1996-11-03,215.95,216.39
1996-11-04,215.95,216.39
1996-11-05,216.05,216.51
1996-11-06,216.14,216.69
1996-11-07,216.26,216.73
1996-11-08,216.35,216.81
1996-11-09,216.51,216.92
1996-11-10,216.51,216.92
1996-11-11,216.51,216.92
1996-11-12,216.54,216.98
1996-11-13,216.62,217.13
1996-11-14,216.76,217.17
1996-11-15,216.8,217.29
1996-11-16,216.92,217.38
1996-11-17,216.92,217.38
1996-11-18,216.92,217.38
1996-11-19,217.06,217.52
1996-11-20,217.09,217.61
1996-11-21,217.23,217.67
1996-11-22,217.34,217.79
1996-11-23,217.48,217.9
1996-11-24,217.48,217.9
1996-11-25,217.48,217.9
1996-11-26,217.52,217.99
1996-11-27,217.68,218.1
1996-11-28,217.73,218.22
1996-11-29,217.89,218.32
1996-11-30,217.97,218.41
1996-12-01,217.97,218.41
1996-12-02,217.97,218.41
1996-12-03,218.04,218.52
1996-12-04,218.15,218.64
1996-12-05,218.29,218.71
1996-12-06,218.34,218.78
1996-12-07,218.48,218.89
1996-12-08,218.48,218.89
1996-12-09,218.48,218.89
1996-12-10,218.57,219.01
1996-12-11,218.63,219.14
1996-12-12,218.77,219.15
1996-12-13,218.85,219.29
1996-12-14,218.95,219.42
1996-12-15,218.95,219.42
1996-12-16,218.95,219.42
1996-12-17,219.08,219.5
1996-12-18,219.15,219.62
1996-12-19,219.25,219.67
1996-12-20,219.34,219.79
1996-12-21,219.46,219.86
1996-12-22,219.46,219.86
1996-12-23,219.46,219.86
1996-12-24,219.56,220.01
1996-12-25,219.69,220.07
1996-12-26,219.69,220.07
1996-12-27,219.73,220.19
1996-12-28,219.91,220.31
1996-12-29,219.91,220.31
1996-12-30,219.91,220.31
1996-12-31,219.91,220.31
1997-01-01,219.91,220.31
1997-01-02,219.91,220.31
1997-01-03,219.86,220.36
1997-01-04,220.04,220.37
1997-01-05,220.04,220.37
1997-01-06,220.04,220.37
1997-01-07,220.2,220.65
1997-01-08,220.23,220.69
1997-01-09,220.42,220.81
1997-01-10,220.38,220.87
1997-01-11,220.59,221.0
1997-01-12,220.59,221.0
1997-01-13,220.59,221.0
1997-01-14,220.66,221.12
1997-01-15,220.81,221.24
1997-01-16,220.91,221.28
1997-01-17,221.0,221.42
1997-01-18,221.1,221.54
1997-01-19,221.1,221.54
1997-01-20,221.1,221.54
1997-01-21,221.16,221.61
1997-01-22,221.27,221.74
1997-01-23,221.44,221.83
1997-01-24,221.49,221.94
1997-01-25,221.63,222.05
1997-01-26,221.63,222.05
1997-01-27,221.63,222.05
1997-01-28,221.69,222.17
1997-01-29,221.81,222.24
1997-01-30,221.89,222.38
1997-01-31,222.02,222.41
1997-02-01,222.08,222.53
1997-02-02,222.08,222.53
1997-02-03,222.08,222.53
1997-02-04,222.18,222.64
1997-02-05,222.25,222.69
1997-02-06,222.45,222.83
1997-02-07,222.52,222.9
1997-02-08,222.65,223.09
1997-02-09,222.65,223.09
1997-02-10,222.65,223.09
1997-02-11,222.7,223.12
1997-02-12,222.82,223.22
1997-02-13,222.97,223.3
1997-02-14,223.02,223.45
1997-02-15,223.15,223.58
1997-02-16,223.15,223.58
1997-02-17,223.15,223.58
1997-02-18,223.2,223.67
1997-02-19,223.27,223.78
1997-02-20,223.37,223.86
1997-02-21,223.6,223.97
1997-02-22,223.63,224.04
1997-02-23,223.63,224.04
1997-02-24,223.63,224.04
1997-02-25,223.74,224.16
1997-02-26,223.82,224.3
1997-02-27,223.9,224.36
1997-02-28,224.01,224.48
1997-03-01,224.17,224.57
1997-03-02,224.17,224.57
1997-03-03,224.17,224.57
1997-03-04,224.25,224.66
1997-03-05,224.33,224.82
1997-03-06,224.5,224.91
1997-03-07,224.54,224.95
1997-03-08,224.69,225.07
1997-03-09,224.69,225.07
1997-03-10,224.69,225.07
1997-03-11,224.76,225.25
1997-03-12,224.85,225.33
1997-03-13,225.01,225.44
1997-03-14,225.11,225.54
1997-03-15,225.2,225.66
1997-03-16,225.2,225.66
1997-03-17,225.2,225.66
1997-03-18,225.25,225.74
1997-03-19,225.42,225.88
1997-03-20,225.51,225.94
1997-03-21,225.64,226.1
1997-03-22,225.71,226.17
1997-03-23,225.71,226.17
1997-03-24,225.71,226.17
1997-03-25,225.78,226.28
1997-03-26,225.92,226.41
1997-03-27,226.01,226.47
1997-03-28,226.01,226.47
1997-03-29,226.01,226.47
1997-03-30,226.01,226.47
1997-03-31,226.01,226.47
1997-04-01,226.14,226.62
1997-04-02,226.24,226.68
1997-04-03,226.34,226.82
1997-04-04,226.49,226.86
1997-04-05,226.59,227.02
1997-04-06,226.59,227.02
1997-04-07,226.59,227.02
1997-04-08,226.62,227.12
1997-04-09,226.71,227.26
1997-04-10,226.85,227.31
1997-04-11,226.95,227.42
1997-04-12,226.95,227.42
1997-04-13,226.95,227.42
1997-04-14,226.95,227.42
1997-04-15,227.09,227.49
1997-04-16,227.14,227.61
1997-04-17,227.26,227.76
1997-04-18,227.38,227.79
1997-04-19,227.48,227.91
1997-04-20,227.48,227.91
1997-04-21,227.48,227.91
1997-04-22,227.59,228.03
1997-04-23,227.65,228.1
1997-04-24,227.81,228.22
1997-04-25,227.88,228.31
1997-04-26,227.96,228.42
1997-04-27,227.96,228.42
1997-04-28,227.96,228.42
1997-04-29,228.05,228.51
1997-04-30,228.14,228.6
1997-05-01,228.29,228.73
1997-05-02,228.29,228.73
1997-05-03,228.37,228.81
1997-05-04,228.37,228.81
1997-05-05,228.37,228.81
1997-05-06,228.48,228.96
1997-05-07,228.57,229.08
1997-05-08,228.64,229.12
1997-05-09,228.82,229.23
1997-05-10,228.9,229.37
1997-05-11,228.9,229.37
1997-05-12,228.9,229.37
1997-05-13,228.97,229.46
1997-05-14,229.11,229.58
1997-05-15,229.22,229.65
1997-05-16,229.36,229.76
1997-05-17,229.45,229.87
1997-05-18,229.45,229.87
1997-05-19,229.45,229.87
1997-05-20,229.49,229.96
1997-05-21,229.63,230.11
1997-05-22,229.75,230.2
1997-05-23,229.86,230.28
1997-05-24,229.93,230.4
1997-05-25,229.93,230.4
1997-05-26,229.93,230.4
1997-05-27,229.96,230.51
1997-05-28,230.13,230.6
1997-05-29,230.23,230.71
1997-05-30,230.33,230.8
1997-05-31,230.46,230.87
1997-06-01,230.46,230.87
1997-06-02,230.46,230.87
1997-06-03,230.53,231.01
1997-06-04,230.67,231.1
1997-06-05,230.75,231.2
1997-06-06,230.88,231.34
1997-06-07,230.99,231.43
1997-06-08,230.99,231.43
1997-06-09,230.99,231.43
1997-06-10,231.03,231.54
1997-06-11,231.17,231.64
1997-06-12,231.28,231.77
1997-06-13,231.42,231.84
1997-06-14,231.47,231.94
1997-06-15,231.47,231.94
1997-06-16,231.47,231.94
1997-06-17,231.58,232.04
1997-06-18,231.73,232.16
1997-06-19,231.8,232.26
1997-06-20,231.89,232.35
1997-06-21,232.02,232.45
1997-06-22,232.02,232.45
1997-06-23,232.02,232.45
1997-06-24,232.04,232.57
1997-06-25,232.22,232.7
1997-06-26,232.29,232.77
1997-06-27,232.46,232.88
1997-06-28,232.55,232.94
1997-06-29,232.55,232.94
1997-06-30,232.55,232.94
1997-07-01,232.62,233.07
1997-07-02,232.72,233.19
1997-07-03,232.85,233.32
1997-07-04,232.91,233.35
1997-07-05,233.05,233.51
1997-07-06,233.05,233.51
1997-07-07,233.05,233.51
1997-07-08,233.09,233.51
1997-07-09,233.23,233.7
1997-07-10,233.33,233.76
1997-07-11,233.41,233.86
1997-07-12,233.55,233.94
1997-07-13,233.55,233.94
1997-07-14,233.55,233.94
1997-07-15,233.6,234.04
1997-07-16,233.7,234.13
1997-07-17,233.81,234.21
1997-07-18,233.89,234.38
1997-07-19,234.0,234.4
1997-07-20,234.0,234.4
1997-07-21,234.0,234.4
1997-07-22,234.05,234.52
1997-07-23,234.2,234.62
1997-07-24,234.27,234.69
1997-07-25,234.37,234.78
1997-07-26,234.37,234.78
1997-07-27,234.37,234.78
1997-07-28,234.37,234.78
1997-07-29,234.42,234.9
1997-07-30,234.53,234.99
1997-07-31,234.63,235.05
1997-08-01,234.72,235.06
1997-08-02,234.78,235.25
1997-08-03,234.78,235.25
1997-08-04,234.78,235.25
1997-08-05,234.85,235.3
1997-08-06,234.97,235.48
1997-08-07,235.08,235.48
1997-08-08,235.11,235.52
1997-08-09,235.22,235.68
1997-08-10,235.22,235.68
1997-08-11,235.22,235.68
1997-08-12,235.31,235.75
1997-08-13,235.43,235.84
1997-08-14,235.51,235.98
1997-08-15,235.6,236.06
1997-08-16,235.6,236.06
1997-08-17,235.6,236.06
1997-08-18,235.6,236.06
1997-08-19,235.69,236.19
1997-08-20,235.79,236.24
1997-08-21,235.87,236.29
1997-08-22,235.98,236.4
1997-08-23,236.08,236.47
1997-08-24,236.08,236.47
1997-08-25,236.08,236.47
1997-08-26,236.11,236.56
1997-08-27,236.27,236.67
1997-08-28,236.34,236.8
1997-08-29,236.42,236.78
1997-08-30,236.51,236.91
1997-08-31,236.51,236.91
1997-09-01,236.51,236.91
1997-09-02,236.58,237.02
1997-09-03,236.73,237.16
1997-09-04,236.81,237.21
1997-09-05,236.88,237.32
1997-09-06,236.98,237.38
1997-09-07,236.98,237.38
1997-09-08,236.98,237.38
1997-09-09,237.04,237.49
1997-09-10,237.2,237.58
1997-09-11,237.3,237.67
1997-09-12,237.31,237.81
1997-09-13,237.4,237.87
1997-09-14,237.4,237.87
1997-09-15,237.4,237.87
1997-09-16,237.4,237.87
1997-09-17,237.53,237.87
1997-09-18,237.67,237.99
1997-09-19,237.68,238.12
1997-09-20,237.8,238.18
1997-09-21,237.8,238.18
1997-09-22,237.8,238.18
1997-09-23,237.86,238.32
1997-09-24,237.95,238.38
1997-09-25,238.1,238.5
1997-09-26,238.16,238.56
1997-09-27,238.22,238.7
1997-09-28,238.22,238.7
1997-09-29,238.22,238.7
1997-09-30,238.33,238.77
1997-10-01,238.41,238.8
1997-10-02,238.55,238.96
1997-10-03,238.6,239.02
1997-10-04,238.65,239.09
1997-10-05,238.65,239.09
1997-10-06,238.65,239.09
1997-10-07,238.75,239.21
1997-10-08,238.82,239.3
1997-10-09,238.96,239.4
1997-10-10,239.09,239.45
1997-10-11,239.11,239.54
1997-10-12,239.11,239.54
1997-10-13,239.11,239.54
1997-10-14,239.27,239.68
1997-10-15,239.32,239.76
1997-10-16,239.45,239.9
1997-10-17,239.48,239.97
1997-10-18,239.58,240.04
1997-10-19,239.58,240.04
1997-10-20,239.58,240.04
1997-10-21,239.67,240.09
1997-10-22,239.77,240.21
1997-10-23,239.82,240.28
1997-10-24,239.97,240.37
1997-10-25,240.02,240.49
1997-10-26,240.02,240.49
1997-10-27,240.02,240.49
1997-10-28,240.1,240.55
1997-10-29,240.2,240.62
1997-10-30,240.31,240.72
1997-10-31,240.36,240.77
1997-11-01,240.51,240.96
1997-11-02,240.51,240.96
1997-11-03,240.51,240.96
1997-11-04,240.55,240.99
1997-11-05,240.68,241.1
1997-11-06,240.76,241.17
1997-11-07,240.84,241.33
1997-11-08,240.94,241.38
1997-11-09,240.94,241.38
1997-11-10,240.94,241.38
1997-11-11,240.97,241.42
1997-11-12,241.08,241.58
1997-11-13,241.15,241.67
1997-11-14,241.31,241.74
1997-11-15,241.37,241.79
1997-11-16,241.37,241.79
1997-11-17,241.37,241.79
1997-11-18,241.47,241.94
1997-11-19,241.51,241.98
1997-11-20,241.65,242.1
1997-11-21,241.74,242.13
1997-11-22,241.79,242.23
1997-11-23,241.79,242.23
1997-11-24,241.79,242.23
1997-11-25,241.88,242.34
1997-11-26,241.97,242.38
1997-11-27,242.13,242.52
1997-11-28,242.13,242.58
1997-11-29,242.28,242.7
1997-11-30,242.28,242.7
1997-12-01,242.28,242.7
1997-12-02,242.33,242.75
1997-12-03,242.39,242.91
1997-12-04,242.57,242.88
1997-12-05,242.61,243.05
1997-12-06,242.67,243.21
1997-12-07,242.67,243.21
1997-12-08,242.67,243.21
1997-12-09,242.78,243.27
1997-12-10,242.92,243.38
1997-12-11,243.0,243.45
1997-12-12,243.04,243.48
1997-12-13,243.16,243.62
1997-12-14,243.16,243.62
1997-12-15,243.16,243.62
1997-12-16,243.23,243.75
1997-12-17,243.34,243.8
1997-12-18,243.42,243.88
1997-12-19,243.49,243.98
1997-12-20,243.6,244.04
1997-12-21,243.6,244.04
1997-12-22,243.6,244.04
1997-12-23,243.72,244.15
1997-12-24,243.69,244.28
1997-12-25,243.91,244.39
1997-12-26,243.91,244.39
1997-12-27,243.97,244.43
1997-12-28,243.97,244.43
1997-12-29,243.97,244.43
1997-12-30,244.04,244.53
1997-12-31,244.04,244.53
1998-01-01,244.04,244.53
1998-01-02,244.04,244.53
1998-01-03,244.1,244.58
1998-01-04,244.1,244.58
1998-01-05,244.1,244.58
1998-01-06,244.22,244.72
1998-01-07,244.25,244.7
1998-01-08,244.42,244.88
1998-01-09,244.5,244.91
1998-01-10,244.57,245.07
1998-01-11,244.57,245.07
1998-01-12,244.57,245.07
1998-01-13,244.63,245.11
1998-01-14,244.74,245.22
1998-01-15,244.83,245.35
1998-01-16,244.9,245.43
1998-01-17,245.0,245.49
1998-01-18,245.0,245.49
1998-01-19,245.0,245.49
1998-01-20,245.03,245.6
1998-01-21,245.22,245.67
1998-01-22,245.26,245.75
1998-01-23,245.42,245.88
1998-01-24,245.48,245.96
1998-01-25,245.48,245.96
1998-01-26,245.48,245.96
1998-01-27,245.61,246.08
1998-01-28,245.64,246.13
1998-01-29,245.72,246.23
1998-01-30,245.8,246.32
1998-01-31,245.94,246.4
1998-02-01,245.94,246.4
1998-02-02,245.94,246.4
1998-02-03,246.04,246.51
1998-02-04,246.14,246.66
1998-02-05,246.19,246.68
1998-02-06,246.35,246.81
1998-02-07,246.44,246.82
1998-02-08,246.44,246.82
1998-02-09,246.44,246.82
1998-02-10,246.49,246.98
1998-02-11,246.59,247.06
1998-02-12,246.68,247.14
1998-02-13,246.79,247.2
1998-02-14,246.88,247.38
1998-02-15,246.88,247.38
1998-02-16,246.88,247.38
1998-02-17,246.92,247.46
1998-02-18,247.04,247.54
1998-02-19,247.17,247.65
1998-02-20,247.21,247.73
1998-02-21,247.36,247.83
1998-02-22,247.36,247.83
1998-02-23,247.36,247.83
1998-02-24,247.38,247.96
1998-02-25,247.38,248.04
1998-02-26,247.62,248.12
1998-02-27,247.72,248.22
1998-02-28,247.86,248.32
1998-03-01,247.86,248.32
1998-03-02,247.86,248.32
1998-03-03,247.92,248.42
1998-03-04,248.04,248.51
1998-03-05,248.17,248.58
1998-03-06,248.2,248.76
1998-03-07,248.32,248.85
1998-03-08,248.32,248.85
1998-03-09,248.32,248.85
1998-03-10,248.42,248.87
1998-03-11,248.53,249.0
1998-03-12,248.62,249.09
1998-03-13,248.71,249.2
1998-03-14,248.82,249.28
1998-03-15,248.82,249.28
1998-03-16,248.82,249.28
1998-03-17,248.86,249.39
1998-03-18,248.98,249.47
1998-03-19,249.1,249.61
1998-03-20,249.19,249.69
1998-03-21,249.33,249.78
1998-03-22,249.33,249.78
1998-03-23,249.33,249.78
1998-03-24,249.41,249.89
1998-03-25,249.51,249.97
1998-03-26,249.6,250.07
1998-03-27,249.72,250.13
1998-03-28,249.8,250.31
1998-03-29,249.8,250.31
1998-03-30,249.8,250.31
1998-03-31,249.86,250.32
1998-04-01,249.99,250.49
1998-04-02,250.12,250.55
1998-04-03,250.18,250.69
1998-04-04,250.36,250.78
1998-04-05,250.36,250.78
1998-04-06,250.36,250.78
1998-04-07,250.38,250.84
1998-04-08,250.56,250.97
1998-04-09,250.7,251.06
1998-04-10,250.7,251.06
1998-04-11,250.7,251.06
1998-04-12,250.7,251.06
1998-04-13,250.7,251.06
1998-04-14,250.64,251.18
1998-04-15,250.82,251.32
1998-04-16,250.9,251.34
1998-04-17,251.0,251.46
1998-04-18,251.13,251.57
1998-04-19,251.13,251.57
1998-04-20,251.13,251.57
1998-04-21,251.16,251.62
1998-04-22,251.25,251.79
1998-04-23,251.42,251.84
1998-04-24,251.47,251.93
1998-04-25,251.58,252.01
1998-04-26,251.58,252.01
1998-04-27,251.58,252.01
1998-04-28,251.68,252.18
1998-04-29,251.78,252.23
1998-04-30,251.9,252.35
1998-05-01,252.01,252.45
1998-05-02,252.01,252.45
1998-05-03,252.01,252.45
1998-05-04,252.01,252.45
1998-05-05,252.09,252.57
1998-05-06,252.18,252.65
1998-05-07,252.3,252.75
1998-05-08,252.4,252.87
1998-05-09,252.48,252.95
1998-05-10,252.48,252.95
1998-05-11,252.48,252.95
1998-05-12,252.55,253.08
1998-05-13,252.68,253.13
1998-05-14,252.81,253.27
1998-05-15,252.92,253.35
1998-05-16,252.99,253.43
1998-05-17,252.99,253.43
1998-05-18,252.99,253.43
1998-05-19,253.11,253.6
1998-05-20,253.17,253.72
1998-05-21,253.32,253.78
1998-05-22,253.53,253.81
1998-05-23,253.51,253.96
1998-05-24,253.51,253.96
1998-05-25,253.51,253.96
1998-05-26,253.6,254.05
1998-05-27,253.66,254.25
1998-05-28,253.83,254.26
1998-05-29,253.95,254.38
1998-05-30,254.08,254.44
1998-05-31,254.08,254.44
1998-06-01,254.08,254.44
1998-06-02,254.18,254.64
1998-06-03,254.28,254.74
1998-06-04,254.38,254.86
1998-06-05,254.54,254.97
1998-06-06,254.6,255.09
1998-06-07,254.6,255.09
1998-06-08,254.6,255.09
1998-06-09,254.73,255.21
1998-06-10,254.85,255.29
1998-06-11,254.99,255.43
1998-06-12,255.04,255.46
1998-06-13,255.17,255.66
1998-06-14,255.17,255.66
1998-06-15,255.17,255.66
1998-06-16,255.29,255.68
1998-06-17,255.38,255.83
1998-06-18,255.48,255.94
1998-06-19,255.59,256.02
1998-06-20,255.7,256.15
1998-06-21,255.7,256.15
1998-06-22,255.7,256.15
1998-06-23,255.76,256.26
1998-06-24,255.93,256.4
1998-06-25,256.02,256.49
1998-06-26,256.19,256.62
1998-06-27,256.27,256.73
1998-06-28,256.27,256.73
1998-06-29,256.27,256.73
1998-06-30,256.38,256.85
1998-07-01,256.49,256.91
1998-07-02,256.59,257.09
1998-07-03,256.7,257.15
1998-07-04,256.81,257.26
1998-07-05,256.81,257.26
1998-07-06,256.81,257.26
1998-07-07,256.94,257.4
1998-07-08,257.02,257.53
1998-07-09,257.16,257.59
1998-07-10,257.33,257.71
1998-07-11,257.38,257.83
1998-07-12,257.38,257.83
1998-07-13,257.38,257.83
1998-07-14,257.47,257.94
1998-07-15,257.57,258.06
1998-07-16,257.67,258.15
1998-07-17,257.79,258.24
1998-07-18,257.9,258.38
1998-07-19,257.9,258.38
1998-07-20,257.9,258.38
1998-07-21,258.08,258.46
1998-07-22,258.07,258.62
1998-07-23,258.26,258.74
1998-07-24,258.37,258.84
1998-07-25,258.48,258.96
1998-07-26,258.48,258.96
1998-07-27,258.48,258.96
1998-07-28,258.55,259.07
1998-07-29,258.71,259.18
1998-07-30,258.81,259.3
1998-07-31,258.92,259.4
1998-08-01,259.06,259.46
1998-08-02,259.06,259.46
1998-08-03,259.06,259.46
1998-08-04,259.13,259.56
1998-08-05,259.18,259.69
1998-08-06,259.35,259.84
1998-08-07,259.45,259.9
1998-08-08,259.66,260.02
1998-08-09,259.66,260.02
1998-08-10,259.66,260.02
1998-08-11,259.68,260.15
1998-08-12,259.82,260.22
1998-08-13,259.92,260.4
1998-08-14,260.02,260.45
1998-08-15,260.14,260.62
1998-08-16,260.14,260.62
1998-08-17,260.14,260.62
1998-08-18,260.16,260.67
1998-08-19,260.31,260.81
1998-08-20,260.41,260.84
1998-08-21,260.52,261.0
1998-08-22,260.67,261.08
1998-08-23,260.67,261.08
1998-08-24,260.67,261.08
1998-08-25,260.75,261.25
1998-08-26,260.84,261.34
1998-08-27,260.97,261.42
1998-08-28,261.09,261.52
1998-08-29,261.21,261.69
1998-08-30,261.21,261.69
1998-08-31,261.21,261.69
1998-09-01,261.36,261.8
1998-09-02,261.42,261.88
1998-09-03,261.52,262.04
1998-09-04,261.68,262.14
1998-09-05,261.79,262.26
1998-09-06,261.79,262.26
1998-09-07,261.79,262.26
1998-09-08,261.93,262.39
1998-09-09,262.03,262.49
1998-09-10,262.12,262.61
1998-09-11,262.28,262.69
1998-09-12,262.36,262.81
1998-09-13,262.36,262.81
1998-09-14,262.36,262.81
1998-09-15,262.5,262.92
1998-09-16,262.5,262.92
1998-09-17,262.52,263.02
1998-09-18,262.71,263.17
1998-09-19,262.76,263.26
1998-09-20,262.76,263.26
1998-09-21,262.76,263.26
1998-09-22,262.93,263.39
1998-09-23,262.96,263.51
1998-09-24,263.1,263.63
1998-09-25,263.3,263.74
1998-09-26,263.38,263.83
1998-09-27,263.38,263.83
1998-09-28,263.38,263.83
1998-09-29,263.53,263.95
1998-09-30,263.59,264.07
1998-10-01,263.77,264.25
1998-10-02,263.84,264.32
1998-10-03,263.96,264.45
1998-10-04,263.96,264.45
1998-10-05,263.96,264.45
1998-10-06,264.07,264.56
1998-10-07,264.17,264.71
1998-10-08,264.33,264.78
1998-10-09,264.52,264.9
1998-10-10,264.55,265.0
1998-10-11,264.55,265.0
1998-10-12,264.55,265.0
1998-10-13,264.55,265.0
1998-10-14,264.68,265.15
1998-10-15,264.81,265.26
1998-10-16,264.95,265.35
1998-10-17,265.01,265.46
1998-10-18,265.01,265.46
1998-10-19,265.01,265.46
1998-10-20,265.14,265.6
1998-10-21,265.22,265.76
1998-10-22,265.4,265.84
1998-10-23,265.48,266.03
1998-10-24,265.68,266.1
1998-10-25,265.68,266.1
1998-10-26,265.68,266.1
1998-10-27,265.76,266.22
1998-10-28,265.9,266.37
1998-10-29,266.04,266.48
1998-10-30,266.17,266.58
1998-10-31,266.28,266.67
1998-11-01,266.28,266.67
1998-11-02,266.28,266.67
1998-11-03,266.38,266.87
1998-11-04,266.43,266.97
1998-11-05,266.59,267.09
1998-11-06,266.79,267.21
1998-11-07,266.92,267.37
1998-11-08,266.92,267.37
1998-11-09,266.92,267.37
1998-11-10,267.02,267.45
1998-11-11,267.07,267.59
1998-11-12,267.25,267.68
1998-11-13,267.39,267.79
1998-11-14,267.52,267.92
1998-11-15,267.52,267.92
1998-11-16,267.52,267.92
1998-11-17,267.6,268.04
1998-11-18,267.71,268.15
1998-11-19,267.81,268.29
1998-11-20,268.0,268.39
1998-11-21,268.11,268.52
1998-11-22,268.11,268.52
1998-11-23,268.11,268.52
1998-11-24,268.18,268.71
1998-11-25,268.31,268.81
1998-11-26,268.49,268.9
1998-11-27,268.62,269.06
1998-11-28,268.69,269.17
1998-11-29,268.69,269.17
1998-11-30,268.69,269.17
1998-12-01,268.81,269.29
1998-12-02,268.92,269.38
1998-12-03,269.05,269.49
1998-12-04,269.18,269.61
1998-12-05,269.27,269.72
1998-12-06,269.27,269.72
1998-12-07,269.27,269.72
1998-12-08,269.4,269.86
1998-12-09,269.46,270.02
1998-12-10,269.63,270.13
1998-12-11,269.75,270.22
1998-12-12,269.82,270.34
1998-12-13,269.82,270.34
1998-12-14,269.82,270.34
1998-12-15,270.0,270.39
1998-12-16,270.06,270.53
1998-12-17,270.15,270.67
1998-12-18,270.35,270.81
1998-12-19,270.4,270.91
1998-12-20,270.4,270.91
1998-12-21,270.4,270.91
1998-12-22,270.57,271.0
1998-12-23,270.7,271.17
1998-12-24,270.82,271.25
1998-12-25,270.93,271.4
1998-12-26,270.93,271.4
1998-12-27,270.93,271.4
1998-12-28,270.93,271.4
1998-12-29,271.09,271.49
1998-12-30,271.19,271.65
1998-12-31,271.19,271.65
1999-01-01,271.19,271.65
1999-01-02,271.19,271.65
1999-01-03,271.19,271.65
1999-01-04,271.19,271.65
1999-01-05,271.16,271.85
1999-01-06,271.31,271.82
1999-01-07,271.44,271.98
1999-01-08,271.59,272.07
1999-01-09,271.74,272.14
1999-01-10,271.74,272.14
1999-01-11,271.74,272.14
1999-01-12,271.86,272.34
1999-01-13,271.87,272.44
1999-01-14,272.09,272.53
1999-01-15,272.21,272.66
1999-01-16,272.35,272.8
1999-01-17,272.35,272.8
1999-01-18,272.35,272.8
1999-01-19,272.44,272.93
1999-01-20,272.55,273.05
1999-01-21,272.71,273.15
1999-01-22,272.78,273.3
1999-01-23,272.97,273.41
1999-01-24,272.97,273.41
1999-01-25,272.97,273.41
1999-01-26,273.04,273.56
1999-01-27,273.21,273.65
1999-01-28,273.4,273.75
1999-01-29,273.44,273.95
1999-01-30,273.53,274.06
1999-01-31,273.53,274.06
1999-02-01,273.53,274.06
1999-02-02,273.67,274.2
1999-02-03,273.73,274.26
1999-02-04,273.86,274.43
1999-02-05,274.04,274.52
1999-02-06,274.21,274.63
1999-02-07,274.21,274.63
1999-02-08,274.21,274.63
1999-02-09,274.29,274.78
1999-02-10,274.36,274.92
1999-02-11,274.53,275.03
1999-02-12,274.62,275.14
1999-02-13,274.74,275.24
1999-02-14,274.74,275.24
1999-02-15,274.74,275.24
1999-02-16,274.9,275.41
1999-02-17,274.95,275.52
1999-02-18,275.08,275.62
1999-02-19,275.24,275.76
1999-02-20,275.32,275.82
1999-02-21,275.32,275.82
1999-02-22,275.32,275.82
1999-02-23,275.45,275.95
1999-02-24,275.61,276.07
1999-02-25,275.68,276.16
1999-02-26,275.85,276.3
1999-02-27,275.94,276.44
1999-02-28,275.94,276.44
1999-03-01,275.94,276.44
1999-03-02,276.08,276.56
1999-03-03,276.2,276.69
1999-03-04,276.27,276.77
1999-03-05,276.49,276.87
1999-03-06,276.53,277.01
1999-03-07,276.53,277.01
1999-03-08,276.53,277.01
1999-03-09,276.68,277.13
1999-03-10,276.78,277.27
1999-03-11,276.84,277.43
1999-03-12,277.1,277.5
1999-03-13,277.14,277.65
1999-03-14,277.14,277.65
1999-03-15,277.14,277.65
1999-03-16,277.39,277.73
1999-03-17,277.32,277.88
1999-03-18,277.51,278.01
1999-03-19,277.67,278.09
1999-03-20,277.74,278.22
1999-03-21,277.74,278.22
1999-03-22,277.74,278.22
1999-03-23,277.88,278.34
1999-03-24,277.94,278.44
1999-03-25,278.08,278.59
1999-03-26,278.26,278.74
1999-03-27,278.29,278.83
1999-03-28,278.29,278.83
1999-03-29,278.29,278.83
1999-03-30,278.49,278.92
1999-03-31,278.53,279.08
1999-04-01,278.75,279.19
1999-04-02,278.75,279.19
1999-04-03,278.75,279.19
1999-04-04,278.75,279.19
1999-04-05,278.75,279.19
1999-04-06,278.92,279.38
1999-04-07,278.91,279.45
1999-04-08,279.01,279.58
1999-04-09,279.24,279.68
1999-04-10,279.35,279.83
1999-04-11,279.35,279.83
1999-04-12,279.35,279.83
1999-04-13,279.49,279.96
1999-04-14,279.55,280.05
1999-04-15,279.68,280.16
1999-04-16,279.82,280.27
1999-04-17,279.94,280.43
1999-04-18,279.94,280.43
1999-04-19,279.94,280.43
1999-04-20,280.11,280.54
1999-04-21,280.09,280.65
1999-04-22,280.27,280.82
1999-04-23,280.53,280.95
1999-04-24,280.5,281.01
1999-04-25,280.5,281.01
1999-04-26,280.5,281.01
1999-04-27,280.65,281.15
1999-04-28,280.79,281.28
1999-04-29,280.88,281.34
1999-04-30,281.04,281.5
1999-05-01,281.12,281.62
1999-05-02,281.12,281.62
1999-05-03,281.12,281.62
1999-05-04,281.22,281.72
1999-05-05,281.3,281.84
1999-05-06,281.41,281.96
1999-05-07,281.64,282.05
1999-05-08,281.67,282.17
1999-05-09,281.67,282.17
1999-05-10,281.67,282.17
1999-05-11,281.8,282.31
1999-05-12,281.88,282.39
1999-05-13,282.02,282.6
1999-05-14,282.25,282.67
1999-05-15,282.26,282.74
1999-05-16,282.26,282.74
1999-05-17,282.26,282.74
1999-05-18,282.44,282.93
1999-05-19,282.51,283.11
1999-05-20,282.7,283.19
1999-05-21,282.83,283.26
1999-05-22,282.93,283.41
1999-05-23,282.93,283.41
1999-05-24,282.93,283.41
1999-05-25,283.12,283.52
1999-05-26,283.25,283.66
1999-05-27,283.27,283.78
1999-05-28,283.41,283.87
1999-05-29,283.51,283.99
1999-05-30,283.51,283.99
1999-05-31,283.51,283.99
1999-06-01,283.63,284.15
1999-06-02,283.69,284.18
1999-06-03,283.86,284.36
1999-06-04,284.01,284.49
1999-06-05,284.07,284.59
1999-06-06,284.07,284.59
1999-06-07,284.07,284.59
1999-06-08,284.22,284.73
1999-06-09,284.26,284.85
1999-06-10,284.42,285.03
1999-06-11,284.63,285.08
1999-06-12,284.73,285.21
1999-06-13,284.73,285.21
1999-06-14,284.73,285.21
1999-06-15,284.86,285.34
1999-06-16,284.94,285.48
1999-06-17,285.05,285.57
1999-06-18,285.23,285.7
1999-06-19,285.26,285.85
1999-06-20,285.26,285.85
1999-06-21,285.26,285.85
1999-06-22,285.37,285.94
1999-06-23,285.52,286.05
1999-06-24,285.66,286.14
1999-06-25,285.75,286.31
1999-06-26,285.95,286.39
1999-06-27,285.95,286.39
1999-06-28,285.95,286.39
1999-06-29,286.02,286.54
1999-06-30,286.11,286.64
1999-07-01,286.24,286.76
1999-07-02,286.36,286.87
1999-07-03,286.46,286.95
1999-07-04,286.46,286.95
1999-07-05,286.46,286.95
1999-07-06,286.55,287.08
1999-07-07,286.71,287.18
1999-07-08,286.71,287.27
1999-07-09,286.89,287.35
1999-07-10,287.02,287.47
1999-07-11,287.02,287.47
1999-07-12,287.02,287.47
1999-07-13,287.06,287.57
1999-07-14,287.07,287.64
1999-07-15,287.24,287.8
1999-07-16,287.45,287.84
1999-07-17,287.42,287.94
1999-07-18,287.42,287.94
1999-07-19,287.42,287.94
1999-07-20,287.56,288.08
1999-07-21,287.68,288.2
1999-07-22,287.76,288.29
1999-07-23,287.83,288.38
1999-07-24,287.98,288.52
1999-07-25,287.98,288.52
1999-07-26,287.98,288.52
1999-07-27,288.08,288.55
1999-07-28,288.19,288.71
1999-07-29,288.28,288.78
1999-07-30,288.36,288.78
1999-07-31,288.47,288.97
1999-08-01,288.47,288.97
1999-08-02,288.47,288.97
1999-08-03,288.47,288.97
1999-08-04,288.54,289.08
1999-08-05,288.63,289.13
1999-08-06,288.79,289.23
1999-08-07,288.84,289.34
1999-08-08,288.84,289.34
1999-08-09,288.84,289.34
1999-08-10,288.91,289.41
1999-08-11,288.97,289.54
1999-08-12,289.1,289.58
1999-08-13,289.21,289.6
1999-08-14,289.23,289.68
1999-08-15,289.23,289.68
1999-08-16,289.23,289.68
1999-08-17,289.43,289.82
1999-08-18,289.38,289.91
1999-08-19,289.54,290.05
1999-08-20,289.61,290.09
1999-08-21,289.69,290.23
1999-08-22,289.69,290.23
1999-08-23,289.69,290.23
1999-08-24,289.81,290.28
1999-08-25,289.85,290.41
1999-08-26,289.97,290.49
1999-08-27,290.14,290.61
1999-08-28,290.17,290.66
1999-08-29,290.17,290.66
1999-08-30,290.17,290.66
1999-08-31,290.25,290.78
1999-09-01,290.27,290.85
1999-09-02,290.52,290.94
1999-09-03,290.53,291.06
1999-09-04,290.63,291.14
1999-09-05,290.63,291.14
1999-09-06,290.63,291.14
1999-09-07,290.7,291.21
1999-09-08,290.72,291.34
1999-09-09,290.91,291.33
1999-09-10,290.95,291.46
1999-09-11,291.05,291.51
1999-09-12,291.05,291.51
1999-09-13,291.05,291.51
1999-09-14,291.22,291.66
1999-09-15,291.2,291.77
1999-09-16,291.2,291.77
1999-09-17,291.3,291.8
1999-09-18,291.43,291.83
1999-09-19,291.43,291.83
1999-09-20,291.43,291.83
1999-09-21,291.47,291.97
1999-09-22,291.51,292.07
1999-09-23,291.66,292.15
1999-09-24,291.73,292.26
1999-09-25,291.89,292.4
1999-09-26,291.89,292.4
1999-09-27,291.89,292.4
1999-09-28,291.97,292.44
1999-09-29,291.97,292.56
1999-09-30,292.16,292.62
1999-10-01,292.27,292.69
1999-10-02,292.31,292.79
1999-10-03,292.31,292.79
1999-10-04,292.31,292.79
1999-10-05,292.38,292.93
1999-10-06,292.48,292.99
1999-10-07,292.59,293.03
1999-10-08,292.79,293.14
1999-10-09,292.76,293.27
1999-10-10,292.76,293.27
1999-10-11,292.76,293.27
1999-10-12,292.88,293.38
1999-10-13,292.99,293.49
1999-10-14,293.04,293.53
1999-10-15,293.11,293.54
1999-10-16,293.19,293.68
1999-10-17,293.19,293.68
1999-10-18,293.19,293.68
1999-10-19,293.19,293.68
1999-10-20,293.31,293.8
1999-10-21,293.36,293.9
1999-10-22,293.48,293.98
1999-10-23,293.54,294.05
1999-10-24,293.54,294.05
1999-10-25,293.54,294.05
1999-10-26,293.66,294.13
1999-10-27,293.75,294.21
1999-10-28,293.87,294.32
1999-10-29,293.98,294.36
1999-10-30,294.07,294.55
1999-10-31,294.07,294.55
1999-11-01,294.07,294.55
1999-11-02,294.11,294.57
1999-11-03,294.21,294.69
1999-11-04,294.34,294.8
1999-11-05,294.42,294.92
1999-11-06,294.5,294.99
1999-11-07,294.5,294.99
1999-11-08,294.5,294.99
1999-11-09,294.64,295.07
1999-11-10,294.69,295.14
1999-11-11,294.83,295.22
1999-11-12,294.9,295.28
1999-11-13,294.97,295.5
1999-11-14,294.97,295.5
1999-11-15,294.97,295.5
1999-11-16,295.07,295.53
1999-11-17,295.1,295.63
1999-11-18,295.25,295.71
1999-11-19,295.3,295.72
1999-11-20,295.39,295.83
1999-11-21,295.39,295.83
1999-11-22,295.39,295.83
1999-11-23,295.48,295.97
1999-11-24,295.61,296.02
1999-11-25,295.64,296.16
1999-11-26,295.85,296.25
1999-11-27,295.81,296.33
1999-11-28,295.81,296.33
1999-11-29,295.81,296.33
1999-11-30,295.96,296.42
1999-12-01,296.05,296.5
1999-12-02,296.11,296.63
1999-12-03,296.24,296.71
1999-12-04,296.32,296.75
1999-12-05,296.32,296.75
1999-12-06,296.32,296.75
1999-12-07,296.42,296.85
1999-12-08,296.55,296.99
1999-12-09,296.62,297.08
1999-12-10,296.74,297.22
1999-12-11,296.76,297.26
1999-12-12,296.76,297.26
1999-12-13,296.76,297.26
1999-12-14,296.85,297.36
1999-12-15,296.96,297.48
1999-12-16,296.99,297.5
1999-12-17,297.14,297.63
1999-12-18,297.16,297.65
1999-12-19,297.16,297.65
1999-12-20,297.16,297.65
1999-12-21,297.31,297.76
1999-12-22,297.35,297.91
1999-12-23,297.46,297.94
1999-12-24,297.56,298.02
1999-12-25,297.7,298.11
1999-12-26,297.7,298.11
1999-12-27,297.7,298.11
1999-12-28,297.77,298.18
1999-12-29,297.83,298.36
1999-12-30,297.96,298.41
1999-12-31,297.96,298.41
2000-01-01,297.96,298.41
2000-01-02,297.96,298.41
2000-01-03,297.96,298.41
2000-01-04,297.95,298.64
2000-01-05,298.08,298.58
2000-01-06,298.13,298.69
2000-01-07,298.23,298.76
2000-01-08,298.35,298.78
2000-01-09,298.35,298.78
2000-01-10,298.35,298.78
2000-01-11,298.45,298.91
2000-01-12,298.46,298.99
2000-01-13,298.59,299.06
2000-01-14,298.69,299.13
2000-01-15,298.71,299.16
2000-01-16,298.71,299.16
2000-01-17,298.71,299.16
2000-01-18,298.77,299.33
2000-01-19,298.83,299.38
2000-01-20,299.0,299.45
2000-01-21,299.09,299.55
2000-01-22,299.24,299.63
2000-01-23,299.24,299.63
2000-01-24,299.24,299.63
2000-01-25,299.31,299.71
2000-01-26,299.31,299.79
2000-01-27,299.46,299.9
2000-01-28,299.5,299.97
2000-01-29,299.4,299.95
2000-01-30,299.4,299.95
2000-01-31,299.4,299.95
2000-02-01,299.56,300.07
2000-02-02,299.63,300.16
2000-02-03,299.74,300.21
2000-02-04,299.93,300.36
2000-02-05,299.94,300.41
2000-02-06,299.94,300.41
2000-02-07,299.94,300.41
2000-02-08,299.98,300.5
2000-02-09,300.09,300.57
2000-02-10,300.14,300.6
2000-02-11,300.28,300.73
2000-02-12,300.28,300.78
2000-02-13,300.28,300.78
2000-02-14,300.28,300.78
2000-02-15,300.39,300.87
2000-02-16,300.43,300.92
2000-02-17,300.5,300.99
2000-02-18,300.65,301.07
2000-02-19,300.67,301.15
2000-02-20,300.67,301.15
2000-02-21,300.67,301.15
2000-02-22,300.8,301.25
2000-02-23,300.81,301.35
2000-02-24,300.89,301.41
2000-02-25,301.05,301.48
2000-02-26,301.1,301.49
2000-02-27,301.1,301.49
2000-02-28,301.1,301.49
2000-02-29,301.18,301.67
2000-03-01,301.25,301.72
2000-03-02,301.32,301.8
2000-03-03,301.5,301.92
2000-03-04,301.56,302.02
2000-03-05,301.56,302.02
2000-03-06,301.56,302.02
2000-03-07,301.61,302.13
2000-03-08,301.61,302.13
2000-03-09,301.75,302.23
2000-03-10,301.84,302.36
2000-03-11,301.99,302.41
2000-03-12,301.99,302.41
2000-03-13,301.99,302.41
2000-03-14,301.98,302.56
2000-03-15,302.02,302.62
2000-03-16,302.09,302.65
2000-03-17,302.21,302.66
2000-03-18,302.26,302.81
2000-03-19,302.26,302.81
2000-03-20,302.26,302.81
2000-03-21,302.32,302.88
2000-03-22,302.41,302.98
2000-03-23,302.57,302.96
2000-03-24,302.64,303.15
2000-03-25,302.72,303.16
2000-03-26,302.72,303.16
2000-03-27,302.72,303.16
2000-03-28,302.8,303.27
2000-03-29,302.89,303.38
2000-03-30,302.96,303.42
2000-03-31,303.09,303.55
2000-04-01,303.14,303.56
2000-04-02,303.14,303.56
2000-04-03,303.14,303.56
2000-04-04,303.21,303.62
2000-04-05,303.27,303.76
2000-04-06,303.32,303.86
2000-04-07,303.41,303.91
2000-04-08,303.46,303.98
2000-04-09,303.46,303.98
2000-04-10,303.46,303.98
2000-04-11,303.55,304.11
2000-04-12,303.55,304.11
2000-04-13,303.62,304.14
2000-04-14,303.75,304.14
2000-04-15,303.77,304.25
2000-04-16,303.77,304.25
2000-04-17,303.77,304.25
2000-04-18,303.9,304.37
2000-04-19,303.92,304.44
2000-04-20,304.04,304.58
2000-04-21,304.04,304.58
2000-04-22,304.04,304.58
2000-04-23,304.04,304.58
2000-04-24,304.04,304.58
2000-04-25,304.11,304.6
2000-04-26,304.13,304.67
2000-04-27,304.28,304.78
2000-04-28,304.38,304.87
2000-04-29,304.42,304.92
2000-04-30,304.42,304.92
2000-05-01,304.42,304.92
2000-05-02,304.42,304.92
2000-05-03,304.45,305.04
2000-05-04,304.59,305.04
2000-05-05,304.69,305.15
2000-05-06,304.8,305.3
2000-05-07,304.8,305.3
2000-05-08,304.8,305.3
2000-05-09,304.77,305.34
2000-05-10,304.88,305.46
2000-05-11,304.99,305.52
2000-05-12,305.2,305.61
2000-05-13,305.18,305.66
2000-05-14,305.18,305.66
2000-05-15,305.18,305.66
2000-05-16,305.28,305.74
2000-05-17,305.31,305.83
2000-05-18,305.38,305.91
2000-05-19,305.48,305.95
2000-05-20,305.53,306.0
2000-05-21,305.53,306.0
2000-05-22,305.53,306.0
2000-05-23,305.64,306.12
2000-05-24,305.7,306.21
2000-05-25,305.74,306.27
2000-05-26,305.88,306.37
2000-05-27,305.95,306.43
2000-05-28,305.95,306.43
2000-05-29,305.95,306.43
2000-05-30,306.03,306.53
2000-05-31,306.08,306.63
2000-06-01,306.17,306.69
2000-06-02,306.3,306.74
2000-06-03,306.31,306.9
2000-06-04,306.31,306.9
2000-06-05,306.31,306.9
2000-06-06,306.43,306.96
2000-06-07,306.5,307.02
2000-06-08,306.61,307.09
2000-06-09,306.72,307.2
2000-06-10,306.95,307.28
2000-06-11,306.95,307.28
2000-06-12,306.95,307.28
2000-06-13,306.82,307.39
2000-06-14,306.89,307.49
2000-06-15,307.01,307.54
2000-06-16,307.11,307.49
2000-06-17,307.1,307.67
2000-06-18,307.1,307.67
2000-06-19,307.1,307.67
2000-06-20,307.2,307.74
2000-06-21,307.27,307.83
2000-06-22,307.32,307.92
2000-06-23,307.49,308.02
2000-06-24,307.51,308.03
2000-06-25,307.51,308.03
2000-06-26,307.51,308.03
2000-06-27,307.67,308.14
2000-06-28,307.67,308.27
2000-06-29,307.77,308.34
2000-06-30,307.87,308.42
2000-07-01,307.95,308.51
2000-07-02,307.95,308.51
2000-07-03,307.95,308.51
2000-07-04,308.05,308.58
2000-07-05,308.07,308.69
2000-07-06,308.12,308.77
2000-07-07,308.3,308.82
2000-07-08,308.43,308.85
2000-07-09,308.43,308.85
2000-07-10,308.43,308.85
2000-07-11,308.45,308.98
2000-07-12,308.51,309.1
2000-07-13,308.61,309.12
2000-07-14,308.71,309.2
2000-07-15,308.73,309.21
2000-07-16,308.73,309.21
2000-07-17,308.73,309.21
2000-07-18,308.82,309.43
2000-07-19,308.89,309.53
2000-07-20,308.98,309.53
2000-07-21,309.1,309.55
2000-07-22,309.09,309.66
2000-07-23,309.09,309.66
2000-07-24,309.09,309.66
2000-07-25,309.2,309.77
2000-07-26,309.2,309.77
2000-07-27,309.29,309.86
2000-07-28,309.34,309.95
2000-07-29,309.45,310.0
2000-07-30,309.45,310.0
2000-07-31,309.45,310.0
2000-08-01,309.58,310.09
2000-08-02,309.64,310.19
2000-08-03,309.64,310.19
2000-08-04,309.77,310.27
2000-08-05,309.85,310.35
2000-08-06,309.85,310.35
2000-08-07,309.85,310.35
2000-08-08,309.87,310.42
2000-08-09,309.96,310.51
2000-08-10,310.05,310.61
2000-08-11,310.22,310.69
2000-08-12,310.3,310.7
2000-08-13,310.3,310.7
2000-08-14,310.3,310.7
2000-08-15,310.29,310.84
2000-08-16,310.29,310.84
2000-08-17,310.38,310.93
2000-08-18,310.45,310.89
2000-08-19,310.49,311.08
2000-08-20,310.49,311.08
2000-08-21,310.49,311.08
2000-08-22,310.59,311.15
2000-08-23,310.63,311.29
2000-08-24,310.75,311.32
2000-08-25,310.85,311.32
2000-08-26,310.88,311.48
2000-08-27,310.88,311.48
2000-08-28,310.88,311.48
2000-08-29,311.0,311.56
2000-08-30,311.05,311.63
2000-08-31,311.11,311.74
2000-09-01,311.23,311.73
2000-09-02,311.3,311.9
2000-09-03,311.3,311.9
2000-09-04,311.3,311.9
2000-09-05,311.36,311.95
2000-09-06,311.43,312.02
2000-09-07,311.54,312.13
2000-09-08,311.71,312.19
2000-09-09,311.78,312.25
2000-09-10,311.78,312.25
2000-09-11,311.78,312.25
2000-09-12,311.77,312.3
2000-09-13,311.88,312.43
2000-09-14,311.99,312.44
2000-09-15,312.04,312.59
2000-09-16,312.04,312.59
2000-09-17,312.04,312.59
2000-09-18,312.04,312.59
2000-09-19,312.09,312.65
2000-09-20,312.13,312.78
2000-09-21,312.29,312.86
2000-09-22,312.35,312.88
2000-09-23,312.45,313.01
2000-09-24,312.45,313.01
2000-09-25,312.45,313.01
2000-09-26,312.46,313.03
2000-09-27,312.61,313.18
2000-09-28,312.57,313.17
2000-09-29,312.73,313.3
2000-09-30,312.82,313.35
2000-10-01,312.82,313.35
2000-10-02,312.82,313.35
2000-10-03,312.93,313.44
2000-10-04,313.02,313.56
2000-10-05,313.07,313.6
2000-10-06,313.24,313.71
2000-10-07,313.36,313.79
2000-10-08,313.36,313.79
2000-10-09,313.36,313.79
2000-10-10,313.33,313.81
2000-10-11,313.44,313.93
2000-10-12,313.47,314.01
2000-10-13,313.56,314.05
2000-10-14,313.67,314.2
2000-10-15,313.67,314.2
2000-10-16,313.67,314.2
2000-10-17,313.67,314.2
2000-10-18,313.73,314.29
2000-10-19,313.76,314.35
2000-10-20,313.85,314.47
2000-10-21,313.92,314.48
2000-10-22,313.92,314.48
2000-10-23,313.92,314.48
2000-10-24,314.07,314.57
2000-10-25,314.13,314.67
2000-10-26,314.18,314.72
2000-10-27,314.3,314.85
2000-10-28,314.33,314.82
2000-10-29,314.33,314.82
2000-10-30,314.33,314.82
2000-10-31,314.47,315.01
2000-11-01,314.57,315.05
2000-11-02,314.63,315.13
2000-11-03,314.67,315.21
2000-11-04,314.74,315.37
2000-11-05,314.74,315.37
2000-11-06,314.74,315.37
2000-11-07,314.78,315.39
2000-11-08,314.93,315.45
2000-11-09,315.01,315.56
2000-11-10,315.09,315.65
2000-11-11,315.18,315.64
2000-11-12,315.18,315.64
2000-11-13,315.18,315.64
2000-11-14,315.26,315.82
2000-11-15,315.32,315.8
2000-11-16,315.42,315.97
2000-11-17,315.47,315.98
2000-11-18,315.51,316.05
2000-11-19,315.51,316.05
2000-11-20,315.51,316.05
2000-11-21,315.62,316.16
2000-11-22,315.66,316.22
2000-11-23,315.78,316.31
2000-11-24,315.9,316.39
2000-11-25,315.89,316.5
2000-11-26,315.89,316.5
2000-11-27,315.89,316.5
2000-11-28,316.05,316.62
2000-11-29,316.07,316.67
2000-11-30,316.24,316.79
2000-12-01,316.28,316.85
2000-12-02,316.34,316.91
2000-12-03,316.34,316.91
2000-12-04,316.34,316.91
2000-12-05,316.43,317.02
2000-12-06,316.52,317.05
2000-12-07,316.65,317.19
2000-12-08,316.71,317.21
2000-12-09,316.76,317.29
2000-12-10,316.76,317.29
2000-12-11,316.76,317.29
2000-12-12,316.91,317.4
2000-12-13,316.92,317.44
2000-12-14,317.12,317.54
2000-12-15,317.06,317.59
2000-12-16,317.12,317.63
2000-12-17,317.12,317.63
2000-12-18,317.12,317.63
2000-12-19,317.24,317.8
2000-12-20,317.33,317.87
2000-12-21,317.45,317.96
2000-12-22,317.49,318.0
2000-12-23,317.54,318.08
2000-12-24,317.54,318.08
2000-12-25,317.54,318.08
2000-12-26,317.54,318.08
2000-12-27,317.66,318.16
2000-12-28,317.7,318.31
2000-12-29,317.74,318.3
2000-12-30,317.74,318.3
2000-12-31,317.74,318.3
2001-01-01,317.74,318.3
2001-01-02,317.74,318.3
2001-01-03,317.87,318.4
2001-01-04,317.9,318.53
2001-01-05,318.05,318.66
2001-01-06,318.12,318.62
2001-01-07,318.12,318.62
2001-01-08,318.12,318.62
2001-01-09,318.15,318.71
2001-01-10,318.31,318.8
2001-01-11,318.35,318.86
2001-01-12,318.44,318.86
2001-01-13,318.5,319.06
2001-01-14,318.5,319.06
2001-01-15,318.5,319.06
2001-01-16,318.61,319.03
2001-01-17,318.63,319.2
2001-01-18,318.79,319.33
2001-01-19,318.88,319.42
2001-01-20,318.91,319.48
2001-01-21,318.91,319.48
2001-01-22,318.91,319.48
2001-01-23,319.0,319.53
2001-01-24,319.08,319.68
2001-01-25,319.17,319.68
2001-01-26,319.31,319.77
2001-01-27,319.31,319.84
2001-01-28,319.31,319.84
2001-01-29,319.31,319.84
2001-01-30,319.45,319.92
2001-01-31,319.45,320.02
2001-02-01,319.58,320.11
2001-02-02,319.68,320.14
2001-02-03,319.71,320.25
2001-02-04,319.71,320.25
2001-02-05,319.71,320.25
2001-02-06,319.79,320.32
2001-02-07,319.77,320.4
2001-02-08,319.92,320.41
2001-02-09,319.99,320.58
2001-02-10,320.13,320.62
2001-02-11,320.13,320.62
2001-02-12,320.13,320.62
2001-02-13,320.21,320.73
2001-02-14,320.2,320.78
2001-02-15,320.36,320.9
2001-02-16,320.44,321.02
2001-02-17,320.49,321.06
2001-02-18,320.49,321.06
2001-02-19,320.49,321.06
2001-02-20,320.55,321.14
2001-02-21,320.65,321.28
2001-02-22,320.67,321.25
2001-02-23,320.8,321.39
2001-02-24,320.85,321.43
2001-02-25,320.85,321.43
2001-02-26,320.85,321.43
2001-02-27,320.96,321.47
2001-02-28,321.0,321.57
2001-03-01,321.13,321.6
2001-03-02,321.2,321.7
2001-03-03,321.21,321.78
2001-03-04,321.21,321.78
2001-03-05,321.21,321.78
2001-03-06,321.4,321.9
2001-03-07,321.42,321.99
2001-03-08,321.53,322.11
2001-03-09,321.61,322.15
2001-03-10,321.72,322.2
2001-03-11,321.72,322.2
2001-03-12,321.72,322.2
2001-03-13,321.8,322.33
2001-03-14,321.89,322.41
2001-03-15,321.98,322.54
2001-03-16,321.98,322.6
2001-03-17,322.08,322.69
2001-03-18,322.08,322.69
2001-03-19,322.08,322.69
2001-03-20,322.2,322.8
2001-03-21,322.25,322.88
2001-03-22,322.39,322.83
2001-03-23,322.43,323.0
2001-03-24,322.54,323.07
2001-03-25,322.54,323.07
2001-03-26,322.54,323.07
2001-03-27,322.58,323.09
2001-03-28,322.6,323.21
2001-03-29,322.76,323.29
2001-03-30,322.82,323.33
2001-03-31,322.88,323.45
2001-04-01,322.88,323.45
2001-04-02,322.88,323.45
2001-04-03,322.96,323.53
2001-04-04,322.99,323.64
2001-04-05,323.1,323.71
2001-04-06,323.21,323.77
2001-04-07,323.27,323.89
2001-04-08,323.27,323.89
2001-04-09,323.27,323.89
2001-04-10,323.35,323.96
2001-04-11,323.41,324.12
2001-04-12,323.41,324.12
2001-04-13,323.41,324.12
2001-04-14,323.41,324.12
2001-04-15,323.41,324.12
2001-04-16,323.41,324.12
2001-04-17,323.63,324.12
2001-04-18,323.61,324.21
2001-04-19,323.71,324.27
2001-04-20,323.77,324.29
2001-04-21,323.85,324.43
2001-04-22,323.85,324.43
2001-04-23,323.85,324.43
2001-04-24,323.93,324.46
2001-04-25,323.95,324.56
2001-04-26,324.11,324.61
2001-04-27,324.1,324.71
2001-04-28,324.2,324.75
2001-04-29,324.2,324.75
2001-04-30,324.2,324.75
2001-05-01,324.31,324.91
2001-05-02,324.31,324.91
2001-05-03,324.35,324.98
2001-05-04,324.48,325.0
2001-05-05,324.56,325.06
2001-05-06,324.56,325.06
2001-05-07,324.56,325.06
2001-05-08,324.69,325.17
2001-05-09,324.7,325.29
2001-05-10,324.86,325.37
2001-05-11,324.87,325.44
2001-05-12,324.94,325.56
2001-05-13,324.94,325.56
2001-05-14,324.94,325.56
2001-05-15,325.02,325.61
2001-05-16,325.12,325.75
2001-05-17,325.27,325.79
2001-05-18,325.38,325.88
2001-05-19,325.43,326.02
2001-05-20,325.43,326.02
2001-05-21,325.43,326.02
2001-05-22,325.48,326.12
2001-05-23,325.49,326.18
2001-05-24,325.64,326.22
2001-05-25,325.72,326.28
2001-05-26,325.8,326.38
2001-05-27,325.8,326.38
2001-05-28,325.8,326.38
2001-05-29,325.85,326.42
2001-05-30,325.91,326.55
2001-05-31,325.99,326.54
2001-06-01,326.13,326.64
2001-06-02,326.17,326.76
2001-06-03,326.17,326.76
2001-06-04,326.17,326.76
2001-06-05,326.25,326.83
2001-06-06,326.34,326.91
2001-06-07,326.41,326.97
2001-06-08,326.54,327.12
2001-06-09,326.52,327.14
2001-06-10,326.52,327.14
2001-06-11,326.52,327.14
2001-06-12,326.64,327.22
2001-06-13,326.72,327.4
2001-06-14,326.81,327.44
2001-06-15,326.86,327.45
2001-06-16,326.99,327.55
2001-06-17,326.99,327.55
2001-06-18,326.99,327.55
2001-06-19,326.97,327.6
2001-06-20,327.11,327.7
2001-06-21,327.18,327.77
2001-06-22,327.27,327.83
2001-06-23,327.33,327.91
2001-06-24,327.33,327.91
2001-06-25,327.33,327.91
2001-06-26,327.44,328.0
2001-06-27,327.49,328.16
2001-06-28,327.62,328.19
2001-06-29,327.74,328.28
2001-06-30,327.85,328.35
2001-07-01,327.85,328.35
2001-07-02,327.85,328.35
2001-07-03,327.87,328.4
2001-07-04,327.94,328.66
2001-07-05,328.01,328.68
2001-07-06,328.13,328.71
2001-07-07,328.27,328.89
2001-07-08,328.27,328.89
2001-07-09,328.27,328.89
2001-07-10,328.36,329.03
2001-07-11,328.4,329.06
2001-07-12,328.61,329.14
2001-07-13,328.68,329.2
2001-07-14,328.76,329.34
2001-07-15,328.76,329.34
2001-07-16,328.76,329.34
2001-07-17,328.86,329.41
2001-07-18,328.94,329.54
2001-07-19,329.06,329.62
2001-07-20,329.2,329.68
2001-07-21,329.22,329.78
2001-07-22,329.22,329.78
2001-07-23,329.22,329.78
2001-07-24,329.4,329.9
2001-07-25,329.44,330.01
2001-07-26,329.44,330.01
2001-07-27,329.56,330.09
2001-07-28,329.65,330.26
2001-07-29,329.65,330.26
2001-07-30,329.65,330.26
2001-07-31,329.72,330.38
2001-08-01,329.83,330.45
2001-08-02,329.93,330.48
2001-08-03,329.93,330.48
2001-08-04,330.06,330.65
2001-08-05,330.06,330.65
2001-08-06,330.06,330.65
2001-08-07,330.18,330.71
2001-08-08,330.27,330.86
2001-08-09,330.44,330.95
2001-08-10,330.54,331.05
2001-08-11,330.58,331.18
2001-08-12,330.58,331.18
2001-08-13,330.58,331.18
2001-08-14,330.66,331.28
2001-08-15,330.76,331.34
2001-08-16,330.76,331.34
2001-08-17,330.89,331.38
2001-08-18,330.93,331.53
2001-08-19,330.93,331.53
2001-08-20,330.93,331.53
2001-08-21,331.07,331.64
2001-08-22,331.14,331.75
2001-08-23,331.28,331.85
2001-08-24,331.34,331.94
2001-08-25,331.41,332.03
2001-08-26,331.41,332.03
2001-08-27,331.41,332.03
2001-08-28,331.58,332.15
2001-08-29,331.66,332.23
2001-08-30,331.78,332.33
2001-08-31,331.8,332.36
2001-09-01,331.9,332.56
2001-09-02,331.9,332.56
2001-09-03,331.9,332.56
2001-09-04,332.02,332.67
2001-09-05,332.19,332.73
2001-09-06,332.3,332.86
2001-09-07,332.4,332.94
2001-09-08,332.52,333.11
2001-09-09,332.52,333.11
2001-09-10,332.52,333.11
2001-09-11,332.63,333.18
2001-09-12,332.61,333.26
2001-09-13,332.77,333.32
2001-09-14,332.82,333.45
2001-09-15,332.92,333.54
2001-09-16,332.92,333.54
2001-09-17,332.92,333.54
2001-09-18,333.07,333.63
2001-09-19,333.07,333.72
2001-09-20,333.25,333.9
2001-09-21,333.36,333.98
2001-09-22,333.44,334.08
2001-09-23,333.44,334.08
2001-09-24,333.44,334.08
2001-09-25,333.56,334.17
2001-09-26,333.64,334.21
2001-09-27,333.77,334.35
2001-09-28,333.89,334.4
2001-09-29,333.99,334.58
2001-09-30,333.99,334.58
2001-10-01,333.99,334.58
2001-10-02,334.08,334.67
2001-10-03,334.11,334.84
2001-10-04,334.29,334.84
2001-10-05,334.39,335.02
2001-10-06,334.52,335.05
2001-10-07,334.52,335.05
2001-10-08,334.52,335.05
2001-10-09,334.64,335.18
2001-10-10,334.65,335.4
2001-10-11,334.84,335.56
2001-10-12,334.97,335.63
2001-10-13,335.03,335.62
2001-10-14,335.03,335.62
2001-10-15,335.03,335.62
2001-10-16,335.03,335.62
2001-10-17,335.15,335.72
2001-10-18,335.3,335.85
2001-10-19,335.39,335.99
2001-10-20,335.5,336.11
2001-10-21,335.5,336.11
2001-10-22,335.5,336.11
2001-10-23,335.56,336.22
2001-10-24,335.77,336.33
2001-10-25,335.87,336.44
2001-10-26,336.0,336.59
2001-10-27,336.13,336.71
2001-10-28,336.13,336.71
2001-10-29,336.13,336.71
2001-10-30,336.28,336.81
2001-10-31,336.38,336.96
2001-11-01,336.47,337.1
2001-11-02,336.6,337.16
2001-11-03,336.74,337.28
2001-11-04,336.74,337.28
2001-11-05,336.74,337.28
2001-11-06,336.81,337.46
2001-11-07,336.96,337.59
2001-11-08,337.13,337.69
2001-11-09,337.26,337.78
2001-11-10,337.34,337.95
2001-11-11,337.34,337.95
2001-11-12,337.34,337.95
2001-11-13,337.42,338.05
2001-11-14,337.61,338.14
2001-11-15,337.67,338.26
2001-11-16,337.83,338.36
2001-11-17,337.91,338.52
2001-11-18,337.91,338.52
2001-11-19,337.91,338.52
2001-11-20,338.04,338.61
2001-11-21,338.22,338.84
2001-11-22,338.34,338.85
2001-11-23,338.5,339.06
2001-11-24,338.53,339.15
2001-11-25,338.53,339.15
2001-11-26,338.53,339.15
2001-11-27,338.66,339.26
2001-11-28,338.81,339.43
2001-11-29,338.93,339.5
2001-11-30,339.15,339.56
2001-12-01,339.2,339.74
2001-12-02,339.2,339.74
2001-12-03,339.2,339.74
2001-12-04,339.24,339.83
2001-12-05,339.35,340.0
2001-12-06,339.51,340.09
2001-12-07,339.62,340.21
2001-12-08,339.76,340.27
2001-12-09,339.76,340.27
2001-12-10,339.76,340.27
2001-12-11,339.89,340.41
2001-12-12,339.94,340.58
2001-12-13,340.12,340.6
2001-12-14,340.2,340.76
2001-12-15,340.28,340.88
2001-12-16,340.28,340.88
2001-12-17,340.28,340.88
2001-12-18,340.49,340.98
2001-12-19,340.48,341.12
2001-12-20,340.68,341.23
2001-12-21,340.83,341.38
2001-12-22,340.92,341.53
2001-12-23,340.92,341.53
2001-12-24,340.92,341.53
2001-12-25,341.13,341.61
2001-12-26,341.13,341.61
2001-12-27,341.13,341.79
2001-12-28,341.29,341.86
2001-12-29,341.4,341.94
2001-12-30,341.4,341.94
2001-12-31,341.4,341.94
2002-01-01,341.4,341.94
2002-01-02,341.4,341.94
2002-01-03,341.42,342.03
2002-01-04,341.65,342.25
2002-01-05,341.78,342.38
2002-01-06,341.78,342.38
2002-01-07,341.78,342.38
2002-01-08,341.87,342.47
2002-01-09,341.94,342.62
2002-01-10,342.1,342.74
2002-01-11,342.15,342.79
2002-01-12,342.36,342.94
2002-01-13,342.36,342.94
2002-01-14,342.36,342.94
2002-01-15,342.49,343.09
2002-01-16,342.56,343.27
2002-01-17,342.75,343.4
2002-01-18,342.89,343.51
2002-01-19,343.07,343.71
2002-01-20,343.07,343.71
2002-01-21,343.07,343.71
2002-01-22,343.2,343.82
2002-01-23,343.21,343.99
2002-01-24,343.46,344.13
2002-01-25,343.59,344.23
2002-01-26,343.74,344.35
2002-01-27,343.74,344.35
2002-01-28,343.74,344.35
2002-01-29,343.8,344.47
2002-01-30,343.93,344.66
2002-01-31,344.14,344.79
2002-02-01,344.21,344.85
2002-02-02,344.34,345.02
2002-02-03,344.34,345.02
2002-02-04,344.34,345.02
2002-02-05,344.59,345.13
2002-02-06,344.65,345.3
2002-02-07,344.8,345.49
2002-02-08,344.99,345.62
2002-02-09,345.06,345.75
2002-02-10,345.06,345.75
2002-02-11,345.06,345.75
2002-02-12,345.2,345.76
2002-02-13,345.31,346.05
2002-02-14,345.5,346.16
2002-02-15,345.62,346.24
2002-02-16,345.78,346.42
2002-02-17,345.78,346.42
2002-02-18,345.78,346.42
2002-02-19,345.93,346.64
2002-02-20,345.97,346.65
2002-02-21,346.21,346.86
2002-02-22,346.37,346.97
2002-02-23,346.48,347.09
2002-02-24,346.48,347.09
2002-02-25,346.48,347.09
2002-02-26,346.6,347.29
2002-02-27,346.74,347.41
2002-02-28,347.01,347.57
2002-03-01,347.06,347.73
2002-03-02,347.2,347.79
2002-03-03,347.2,347.79
2002-03-04,347.2,347.79
2002-03-05,347.35,348.03
2002-03-06,347.52,348.21
2002-03-07,347.62,348.32
2002-03-08,347.72,348.52
2002-03-09,347.91,348.61
2002-03-10,347.91,348.61
2002-03-11,347.91,348.61
2002-03-12,348.09,348.78
2002-03-13,348.15,348.88
2002-03-14,348.35,349.0
2002-03-15,348.55,349.17
2002-03-16,348.68,349.26
2002-03-17,348.68,349.26
2002-03-18,348.68,349.26
2002-03-19,348.75,349.44
2002-03-20,348.87,349.54
2002-03-21,349.12,349.68
2002-03-22,349.23,349.78
2002-03-23,349.39,349.91
2002-03-24,349.39,349.91
2002-03-25,349.39,349.91
2002-03-26,349.54,350.11
2002-03-27,349.63,350.26
2002-03-28,349.81,350.39
2002-03-29,349.81,350.39
2002-03-30,349.81,350.39
2002-03-31,349.81,350.39
2002-04-01,349.81,350.39
2002-04-02,349.96,350.54
2002-04-03,350.04,350.7
2002-04-04,350.26,350.81
2002-04-05,350.37,351.04
2002-04-06,350.52,351.1
2002-04-07,350.52,351.1
2002-04-08,350.52,351.1
2002-04-09,350.64,351.33
2002-04-10,350.7,351.55
2002-04-11,351.03,351.66
2002-04-12,351.03,351.66
2002-04-13,351.21,351.76
2002-04-14,351.21,351.76
2002-04-15,351.21,351.76
2002-04-16,351.27,351.94
2002-04-17,351.37,352.1
2002-04-18,351.56,352.23
2002-04-19,351.73,352.36
2002-04-20,351.81,352.53
2002-04-21,351.81,352.53
2002-04-22,351.81,352.53
2002-04-23,351.99,352.64
2002-04-24,352.13,352.85
2002-04-25,352.31,352.98
2002-04-26,352.52,353.12
2002-04-27,352.63,353.25
2002-04-28,352.63,353.25
2002-04-29,352.63,353.25
2002-04-30,352.82,353.46
2002-05-01,352.93,353.58
2002-05-02,352.93,353.58
2002-05-03,353.06,353.7
2002-05-04,353.14,353.85
2002-05-05,353.14,353.85
2002-05-06,353.14,353.85
2002-05-07,353.39,353.98
2002-05-08,353.5,354.22
2002-05-09,353.66,354.31
2002-05-10,353.67,354.47
2002-05-11,353.86,354.58
2002-05-12,353.86,354.58
2002-05-13,353.86,354.58
2002-05-14,354.11,354.7
2002-05-15,354.29,354.86
2002-05-16,354.45,355.02
2002-05-17,354.53,355.24
2002-05-18,354.64,355.43
2002-05-19,354.64,355.43
2002-05-20,354.64,355.43
2002-05-21,354.86,355.57
2002-05-22,354.88,355.67
2002-05-23,355.23,355.74
2002-05-24,355.44,355.96
2002-05-25,355.52,356.11
2002-05-26,355.52,356.11
2002-05-27,355.52,356.11
2002-05-28,355.62,356.35
2002-05-29,355.79,356.41
2002-05-30,356.04,356.52
2002-05-31,356.09,356.74
2002-06-01,356.19,356.86
2002-06-02,356.19,356.86
2002-06-03,356.19,356.86
2002-06-04,356.37,356.98
2002-06-05,356.38,357.19
2002-06-06,356.67,357.22
2002-06-07,356.8,357.44
2002-06-08,356.91,357.61
2002-06-09,356.91,357.61
2002-06-10,356.91,357.61
2002-06-11,357.14,357.75
2002-06-12,357.25,357.87
2002-06-13,357.42,358.02
2002-06-14,357.53,358.12
2002-06-15,357.66,358.33
2002-06-16,357.66,358.33
2002-06-17,357.66,358.33
2002-06-18,357.76,358.5
2002-06-19,357.96,358.71
2002-06-20,358.2,358.76
2002-06-21,358.31,359.0
2002-06-22,358.47,359.06
2002-06-23,358.47,359.06
2002-06-24,358.47,359.06
2002-06-25,358.59,359.35
2002-06-26,358.78,359.39
2002-06-27,358.92,359.63
2002-06-28,359.0,359.77
2002-06-29,359.23,359.79
2002-06-30,359.23,359.79
2002-07-01,359.23,359.79
2002-07-02,359.29,359.98
2002-07-03,359.4,360.28
2002-07-04,359.68,360.35
2002-07-05,359.78,360.52
2002-07-06,359.93,360.64
2002-07-07,359.93,360.64
2002-07-08,359.93,360.64
2002-07-09,360.1,360.87
2002-07-10,360.28,360.86
2002-07-11,360.45,360.99
2002-07-12,360.44,361.15
2002-07-13,360.72,361.33
2002-07-14,360.72,361.33
2002-07-15,360.72,361.33
2002-07-16,360.83,361.55
2002-07-17,360.93,361.67
2002-07-18,361.14,361.86
2002-07-19,361.29,361.96
2002-07-20,361.4,362.11
2002-07-21,361.4,362.11
2002-07-22,361.4,362.11
2002-07-23,361.59,362.29
2002-07-24,361.66,362.46
2002-07-25,361.82,362.52
2002-07-26,361.82,362.52
2002-07-27,362.1,362.76
2002-07-28,362.1,362.76
2002-07-29,362.1,362.76
2002-07-30,362.16,362.82
2002-07-31,362.32,363.08
2002-08-01,362.48,363.16
2002-08-02,362.6,363.26
2002-08-03,362.6,363.26
2002-08-04,362.6,363.26
2002-08-05,362.6,363.26
2002-08-06,362.88,363.55
2002-08-07,362.95,363.64
2002-08-08,363.14,363.71
2002-08-09,363.25,363.91
2002-08-10,363.43,364.1
2002-08-11,363.43,364.1
2002-08-12,363.43,364.1
2002-08-13,363.53,364.24
2002-08-14,363.68,364.39
2002-08-15,363.86,364.47
2002-08-16,363.86,364.47
2002-08-17,363.97,364.71
2002-08-18,363.97,364.71
2002-08-19,363.97,364.71
2002-08-20,364.13,364.83
2002-08-21,364.24,364.98
2002-08-22,364.47,365.09
2002-08-23,364.58,365.33
2002-08-24,364.76,365.45
2002-08-25,364.76,365.45
2002-08-26,364.76,365.45
2002-08-27,364.94,365.55
2002-08-28,365.07,365.73
2002-08-29,365.26,365.88
2002-08-30,365.4,366.02
2002-08-31,365.48,366.11
2002-09-01,365.48,366.11
2002-09-02,365.48,366.11
2002-09-03,365.63,366.34
2002-09-04,365.68,366.52
2002-09-05,365.95,366.65
2002-09-06,366.23,366.76
2002-09-07,366.23,366.95
2002-09-08,366.23,366.95
2002-09-09,366.23,366.95
2002-09-10,366.39,367.11
2002-09-11,366.54,367.29
2002-09-12,366.69,367.37
2002-09-13,366.93,367.5
2002-09-14,367.02,367.63
2002-09-15,367.02,367.63
2002-09-16,367.02,367.63
2002-09-17,367.16,367.81
2002-09-18,367.23,368.03
2002-09-19,367.44,368.2
2002-09-20,367.64,368.29
2002-09-21,367.72,368.36
2002-09-22,367.72,368.36
2002-09-23,367.72,368.36
2002-09-24,367.91,368.56
2002-09-25,368.07,368.8
2002-09-26,368.24,368.92
2002-09-27,368.38,368.98
2002-09-28,368.57,369.12
2002-09-29,368.57,369.12
2002-09-30,368.57,369.12
2002-10-01,368.6,369.33
2002-10-02,368.84,369.42
2002-10-03,369.0,369.61
2002-10-04,369.05,369.72
2002-10-05,369.15,369.87
2002-10-06,369.15,369.87
2002-10-07,369.15,369.87
2002-10-08,369.36,370.07
2002-10-09,369.43,370.17
2002-10-10,369.73,370.36
2002-10-11,369.73,370.45
2002-10-12,369.96,370.55
2002-10-13,369.96,370.55
2002-10-14,369.96,370.55
2002-10-15,370.08,370.77
2002-10-16,370.19,371.03
2002-10-17,370.31,371.02
2002-10-18,370.56,371.21
2002-10-19,370.71,371.39
2002-10-20,370.71,371.39
2002-10-21,370.71,371.39
2002-10-22,370.86,371.57
2002-10-23,370.94,371.73
2002-10-24,371.17,371.82
2002-10-25,371.38,371.93
2002-10-26,371.51,372.11
2002-10-27,371.51,372.11
2002-10-28,371.51,372.11
2002-10-29,371.65,372.27
2002-10-30,371.78,372.52
2002-10-31,371.95,372.54
2002-11-01,372.03,372.7
2002-11-02,372.19,372.86
2002-11-03,372.19,372.86
2002-11-04,372.19,372.86
2002-11-05,372.39,373.11
2002-11-06,372.46,373.26
2002-11-07,372.68,373.36
2002-11-08,372.82,373.48
2002-11-09,373.01,373.62
2002-11-10,373.01,373.62
2002-11-11,373.01,373.62
2002-11-12,373.14,373.77
2002-11-13,373.27,373.94
2002-11-14,373.42,374.12
2002-11-15,373.63,374.28
2002-11-16,373.72,374.38
2002-11-17,373.72,374.38
2002-11-18,373.72,374.38
2002-11-19,373.82,374.53
2002-11-20,373.96,374.76
2002-11-21,374.21,374.88
2002-11-22,374.29,374.93
2002-11-23,374.5,375.16
2002-11-24,374.5,375.16
2002-11-25,374.5,375.16
2002-11-26,374.66,375.3
2002-11-27,374.84,375.5
2002-11-28,374.99,375.59
2002-11-29,375.2,375.77
2002-11-30,375.22,375.88
2002-12-01,375.22,375.88
2002-12-02,375.22,375.88
2002-12-03,375.46,376.03
2002-12-04,375.43,376.27
2002-12-05,375.67,376.32
2002-12-06,375.89,376.58
2002-12-07,375.97,376.68
2002-12-08,375.97,376.68
2002-12-09,375.97,376.68
2002-12-10,376.2,376.88
2002-12-11,376.36,377.07
2002-12-12,376.56,377.2
2002-12-13,376.65,377.38
2002-12-14,376.85,377.45
2002-12-15,376.85,377.45
2002-12-16,376.85,377.45
2002-12-17,377.0,377.68
2002-12-18,377.15,377.89
2002-12-19,377.52,378.02
2002-12-20,377.47,378.19
2002-12-21,377.67,378.26
2002-12-22,377.67,378.26
2002-12-23,377.67,378.26
2002-12-24,377.77,378.51
2002-12-25,377.98,378.7
2002-12-26,377.98,378.7
2002-12-27,378.14,378.75
2002-12-28,378.39,379.05
2002-12-29,378.39,379.05
2002-12-30,378.39,379.05
2002-12-31,378.39,379.05
2003-01-01,378.39,379.05
2003-01-02,378.39,379.05
2003-01-03,378.49,379.11
2003-01-04,378.6,379.31
2003-01-05,378.6,379.31
2003-01-06,378.6,379.31
2003-01-07,378.8,379.43
2003-01-08,378.85,379.6
2003-01-09,379.11,379.69
2003-01-10,379.24,379.83
2003-01-11,379.35,379.99
2003-01-12,379.35,379.99
2003-01-13,379.35,379.99
2003-01-14,379.58,380.23
2003-01-15,379.7,380.33
2003-01-16,379.88,380.54
2003-01-17,379.94,380.71
2003-01-18,380.23,380.86
2003-01-19,380.23,380.86
2003-01-20,380.23,380.86
2003-01-21,380.41,381.05
2003-01-22,380.49,381.18
2003-01-23,380.82,381.39
2003-01-24,380.93,381.52
2003-01-25,381.0,381.66
2003-01-26,381.0,381.66
2003-01-27,381.0,381.66
2003-01-28,381.28,381.81
2003-01-29,381.33,382.02
2003-01-30,381.49,382.08
2003-01-31,381.72,382.33
2003-02-01,381.73,382.42
2003-02-02,381.73,382.42
2003-02-03,381.73,382.42
2003-02-04,382.04,382.65
2003-02-05,382.01,382.78
2003-02-06,382.28,382.93
2003-02-07,382.51,383.16
2003-02-08,382.52,383.27
2003-02-09,382.52,383.27
2003-02-10,382.52,383.27
2003-02-11,382.8,383.39
2003-02-12,382.79,383.54
2003-02-13,383.09,383.74
2003-02-14,383.19,383.9
2003-02-15,383.36,384.11
2003-02-16,383.36,384.11
2003-02-17,383.36,384.11
2003-02-18,383.49,384.24
2003-02-19,383.6,384.37
2003-02-20,383.91,384.56
2003-02-21,384.12,384.72
2003-02-22,384.21,384.89
2003-02-23,384.21,384.89
2003-02-24,384.21,384.89
2003-02-25,384.46,385.06
2003-02-26,384.5,385.3
2003-02-27,384.78,385.34
2003-02-28,384.89,385.55
2003-03-01,385.06,385.59
2003-03-02,385.06,385.59
2003-03-03,385.06,385.59
2003-03-04,385.11,385.87
2003-03-05,385.23,386.02
2003-03-06,385.48,386.22
2003-03-07,385.71,386.31
2003-03-08,385.82,386.54
2003-03-09,385.82,386.54
2003-03-10,385.82,386.54
2003-03-11,385.9,386.65
2003-03-12,386.02,386.82
2003-03-13,386.29,386.97
2003-03-14,386.42,387.14
2003-03-15,386.6,387.3
2003-03-16,386.6,387.3
2003-03-17,386.6,387.3
2003-03-18,386.73,387.44
2003-03-19,386.77,387.6
2003-03-20,387.1,387.79
2003-03-21,387.24,387.98
2003-03-22,387.38,388.03
2003-03-23,387.38,388.03
2003-03-24,387.38,388.03
2003-03-25,387.58,388.31
2003-03-26,387.66,388.39
2003-03-27,387.91,388.58
2003-03-28,388.04,388.73
2003-03-29,388.22,388.83
2003-03-30,388.22,388.83
2003-03-31,388.22,388.83
2003-04-01,388.41,389.01
2003-04-02,388.46,389.12
2003-04-03,388.7,389.34
2003-04-04,388.92,389.61
2003-04-05,389.06,389.67
2003-04-06,389.06,389.67
2003-04-07,389.06,389.67
2003-04-08,389.16,389.9
2003-04-09,389.2,389.97
2003-04-10,389.34,390.19
2003-04-11,389.59,390.3
2003-04-12,389.59,390.3
2003-04-13,389.59,390.3
2003-04-14,389.59,390.3
2003-04-15,389.8,390.48
2003-04-16,389.78,390.69
2003-04-17,390.1,390.82
2003-04-18,390.1,390.82
2003-04-19,390.1,390.82
2003-04-20,390.1,390.82
2003-04-21,390.1,390.82
2003-04-22,390.35,391.02
2003-04-23,390.4,391.17
2003-04-24,390.54,391.26
2003-04-25,390.81,391.55
2003-04-26,390.92,391.62
2003-04-27,390.92,391.62
2003-04-28,390.92,391.62
2003-04-29,391.09,391.8
2003-04-30,391.1,391.99
2003-05-01,391.37,392.02
2003-05-02,391.37,392.02
2003-05-03,391.6,392.24
2003-05-04,391.6,392.24
2003-05-05,391.6,392.24
2003-05-06,391.56,392.47
2003-05-07,391.79,392.6
2003-05-08,391.98,392.74
2003-05-09,392.24,392.87
2003-05-10,392.36,393.09
2003-05-11,392.36,393.09
2003-05-12,392.36,393.09
2003-05-13,392.49,393.23
2003-05-14,392.63,393.43
2003-05-15,392.86,393.52
2003-05-16,392.96,393.73
2003-05-17,393.1,393.77
2003-05-18,393.1,393.77
2003-05-19,393.1,393.77
2003-05-20,393.22,394.05
2003-05-21,393.45,394.17
2003-05-22,393.59,394.34
2003-05-23,393.98,394.47
2003-05-24,393.99,394.61
2003-05-25,393.99,394.61
2003-05-26,393.99,394.61
2003-05-27,394.19,394.84
2003-05-28,394.18,394.94
2003-05-29,394.43,395.13
2003-05-30,394.52,395.25
2003-05-31,394.76,395.44
2003-06-01,394.76,395.44
2003-06-02,394.76,395.44
2003-06-03,394.76,395.54
2003-06-04,394.89,395.8
2003-06-05,395.15,395.84
2003-06-06,395.32,396.1
2003-06-07,395.49,396.25
2003-06-08,395.49,396.25
2003-06-09,395.49,396.25
2003-06-10,395.87,396.39
2003-06-11,395.79,396.67
2003-06-12,396.01,396.72
2003-06-13,396.19,396.89
2003-06-14,396.3,397.07
2003-06-15,396.3,397.07
2003-06-16,396.3,397.07
2003-06-17,396.45,397.2
2003-06-18,396.56,397.39
2003-06-19,396.83,397.48
2003-06-20,396.85,397.66
2003-06-21,397.05,397.8
2003-06-22,397.05,397.8
2003-06-23,397.05,397.8
2003-06-24,397.41,398.07
2003-06-25,397.39,398.15
2003-06-26,397.68,398.3
2003-06-27,397.83,398.53
2003-06-28,397.91,398.59
2003-06-29,397.91,398.59
2003-06-30,397.91,398.59
2003-07-01,398.13,398.78
2003-07-02,398.21,398.95
2003-07-03,398.38,399.19
2003-07-04,398.59,399.33
2003-07-05,398.77,399.46
2003-07-06,398.77,399.46
2003-07-07,398.77,399.46
2003-07-08,399.09,399.61
2003-07-09,398.96,399.85
2003-07-10,399.3,399.95
2003-07-11,399.46,400.02
2003-07-12,399.52,400.25
2003-07-13,399.52,400.25
2003-07-14,399.52,400.25
2003-07-15,399.71,400.42
2003-07-16,399.74,400.48
2003-07-17,400.0,400.71
2003-07-18,400.16,400.95
2003-07-19,400.41,401.06
2003-07-20,400.41,401.06
2003-07-21,400.41,401.06
2003-07-22,400.5,401.3
2003-07-23,400.56,401.38
2003-07-24,400.81,401.58
2003-07-25,401.01,401.66
2003-07-26,401.01,401.66
2003-07-27,401.01,401.66
2003-07-28,401.01,401.66
2003-07-29,401.2,401.92
2003-07-30,401.28,402.1
2003-07-31,401.42,402.22
2003-08-01,401.6,402.32
2003-08-02,401.75,402.43
2003-08-03,401.75,402.43
2003-08-04,401.75,402.43
2003-08-05,401.91,402.69
2003-08-06,402.0,402.8
2003-08-07,402.07,403.0
2003-08-08,402.34,403.23
2003-08-09,402.45,403.39
2003-08-10,402.45,403.39
2003-08-11,402.45,403.39
2003-08-12,402.64,403.64
2003-08-13,402.7,403.75
2003-08-14,402.97,403.94
2003-08-15,402.99,404.1
2003-08-16,402.99,404.1
2003-08-17,402.99,404.1
2003-08-18,402.99,404.1
2003-08-19,403.26,404.18
2003-08-20,403.24,404.49
2003-08-21,403.53,404.55
2003-08-22,403.76,404.76
2003-08-23,403.83,404.85
2003-08-24,403.83,404.85
2003-08-25,403.83,404.85
2003-08-26,404.15,405.02
2003-08-27,404.07,405.2
2003-08-28,404.37,405.33
2003-08-29,404.37,405.47
2003-08-30,404.53,405.55
2003-08-31,404.53,405.55
2003-09-01,404.53,405.55
2003-09-02,404.86,405.82
2003-09-03,404.76,406.06
2003-09-04,405.09,406.18
2003-09-05,405.35,406.36
2003-09-06,405.38,406.43
2003-09-07,405.38,406.43
2003-09-08,405.38,406.43
2003-09-09,405.65,406.71
2003-09-10,405.63,406.86
2003-09-11,405.89,406.96
2003-09-12,406.02,407.02
2003-09-13,406.12,407.37
2003-09-14,406.12,407.37
2003-09-15,406.12,407.37
2003-09-16,406.12,407.37
2003-09-17,406.35,407.49
2003-09-18,406.44,407.6
2003-09-19,406.62,407.71
2003-09-20,406.87,407.87
2003-09-21,406.87,407.87
2003-09-22,406.87,407.87
2003-09-23,406.86,408.14
2003-09-24,407.03,408.25
2003-09-25,407.32,408.43
2003-09-26,407.43,408.59
2003-09-27,407.63,408.56
2003-09-28,407.63,408.56
2003-09-29,407.63,408.56
2003-09-30,407.77,408.88
2003-10-01,407.99,409.03
2003-10-02,408.04,409.2
2003-10-03,408.13,409.48
2003-10-04,408.45,409.54
2003-10-05,408.45,409.54
2003-10-06,408.45,409.54
2003-10-07,408.54,409.74
2003-10-08,408.66,409.76
2003-10-09,408.87,410.02
2003-10-10,409.12,410.19
2003-10-11,409.15,410.29
2003-10-12,409.15,410.29
2003-10-13,409.15,410.29
2003-10-14,409.34,410.46
2003-10-15,409.34,410.69
2003-10-16,409.74,410.86
2003-10-17,409.71,411.1
2003-10-18,409.92,411.19
2003-10-19,409.92,411.19
2003-10-20,409.92,411.19
2003-10-21,410.3,411.41
2003-10-22,410.19,411.56
2003-10-23,410.49,411.69
2003-10-24,410.73,411.82
2003-10-25,410.87,412.0
2003-10-26,410.87,412.0
2003-10-27,410.87,412.0
2003-10-28,411.05,412.12
2003-10-29,411.07,412.34
2003-10-30,411.18,412.43
2003-10-31,411.48,412.54
2003-11-01,411.48,412.82
2003-11-02,411.48,412.82
2003-11-03,411.48,412.82
2003-11-04,411.75,412.91
2003-11-05,411.71,413.26
2003-11-06,412.07,413.12
2003-11-07,412.19,413.46
2003-11-08,412.62,413.61
2003-11-09,412.62,413.61
2003-11-10,412.62,413.61
2003-11-11,412.57,413.93
2003-11-12,412.65,414.11
2003-11-13,412.88,414.08
2003-11-14,413.08,414.21
2003-11-15,413.21,414.42
2003-11-16,413.21,414.42
2003-11-17,413.21,414.42
2003-11-18,413.48,414.67
2003-11-19,413.48,414.74
2003-11-20,413.71,414.92
2003-11-21,413.88,414.98
2003-11-22,413.99,415.23
2003-11-23,413.99,415.23
2003-11-24,413.99,415.23
2003-11-25,414.32,415.51
2003-11-26,414.34,415.54
2003-11-27,414.55,415.67
2003-11-28,414.7,415.9
2003-11-29,414.86,415.97
2003-11-30,414.86,415.97
2003-12-01,414.86,415.97
2003-12-02,415.07,416.18
2003-12-03,415.09,416.53
2003-12-04,415.24,416.51
2003-12-05,415.45,416.6
2003-12-06,415.7,416.77
2003-12-07,415.7,416.77
2003-12-08,415.7,416.77
2003-12-09,415.72,416.98
2003-12-10,415.88,417.28
2003-12-11,416.29,417.33
2003-12-12,416.23,417.43
2003-12-13,416.47,417.65
2003-12-14,416.47,417.65
2003-12-15,416.47,417.65
2003-12-16,416.59,417.76
2003-12-17,416.72,418.07
2003-12-18,416.92,418.08
2003-12-19,417.08,418.26
2003-12-20,417.15,418.36
2003-12-21,417.15,418.36
2003-12-22,417.15,418.36
2003-12-23,417.48,418.55
2003-12-24,417.44,418.74
2003-12-25,417.65,418.89
2003-12-26,417.65,418.89
2003-12-27,418.04,419.01
2003-12-28,418.04,419.01
2003-12-29,418.04,419.01
2003-12-30,418.04,419.01
2003-12-31,418.04,419.01
2004-01-01,418.04,419.01
2004-01-02,418.04,419.01
2004-01-03,418.12,419.45
2004-01-04,418.12,419.45
2004-01-05,418.12,419.45
2004-01-06,418.13,419.52
2004-01-07,418.3,419.54
2004-01-08,418.46,419.62
2004-01-09,418.54,419.78
2004-01-10,418.76,419.87
2004-01-11,418.76,419.87
2004-01-12,418.76,419.87
2004-01-13,418.81,420.08
2004-01-14,418.86,420.13
2004-01-15,419.2,420.35
2004-01-16,419.3,420.59
2004-01-17,419.51,420.67
2004-01-18,419.51,420.67
2004-01-19,419.51,420.67
2004-01-20,419.68,420.98
2004-01-21,419.68,421.09
2004-01-22,419.99,421.21
2004-01-23,420.27,421.26
2004-01-24,420.25,421.53
2004-01-25,420.25,421.53
2004-01-26,420.25,421.53
2004-01-27,420.44,421.67
2004-01-28,420.44,421.78
2004-01-29,420.73,422.0
2004-01-30,420.73,422.14
2004-01-31,421.04,422.28
2004-02-01,421.04,422.28
2004-02-02,421.04,422.28
2004-02-03,421.22,422.39
2004-02-04,421.08,422.55
2004-02-05,421.43,422.69
2004-02-06,421.71,422.92
2004-02-07,421.75,422.93
2004-02-08,421.75,422.93
2004-02-09,421.75,422.93
2004-02-10,421.88,423.21
2004-02-11,421.98,423.35
2004-02-12,422.16,423.52
2004-02-13,422.23,423.4
2004-02-14,422.47,423.74
2004-02-15,422.47,423.74
2004-02-16,422.47,423.74
2004-02-17,422.6,424.0
2004-02-18,422.57,424.1
2004-02-19,422.92,424.21
2004-02-20,422.98,424.28
2004-02-21,423.13,424.35
2004-02-22,423.13,424.35
2004-02-23,423.13,424.35
2004-02-24,423.38,424.58
2004-02-25,423.4,425.01
2004-02-26,423.68,424.84
2004-02-27,423.82,425.08
2004-02-28,423.94,425.21
2004-02-29,423.94,425.21
2004-03-01,423.94,425.21
2004-03-02,424.2,425.36
2004-03-03,424.11,425.52
2004-03-04,424.48,425.68
2004-03-05,424.53,425.82
2004-03-06,424.71,425.97
2004-03-07,424.71,425.97
2004-03-08,424.71,425.97
2004-03-09,424.89,426.15
2004-03-10,424.89,426.34
2004-03-11,425.1,426.28
2004-03-12,425.43,426.72
2004-03-13,425.41,426.69
2004-03-14,425.41,426.69
2004-03-15,425.41,426.69
2004-03-16,425.71,426.93
2004-03-17,425.72,427.03
2004-03-18,425.85,427.21
2004-03-19,426.11,427.37
2004-03-20,426.22,427.51
2004-03-21,426.22,427.51
2004-03-22,426.22,427.51
2004-03-23,426.36,427.59
2004-03-24,426.36,427.76
2004-03-25,426.64,427.89
2004-03-26,426.99,428.01
2004-03-27,427.0,428.13
2004-03-28,427.0,428.13
2004-03-29,427.0,428.13
2004-03-30,427.19,428.35
2004-03-31,427.15,428.5
2004-04-01,427.39,428.73
2004-04-02,427.57,428.73
2004-04-03,427.7,428.9
2004-04-04,427.7,428.9
2004-04-05,427.7,428.9
2004-04-06,427.84,429.1
2004-04-07,427.83,429.22
2004-04-08,428.11,429.35
2004-04-09,428.11,429.35
2004-04-10,428.11,429.35
2004-04-11,428.11,429.35
2004-04-12,428.11,429.35
2004-04-13,428.5,429.28
2004-04-14,428.32,429.68
2004-04-15,428.64,429.87
2004-04-16,428.72,430.1
2004-04-17,428.94,430.1
2004-04-18,428.94,430.1
2004-04-19,428.94,430.1
2004-04-20,429.13,430.3
2004-04-21,429.13,430.5
2004-04-22,429.46,430.72
2004-04-23,429.33,430.61
2004-04-24,429.7,430.95
2004-04-25,429.7,430.95
2004-04-26,429.7,430.95
2004-04-27,430.0,431.0
2004-04-28,429.75,431.34
2004-04-29,429.99,431.45
2004-04-30,430.36,431.58
2004-05-01,430.33,431.62
2004-05-02,430.33,431.62
2004-05-03,430.33,431.62
2004-05-04,430.57,431.81
2004-05-05,430.52,431.92
2004-05-06,430.77,432.22
2004-05-07,430.97,432.27
2004-05-08,431.18,432.42
2004-05-09,431.18,432.42
2004-05-10,431.18,432.42
2004-05-11,431.32,432.43
2004-05-12,431.36,432.73
2004-05-13,431.63,432.81
2004-05-14,431.79,433.0
2004-05-15,431.92,432.97
2004-05-16,431.92,432.97
2004-05-17,431.92,432.97
2004-05-18,432.12,433.18
2004-05-19,432.18,433.56
2004-05-20,432.38,433.48
2004-05-21,432.46,433.73
2004-05-22,432.6,433.89
2004-05-23,432.6,433.89
2004-05-24,432.6,433.89
2004-05-25,433.04,434.08
2004-05-26,432.87,434.24
2004-05-27,433.1,434.27
2004-05-28,433.2,434.56
2004-05-29,433.43,434.73
2004-05-30,433.43,434.73
2004-05-31,433.43,434.73
2004-06-01,433.64,434.83
2004-06-02,433.52,434.98
2004-06-03,433.8,435.06
2004-06-04,434.03,435.08
2004-06-05,434.04,435.51
2004-06-06,434.04,435.51
2004-06-07,434.04,435.51
2004-06-08,434.22,435.62
2004-06-09,434.26,435.7
2004-06-10,434.43,436.02
2004-06-11,434.67,435.99
2004-06-12,434.85,436.22
2004-06-13,434.85,436.22
2004-06-14,434.85,436.22
2004-06-15,435.04,436.36
2004-06-16,435.06,436.68
2004-06-17,435.27,436.7
2004-06-18,435.46,436.69
2004-06-19,435.53,436.8
2004-06-20,435.53,436.8
2004-06-21,435.53,436.8
2004-06-22,435.82,437.06
2004-06-23,435.79,437.39
2004-06-24,436.14,437.4
2004-06-25,436.23,437.51
2004-06-26,436.41,437.54
2004-06-27,436.41,437.54
2004-06-28,436.41,437.54
2004-06-29,436.55,437.92
2004-06-30,436.61,438.01
2004-07-01,436.8,438.15
2004-07-02,436.96,438.28
2004-07-03,437.04,438.44
2004-07-04,437.04,438.44
2004-07-05,437.04,438.44
2004-07-06,437.22,438.47
2004-07-07,437.14,438.84
2004-07-08,437.48,438.89
2004-07-09,437.75,439.09
2004-07-10,437.81,439.04
2004-07-11,437.81,439.04
2004-07-12,437.81,439.04
2004-07-13,437.94,439.07
2004-07-14,437.97,439.51
2004-07-15,438.31,439.58
2004-07-16,438.46,439.76
2004-07-17,438.53,439.99
2004-07-18,438.53,439.99
2004-07-19,438.53,439.99
2004-07-20,438.72,440.08
2004-07-21,438.68,440.27
2004-07-22,438.91,440.25
2004-07-23,439.2,440.57
2004-07-24,439.53,440.68
2004-07-25,439.53,440.68
2004-07-26,439.53,440.68
2004-07-27,439.46,440.96
2004-07-28,439.51,441.09
2004-07-29,439.79,441.15
2004-07-30,440.05,441.21
2004-07-31,440.05,441.35
2004-08-01,440.05,441.35
2004-08-02,440.05,441.35
2004-08-03,440.05,441.35
2004-08-04,440.28,441.54
2004-08-05,440.31,442.14
2004-08-06,440.49,441.79
2004-08-07,440.71,442.23
2004-08-08,440.71,442.23
2004-08-09,440.71,442.23
2004-08-10,440.85,442.4
2004-08-11,440.99,442.67
2004-08-12,441.06,442.71
2004-08-13,441.47,442.83
2004-08-14,441.64,442.56
2004-08-15,441.64,442.56
2004-08-16,441.64,442.56
2004-08-17,441.73,443.21
2004-08-18,441.92,443.46
2004-08-19,442.1,443.54
2004-08-20,442.22,443.72
2004-08-21,442.42,443.75
2004-08-22,442.42,443.75
2004-08-23,442.42,443.75
2004-08-24,442.55,444.03
2004-08-25,442.73,444.41
2004-08-26,442.98,444.37
2004-08-27,443.1,444.55
2004-08-28,443.3,444.65
2004-08-29,443.3,444.65
2004-08-30,443.3,444.65
2004-08-31,443.41,444.9
2004-09-01,443.46,445.11
2004-09-02,443.73,445.17
2004-09-03,443.9,445.41
2004-09-04,443.92,445.67
2004-09-05,443.92,445.67
2004-09-06,443.92,445.67
2004-09-07,444.16,445.52
2004-09-08,444.22,446.04
2004-09-09,444.73,446.09
2004-09-10,445.17,446.25
2004-09-11,444.92,446.4
2004-09-12,444.92,446.4
2004-09-13,444.92,446.4
2004-09-14,445.08,446.57
2004-09-15,445.14,446.71
2004-09-16,445.14,446.71
2004-09-17,445.55,446.87
2004-09-18,445.64,447.0
2004-09-19,445.64,447.0
2004-09-20,445.64,447.0
2004-09-21,445.73,447.17
2004-09-22,445.84,447.3
2004-09-23,446.0,447.53
2004-09-24,446.12,447.77
2004-09-25,446.29,447.89
2004-09-26,446.29,447.89
2004-09-27,446.29,447.89
2004-09-28,446.53,448.05
2004-09-29,446.62,448.22
2004-09-30,446.98,448.32
2004-10-01,447.24,448.47
2004-10-02,447.4,448.63
2004-10-03,447.4,448.63
2004-10-04,447.4,448.63
2004-10-05,447.45,448.95
2004-10-06,447.44,448.99
2004-10-07,447.78,449.28
2004-10-08,447.98,449.43
2004-10-09,448.24,449.61
2004-10-10,448.24,449.61
2004-10-11,448.24,449.61
2004-10-12,448.28,449.83
2004-10-13,448.36,450.07
2004-10-14,448.54,450.14
2004-10-15,448.92,450.3
2004-10-16,449.05,450.42
2004-10-17,449.05,450.42
2004-10-18,449.05,450.42
2004-10-19,449.05,450.42
2004-10-20,449.38,450.66
2004-10-21,449.38,450.86
2004-10-22,449.47,450.87
2004-10-23,449.72,451.29
2004-10-24,449.72,451.29
2004-10-25,449.72,451.29
2004-10-26,449.99,451.35
2004-10-27,449.96,451.57
2004-10-28,450.21,451.66
2004-10-29,450.49,451.78
2004-10-30,450.73,451.87
2004-10-31,450.73,451.87
2004-11-01,450.73,451.87
2004-11-02,450.69,451.92
2004-11-03,450.63,452.46
2004-11-04,451.03,452.47
2004-11-05,451.06,452.49
2004-11-06,451.38,452.87
2004-11-07,451.38,452.87
2004-11-08,451.38,452.87
2004-11-09,451.54,452.95
2004-11-10,451.73,453.34
2004-11-11,451.77,453.4
2004-11-12,452.06,453.69
2004-11-13,452.18,453.68
2004-11-14,452.18,453.68
2004-11-15,452.18,453.68
2004-11-16,452.39,453.93
2004-11-17,452.69,454.2
2004-11-18,452.87,454.35
2004-11-19,452.85,454.36
2004-11-20,453.15,454.59
2004-11-21,453.15,454.59
2004-11-22,453.15,454.59
2004-11-23,453.37,454.69
2004-11-24,453.38,454.95
2004-11-25,453.58,455.21
2004-11-26,453.97,455.36
2004-11-27,454.17,455.34
2004-11-28,454.17,455.34
2004-11-29,454.17,455.34
2004-11-30,454.27,455.58
2004-12-01,454.25,455.88
2004-12-02,454.47,455.84
2004-12-03,454.82,456.28
2004-12-04,454.82,455.85
2004-12-05,454.82,455.85
2004-12-06,454.82,455.85
2004-12-07,455.02,456.49
2004-12-08,454.96,456.78
2004-12-09,455.42,456.77
2004-12-10,455.51,457.07
2004-12-11,455.47,457.2
2004-12-12,455.47,457.2
2004-12-13,455.47,457.2
2004-12-14,455.81,457.44
2004-12-15,455.71,457.52
2004-12-16,456.14,457.68
2004-12-17,456.2,457.87
2004-12-18,456.54,457.87
2004-12-19,456.54,457.87
2004-12-20,456.54,457.87
2004-12-21,456.69,458.28
2004-12-22,456.39,458.42
2004-12-23,456.96,458.52
2004-12-24,457.06,458.64
2004-12-25,457.23,458.97
2004-12-26,457.23,458.97
2004-12-27,457.23,458.97
2004-12-28,457.58,459.16
2004-12-29,456.86,459.37
2004-12-30,457.68,459.51
2004-12-31,457.58,459.64
2005-01-01,457.58,459.64
2005-01-02,457.58,459.64
2005-01-03,457.58,459.64
2005-01-04,458.02,459.99
2005-01-05,457.84,460.09
2005-01-06,458.32,460.09
2005-01-07,458.96,460.14
2005-01-08,458.81,460.4
2005-01-09,458.81,460.4
2005-01-10,458.81,460.4
2005-01-11,459.11,460.48
2005-01-12,458.76,460.85
2005-01-13,459.36,460.93
2005-01-14,459.4,461.15
2005-01-15,459.69,461.27
2005-01-16,459.69,461.27
2005-01-17,459.69,461.27
2005-01-18,459.87,461.5
2005-01-19,459.63,461.46
2005-01-20,460.16,461.77
2005-01-21,460.22,461.87
2005-01-22,460.4,461.93
2005-01-23,460.4,461.93
2005-01-24,460.4,461.93
2005-01-25,460.59,462.03
2005-01-26,460.27,462.5
2005-01-27,460.85,462.33
2005-01-28,461.13,462.46
2005-01-29,461.06,462.48
2005-01-30,461.06,462.48
2005-01-31,461.06,462.48
2005-02-01,461.3,463.17
2005-02-02,461.13,463.06
2005-02-03,461.7,463.15
2005-02-04,461.75,463.77
2005-02-05,461.84,463.56
2005-02-06,461.84,463.56
2005-02-07,461.84,463.56
2005-02-08,461.98,463.26
2005-02-09,461.74,464.0
2005-02-10,462.33,463.97
2005-02-11,462.89,464.32
2005-02-12,462.66,464.19
2005-02-13,462.66,464.19
2005-02-14,462.66,464.19
2005-02-15,462.99,464.61
2005-02-16,462.79,464.37
2005-02-17,463.1,464.89
2005-02-18,463.26,464.59
2005-02-19,463.38,465.06
2005-02-20,463.38,465.06
2005-02-21,463.38,465.06
2005-02-22,463.6,465.23
2005-02-23,463.24,465.45
2005-02-24,463.85,465.54
2005-02-25,464.49,465.59
2005-02-26,464.25,465.83
2005-02-27,464.25,465.83
2005-02-28,464.25,465.83
2005-03-01,464.37,465.94
2005-03-02,464.05,466.14
2005-03-03,464.79,466.33
2005-03-04,464.61,465.96
2005-03-05,464.97,466.63
2005-03-06,464.97,466.63
2005-03-07,464.97,466.63
2005-03-08,465.05,466.78
2005-03-09,464.85,466.97
2005-03-10,465.57,467.21
2005-03-11,466.09,467.24
2005-03-12,465.93,467.32
2005-03-13,465.93,467.32
2005-03-14,465.93,467.32
2005-03-15,465.98,467.65
2005-03-16,465.75,467.74
2005-03-17,466.3,467.77
2005-03-18,466.3,468.16
2005-03-19,466.31,468.1
2005-03-20,466.31,468.1
2005-03-21,466.31,468.1
2005-03-22,466.57,468.27
2005-03-23,466.26,468.24
2005-03-24,466.71,468.67
2005-03-25,466.71,468.67
2005-03-26,466.71,468.67
2005-03-27,466.71,468.67
2005-03-28,466.71,468.67
2005-03-29,466.97,468.3
2005-03-30,467.19,468.73
2005-03-31,467.46,468.87
2005-04-01,467.48,468.89
2005-04-02,467.63,469.24
2005-04-03,467.63,469.24
2005-04-04,467.63,469.24
2005-04-05,467.65,469.63
2005-04-06,467.53,469.56
2005-04-07,467.95,469.72
2005-04-08,468.28,470.01
2005-04-09,468.3,469.99
2005-04-10,468.3,469.99
2005-04-11,468.3,469.99
2005-04-12,468.3,469.99
2005-04-13,468.57,470.27
2005-04-14,468.39,470.51
2005-04-15,469.42,470.3
2005-04-16,468.96,470.42
2005-04-17,468.96,470.42
2005-04-18,468.96,470.42
2005-04-19,469.25,470.87
2005-04-20,469.21,471.02
2005-04-21,469.24,470.91
2005-04-22,469.53,471.3
2005-04-23,469.61,471.39
2005-04-24,469.61,471.39
2005-04-25,469.61,471.39
2005-04-26,469.72,471.49
2005-04-27,469.68,471.84
2005-04-28,470.03,471.88
2005-04-29,470.32,472.09
2005-04-30,470.41,472.07
2005-05-01,470.41,472.07
2005-05-02,470.41,472.07
2005-05-03,470.67,472.44
2005-05-04,470.55,472.62
2005-05-05,470.8,472.58
2005-05-06,471.37,472.83
2005-05-07,471.1,472.93
2005-05-08,471.1,472.93
2005-05-09,471.1,472.93
2005-05-10,471.24,473.09
2005-05-11,471.11,473.14
2005-05-12,471.6,473.41
2005-05-13,471.83,473.28
2005-05-14,471.93,473.62
2005-05-15,471.93,473.62
2005-05-16,471.93,473.62
2005-05-17,472.07,473.94
2005-05-18,472.09,474.09
2005-05-19,472.34,474.21
2005-05-20,472.53,474.34
2005-05-21,472.56,474.29
2005-05-22,472.56,474.29
2005-05-23,472.56,474.29
2005-05-24,472.71,474.66
2005-05-25,472.68,474.87
2005-05-26,473.03,475.01
2005-05-27,473.28,475.09
2005-05-28,473.43,475.11
2005-05-29,473.43,475.11
2005-05-30,473.43,475.11
2005-05-31,473.72,475.19
2005-06-01,473.52,475.5
2005-06-02,474.15,475.63
2005-06-03,474.11,475.83
2005-06-04,474.29,475.79
2005-06-05,474.29,475.79
2005-06-06,474.29,475.79
2005-06-07,474.32,476.1
2005-06-08,474.3,476.23
2005-06-09,474.43,476.17
2005-06-10,474.56,476.46
2005-06-11,474.9,476.49
2005-06-12,474.9,476.49
2005-06-13,474.9,476.49
2005-06-14,475.08,476.7
2005-06-15,475.1,477.18
2005-06-16,475.44,477.23
2005-06-17,475.55,477.1
2005-06-18,475.62,477.53
2005-06-19,475.62,477.53
2005-06-20,475.62,477.53
2005-06-21,475.78,477.46
2005-06-22,475.79,478.0
2005-06-23,476.19,477.97
2005-06-24,476.29,478.13
2005-06-25,476.48,478.18
2005-06-26,476.48,478.18
2005-06-27,476.48,478.18
2005-06-28,476.54,478.4
2005-06-29,476.47,478.72
2005-06-30,476.91,478.68
2005-07-01,477.01,478.68
2005-07-02,477.11,478.9
2005-07-03,477.11,478.9
2005-07-04,477.11,478.9
2005-07-05,477.17,479.31
2005-07-06,477.14,479.38
2005-07-07,477.47,479.37
2005-07-08,477.81,479.45
2005-07-09,477.86,479.78
2005-07-10,477.86,479.78
2005-07-11,477.86,479.78
2005-07-12,478.07,479.71
2005-07-13,477.9,480.11
2005-07-14,478.39,480.17
2005-07-15,478.88,480.1
2005-07-16,478.82,480.38
2005-07-17,478.82,480.38
2005-07-18,478.82,480.38
2005-07-19,478.86,480.63
2005-07-20,478.75,480.95
2005-07-21,478.88,480.99
2005-07-22,479.26,481.09
2005-07-23,479.45,481.09
2005-07-24,479.45,481.09
2005-07-25,479.45,481.09
2005-07-26,479.45,481.09
2005-07-27,479.51,481.3
2005-07-28,479.53,481.68
2005-07-29,479.75,481.63
2005-07-30,479.97,481.54
2005-07-31,479.97,481.54
2005-08-01,479.97,481.54
2005-08-02,480.19,481.93
2005-08-03,480.19,481.93
2005-08-04,479.97,481.96
2005-08-05,480.32,482.26
2005-08-06,480.47,482.37
2005-08-07,480.47,482.37
2005-08-08,480.47,482.37
2005-08-09,480.67,482.44
2005-08-10,480.73,482.84
2005-08-11,480.94,482.7
2005-08-12,481.15,483.13
2005-08-13,481.44,483.22
2005-08-14,481.44,483.22
2005-08-15,481.44,483.22
2005-08-16,481.44,483.22
2005-08-17,481.5,483.42
2005-08-18,481.44,483.74
2005-08-19,482.11,483.7
2005-08-20,481.97,483.71
2005-08-21,481.97,483.71
2005-08-22,481.97,483.71
2005-08-23,481.98,483.79
2005-08-24,482.14,484.15
2005-08-25,482.37,484.12
2005-08-26,482.69,484.33
2005-08-27,482.66,484.51
2005-08-28,482.66,484.51
2005-08-29,482.66,484.51
2005-08-30,482.98,484.62
2005-08-31,482.76,484.74
2005-09-01,483.14,484.84
2005-09-02,483.24,485.06
2005-09-03,483.27,485.25
2005-09-04,483.27,485.25
2005-09-05,483.27,485.25
2005-09-06,483.44,485.44
2005-09-07,483.4,485.7
2005-09-08,483.68,485.85
2005-09-09,484.07,485.84
2005-09-10,484.16,486.0
2005-09-11,484.16,486.0
2005-09-12,484.16,486.0
2005-09-13,484.36,486.14
2005-09-14,484.42,486.34
2005-09-15,484.63,486.47
2005-09-16,484.63,486.47
2005-09-17,484.9,486.48
2005-09-18,484.9,486.48
2005-09-19,484.9,486.48
2005-09-20,484.94,486.86
2005-09-21,484.96,486.93
2005-09-22,485.35,487.1
2005-09-23,485.3,487.4
2005-09-24,485.52,487.22
2005-09-25,485.52,487.22
2005-09-26,485.52,487.22
2005-09-27,485.7,487.52
2005-09-28,485.78,487.76
2005-09-29,485.87,487.61
2005-09-30,486.4,487.96
2005-10-01,486.35,487.94
2005-10-02,486.35,487.94
2005-10-03,486.35,487.94
2005-10-04,486.51,488.17
2005-10-05,486.44,488.39
2005-10-06,486.56,488.48
2005-10-07,486.91,488.63
2005-10-08,487.22,488.79
2005-10-09,487.22,488.79
2005-10-10,487.22,488.79
2005-10-11,487.26,488.83
2005-10-12,487.11,489.19
2005-10-13,487.44,489.26
2005-10-14,487.96,488.94
2005-10-15,487.8,489.1
2005-10-16,487.8,489.1
2005-10-17,487.8,489.1
2005-10-18,487.8,489.1
2005-10-19,487.91,489.76
2005-10-20,488.05,489.98
2005-10-21,488.35,489.98
2005-10-22,488.28,489.77
2005-10-23,488.28,489.77
2005-10-24,488.28,489.77
2005-10-25,488.47,490.19
2005-10-26,488.52,490.58
2005-10-27,488.6,490.5
2005-10-28,488.99,490.68
2005-10-29,489.16,490.93
2005-10-30,489.16,490.93
2005-10-31,489.16,490.93
2005-11-01,489.3,490.99
2005-11-02,489.21,491.35
2005-11-03,489.44,491.53
2005-11-04,489.75,491.53
2005-11-05,490.23,491.78
2005-11-06,490.23,491.78
2005-11-07,490.23,491.78
2005-11-08,489.94,491.88
2005-11-09,489.93,491.96
2005-11-10,490.23,492.06
2005-11-11,490.53,492.31
2005-11-12,490.7,492.46
2005-11-13,490.7,492.46
2005-11-14,490.7,492.46
2005-11-15,490.74,492.71
2005-11-16,490.8,492.78
2005-11-17,491.2,493.01
2005-11-18,491.39,493.04
2005-11-19,491.41,493.28
2005-11-20,491.41,493.28
2005-11-21,491.41,493.28
2005-11-22,491.35,493.31
2005-11-23,491.71,493.64
2005-11-24,491.76,493.63
2005-11-25,492.11,493.77
2005-11-26,492.12,493.89
2005-11-27,492.12,493.89
2005-11-28,492.12,493.89
2005-11-29,492.34,493.74
2005-11-30,492.32,494.29
2005-12-01,492.51,494.38
2005-12-02,492.8,494.55
2005-12-03,492.8,494.95
2005-12-04,492.8,494.95
2005-12-05,492.8,494.95
2005-12-06,493.0,494.88
2005-12-07,493.03,495.28
2005-12-08,493.53,495.25
2005-12-09,493.59,495.53
2005-12-10,493.69,495.59
2005-12-11,493.69,495.59
2005-12-12,493.69,495.59
2005-12-13,493.75,495.84
2005-12-14,494.3,495.93
2005-12-15,494.08,495.8
2005-12-16,494.16,496.2
2005-12-17,494.45,496.17
2005-12-18,494.45,496.17
2005-12-19,494.45,496.17
2005-12-20,494.56,496.38
2005-12-21,494.43,496.79
2005-12-22,494.85,496.73
2005-12-23,495.01,496.67
2005-12-24,495.09,496.96
2005-12-25,495.09,496.96
2005-12-26,495.09,496.96
2005-12-27,495.21,497.14
2005-12-28,494.87,497.35
2005-12-29,495.48,497.5
2005-12-30,495.65,497.71
2005-12-31,495.65,497.71
2006-01-01,495.65,497.71
2006-01-02,495.65,497.71
2006-01-03,495.8,498.12
2006-01-04,495.49,498.17
2006-01-05,496.18,497.9
2006-01-06,496.38,498.33
2006-01-07,496.49,498.04
2006-01-08,496.49,498.04
2006-01-09,496.49,498.04
2006-01-10,496.52,498.41
2006-01-11,496.57,498.48
2006-01-12,497.01,498.76
2006-01-13,497.33,498.65
2006-01-14,497.26,499.1
2006-01-15,497.26,499.1
2006-01-16,497.26,499.1
2006-01-17,497.34,499.29
2006-01-18,497.42,499.38
2006-01-19,497.52,499.52
2006-01-20,497.85,499.62
2006-01-21,498.03,499.67
2006-01-22,498.03,499.67
2006-01-23,498.03,499.67
2006-01-24,498.05,500.02
2006-01-25,498.14,500.27
2006-01-26,498.31,500.23
2006-01-27,498.57,500.47
2006-01-28,498.67,500.46
2006-01-29,498.67,500.46
2006-01-30,498.67,500.46
2006-01-31,498.77,500.65
2006-02-01,498.81,500.71
2006-02-02,499.1,501.02
2006-02-03,499.15,501.23
2006-02-04,499.44,501.01
2006-02-05,499.44,501.01
2006-02-06,499.44,501.01
2006-02-07,499.4,501.38
2006-02-08,499.37,501.49
2006-02-09,499.57,501.69
2006-02-10,500.15,501.73
2006-02-11,500.13,501.84
2006-02-12,500.13,501.84
2006-02-13,500.13,501.84
2006-02-14,500.08,502.0
2006-02-15,500.02,502.2
2006-02-16,500.34,502.32
2006-02-17,500.61,502.26
2006-02-18,500.72,502.51
2006-02-19,500.72,502.51
2006-02-20,500.72,502.51
2006-02-21,500.7,502.61
2006-02-22,500.78,502.93
2006-02-23,500.87,502.87
2006-02-24,501.49,502.95
2006-02-25,501.27,503.0
2006-02-26,501.27,503.0
2006-02-27,501.27,503.0
2006-02-28,501.38,503.17
2006-03-01,501.37,503.48
2006-03-02,501.63,503.58
2006-03-03,501.73,503.78
2006-03-04,501.98,503.74
2006-03-05,501.98,503.74
2006-03-06,501.98,503.74
2006-03-07,502.04,503.97
2006-03-08,501.95,504.14
2006-03-09,502.28,504.08
2006-03-10,502.85,504.25
2006-03-11,502.84,504.31
2006-03-12,502.84,504.31
2006-03-13,502.84,504.31
2006-03-14,502.66,504.54
2006-03-15,502.78,504.9
2006-03-16,502.9,504.81
2006-03-17,503.42,504.76
2006-03-18,503.27,504.96
2006-03-19,503.27,504.96
2006-03-20,503.27,504.96
2006-03-21,503.33,505.18
2006-03-22,503.29,505.39
2006-03-23,503.58,505.65
2006-03-24,503.77,505.48
2006-03-25,503.77,505.8
2006-03-26,503.77,505.8
2006-03-27,503.77,505.8
2006-03-28,504.12,505.69
2006-03-29,504.05,505.96
2006-03-30,504.43,506.05
2006-03-31,504.84,506.03
2006-04-01,504.74,506.33
2006-04-02,504.74,506.33
2006-04-03,504.74,506.33
2006-04-04,504.66,506.47
2006-04-05,504.69,506.67
2006-04-06,504.87,506.73
2006-04-07,505.11,507.01
2006-04-08,505.25,506.95
2006-04-09,505.25,506.95
2006-04-10,505.25,506.95
2006-04-11,505.33,507.21
2006-04-12,505.17,507.46
2006-04-13,505.61,507.41
2006-04-14,505.61,507.41
2006-04-15,505.61,507.41
2006-04-16,505.61,507.41
2006-04-17,505.61,507.41
2006-04-18,505.61,507.41
2006-04-19,505.64,507.5
2006-04-20,505.82,507.99
2006-04-21,505.8,507.66
2006-04-22,506.08,507.68
2006-04-23,506.08,507.68
2006-04-24,506.08,507.68
2006-04-25,506.01,508.09
2006-04-26,506.11,508.06
2006-04-27,506.26,508.31
2006-04-28,506.33,508.58
2006-04-29,506.59,508.66
2006-04-30,506.59,508.66
2006-05-01,506.59,508.66
2006-05-02,506.59,508.66
2006-05-03,506.45,508.54
2006-05-04,506.51,508.65
2006-05-05,506.77,508.77
2006-05-06,506.86,509.03
2006-05-07,506.86,509.03
2006-05-08,506.86,509.03
2006-05-09,506.86,509.03
2006-05-10,506.97,509.07
2006-05-11,507.09,509.32
2006-05-12,507.33,509.42
2006-05-13,507.59,509.49
2006-05-14,507.59,509.49
2006-05-15,507.59,509.49
2006-05-16,507.44,509.58
2006-05-17,507.48,509.51
2006-05-18,507.74,509.88
2006-05-19,507.87,510.25
2006-05-20,508.16,510.14
2006-05-21,508.16,510.14
2006-05-22,508.16,510.14
2006-05-23,508.0,510.32
2006-05-24,507.98,510.56
2006-05-25,508.37,510.65
2006-05-26,508.83,510.76
2006-05-27,508.74,510.81
2006-05-28,508.74,510.81
2006-05-29,508.74,510.81
2006-05-30,508.82,511.01
2006-05-31,508.8,511.3
2006-06-01,509.14,511.31
2006-06-02,509.35,511.41
2006-06-03,509.45,511.59
2006-06-04,509.45,511.59
2006-06-05,509.45,511.59
2006-06-06,509.45,511.71
2006-06-07,509.47,512.13
2006-06-08,509.72,512.0
2006-06-09,510.01,512.07
2006-06-10,509.88,512.24
2006-06-11,509.88,512.24
2006-06-12,509.88,512.24
2006-06-13,510.09,512.43
2006-06-14,510.06,512.53
2006-06-15,510.31,512.57
2006-06-16,510.5,512.72
2006-06-17,510.71,512.93
2006-06-18,510.71,512.93
2006-06-19,510.71,512.93
2006-06-20,510.69,513.03
2006-06-21,510.72,512.95
2006-06-22,510.92,513.33
2006-06-23,511.19,513.45
2006-06-24,511.3,513.6
2006-06-25,511.3,513.6
2006-06-26,511.3,513.6
2006-06-27,511.29,513.63
2006-06-28,511.34,513.83
2006-06-29,511.63,513.98
2006-06-30,511.93,514.06
2006-07-01,512.08,514.01
2006-07-02,512.08,514.01
2006-07-03,512.08,514.01
2006-07-04,511.87,514.24
2006-07-05,511.92,514.62
2006-07-06,512.27,514.62
2006-07-07,512.54,514.55
2006-07-08,512.55,514.88
2006-07-09,512.55,514.88
2006-07-10,512.55,514.88
2006-07-11,512.57,514.91
2006-07-12,512.52,515.33
2006-07-13,512.53,514.69
2006-07-14,513.25,514.96
2006-07-15,513.32,515.31
2006-07-16,513.32,515.31
2006-07-17,513.32,515.31
2006-07-18,513.14,515.69
2006-07-19,513.56,515.67
2006-07-20,513.57,515.76
2006-07-21,513.8,515.95
2006-07-22,514.31,516.04
2006-07-23,514.31,516.04
2006-07-24,514.31,516.04
2006-07-25,513.79,516.38
2006-07-26,513.82,516.46
2006-07-27,514.17,516.39
2006-07-28,514.37,516.62
2006-07-29,514.96,516.7
2006-07-30,514.96,516.7
2006-07-31,514.96,516.7
2006-08-01,514.96,516.7
2006-08-02,514.94,516.81
2006-08-03,514.94,516.81
2006-08-04,514.78,517.2
2006-08-05,515.0,517.12
2006-08-06,515.0,517.12
2006-08-07,515.0,517.12
2006-08-08,515.12,517.27
2006-08-09,514.99,517.57
2006-08-10,515.37,517.54
2006-08-11,515.47,517.83
2006-08-12,515.8,517.86
2006-08-13,515.8,517.86
2006-08-14,515.8,517.86
2006-08-15,515.78,517.9
2006-08-16,515.77,518.19
2006-08-17,516.05,518.08
2006-08-18,516.13,518.23
2006-08-19,516.25,518.54
2006-08-20,516.25,518.54
2006-08-21,516.25,518.54
2006-08-22,516.25,518.54
2006-08-23,516.29,518.48
2006-08-24,516.66,518.89
2006-08-25,516.87,518.92
2006-08-26,516.68,518.92
2006-08-27,516.68,518.92
2006-08-28,516.68,518.92
2006-08-29,516.71,519.0
2006-08-30,516.87,519.14
2006-08-31,517.21,519.34
2006-09-01,517.66,519.29
2006-09-02,517.51,519.57
2006-09-03,517.51,519.57
2006-09-04,517.51,519.57
2006-09-05,517.31,519.69
2006-09-06,517.33,520.03
2006-09-07,517.71,520.06
2006-09-08,517.91,520.11
2006-09-09,518.03,520.21
2006-09-10,518.03,520.21
2006-09-11,518.03,520.21
2006-09-12,518.12,520.19
2006-09-13,518.13,520.75
2006-09-14,518.28,520.79
2006-09-15,518.84,520.76
2006-09-16,518.84,520.76
2006-09-17,518.84,520.76
2006-09-18,518.84,520.76
2006-09-19,518.66,520.97
2006-09-20,518.88,521.23
2006-09-21,518.81,521.11
2006-09-22,519.06,521.25
2006-09-23,519.18,521.41
2006-09-24,519.18,521.41
2006-09-25,519.18,521.41
2006-09-26,519.33,521.27
2006-09-27,519.26,521.83
2006-09-28,519.59,521.65
2006-09-29,519.67,521.68
2006-09-30,519.73,522.06
2006-10-01,519.73,522.06
2006-10-02,519.73,522.06
2006-10-03,520.03,522.26
2006-10-04,519.78,522.31
2006-10-05,520.05,522.53
2006-10-06,520.14,522.64
2006-10-07,520.04,522.68
2006-10-08,520.04,522.68
2006-10-09,520.04,522.68
2006-10-10,520.51,522.64
2006-10-11,520.29,523.04
2006-10-12,520.7,523.22
2006-10-13,521.22,522.91
2006-10-14,521.12,523.39
2006-10-15,521.12,523.39
2006-10-16,521.12,523.39
