,reservas_internacionales
2015-01-30,7323.6687877
2015-01-31,7323.6687877
2015-02-01,7323.6687877
2015-02-02,7304.92141577
2015-02-03,7247.9404642
2015-02-04,7244.28523043
2015-02-05,7223.2310092
2015-02-06,7213.1770643
2015-02-07,7213.1770643
2015-02-08,7213.1770643
2015-02-09,7192.14177331
2015-02-10,7187.44796462
2015-02-11,7171.10401106
2015-02-12,7189.15803271
2015-02-13,7212.59368766
2015-02-14,7212.59368766
2015-02-15,7212.59368766
2015-02-16,7212.63725704
2015-02-17,7142.91846053
2015-02-18,7188.57595497
2015-02-19,7197.91437835
2015-02-20,7191.22863033
2015-02-21,7191.22863033
2015-02-22,7191.22863033
2015-02-23,7184.99952339
2015-02-24,7208.95562136
2015-02-25,7255.87245129
2015-02-26,7299.66201988
2015-02-27,7255.12856165
2015-02-28,7255.12856165
2015-03-01,7255.12856165
2015-03-02,7240.92104306
2015-03-03,7219.72111
2015-03-04,7245.19460904
2015-03-05,7208.9472615
2015-03-06,7222.44074907
2015-03-07,7222.44074907
2015-03-08,7222.44074907
2015-03-09,7212.59088557
2015-03-10,7257.16703806
2015-03-11,7227.04321506
2015-03-12,8218.3534955
2015-03-13,8276.19525498
2015-03-14,8276.19525498
2015-03-15,8276.19525498
2015-03-16,8313.95762923
2015-03-17,8318.15296547
2015-03-18,8313.80154782
2015-03-19,8327.64419226
2015-03-20,8344.54571708
2015-03-21,8344.54571708
2015-03-22,8344.54571708
2015-03-23,8332.019558
2015-03-24,8342.60243757
2015-03-25,8360.33254441
2015-03-26,8366.89025281
2015-03-27,8355.63231286
2015-03-28,8355.63231286
2015-03-29,8355.63231286
2015-03-30,8348.67747879
2015-03-31,8341.92024381
2015-04-01,8352.75784237
2015-04-02,8353.65463328
2015-04-03,8355.04865067
2015-04-04,8355.04865067
2015-04-05,8355.04865067
2015-04-06,8329.94100158
2015-04-07,8343.44002436
2015-04-08,8320.69430274
2015-04-09,8347.51379902
2015-04-10,8346.20651125
2015-04-11,8346.20651125
2015-04-12,8346.20651125
2015-04-13,8346.33723785
2015-04-14,8353.45660651
2015-04-15,8388.19981473
2015-04-16,8396.12809047
2015-04-17,8416.8449658
2015-04-18,8416.8449658
2015-04-19,8416.8449658
2015-04-20,8398.46027882
2015-04-21,8411.59985509
2015-04-22,8414.03549663
2015-04-23,8405.16839215
2015-04-24,8435.16059873
2015-04-25,8435.16059873
2015-04-26,8435.16059873
2015-04-27,8401.94132606
2015-04-28,8397.05940747
2015-04-29,8438.50984161
2015-04-30,8444.17245831
2015-05-01,8443.65164806
2015-05-02,8443.65164806
2015-05-03,8443.65164806
2015-05-04,8431.49146428
2015-05-05,8437.97193362
2015-05-06,8447.91592484
2015-05-07,8441.55790403
2015-05-08,8448.03153766
2015-05-09,8448.03153766
2015-05-10,8448.03153766
2015-05-11,8432.37634268
2015-05-12,8444.58046077
2015-05-13,8456.77566134
2015-05-14,8461.87488059
2015-05-15,8465.97801985
2015-05-16,8465.97801985
2015-05-17,8465.97801985
2015-05-18,8462.23059294
2015-05-19,8474.99634469
2015-05-20,8423.94936199
2015-05-21,8430.84521158
2015-05-22,8462.23333234
2015-05-23,8462.23333234
2015-05-24,8462.23333234
2015-05-25,8462.40059319
2015-05-26,8387.17792961
2015-05-27,8359.00811507
2015-05-28,8331.74377772
2015-05-29,8309.76278484
2015-05-30,8309.76278484
2015-05-31,8309.76278484
2015-06-01,8307.21947074
2015-06-02,8270.17848061
2015-06-03,8250.0297651
2015-06-04,8241.96008491
2015-06-05,8258.89721847
2015-06-06,8258.89721847
2015-06-07,8258.89721847
2015-06-08,8242.33501427
2015-06-09,8219.65379991
2015-06-10,8227.27195922
2015-06-11,8236.57469164
2015-06-12,8228.77048488
2015-06-13,8228.77048488
2015-06-14,8228.77048488
2015-06-15,8233.45293184
2015-06-16,8264.32412146
2015-06-17,8270.68716562
2015-06-18,8289.55727374
2015-06-19,8286.29980715
2015-06-20,8286.29980715
2015-06-21,8286.29980715
2015-06-22,8264.00590767
2015-06-23,8264.70776666
2015-06-24,8274.5168295
2015-06-25,8276.50884408
2015-06-26,8272.55204434
2015-06-27,8272.55204434
2015-06-28,8272.55204434
2015-06-29,8267.39365779
2015-06-30,8270.95549068
2015-07-01,8307.87236614
2015-07-02,8333.31238888
2015-07-03,8302.69177931
2015-07-04,8302.69177931
2015-07-05,8302.69177931
2015-07-06,8247.8596282
2015-07-07,8247.78511702
2015-07-08,8303.1746283
2015-07-09,8324.04699943
2015-07-10,8301.24314172
2015-07-11,8301.24314172
2015-07-12,8301.24314172
2015-07-13,8304.72723281
2015-07-14,8314.15872622
2015-07-15,8331.50379351
2015-07-16,8336.88732829
2015-07-17,8368.3208616
2015-07-18,8368.3208616
2015-07-19,8368.3208616
2015-07-20,8346.00175155
2015-07-21,8317.47790995
2015-07-22,8331.73573045
2015-07-23,8311.21624175
2015-07-24,8326.78820301
2015-07-25,8326.78820301
2015-07-26,8326.78820301
2015-07-27,8318.19824472
2015-07-28,8297.50414538
2015-07-29,8340.94539591
2015-07-30,8334.22786803
2015-07-31,8349.29518666
2015-08-01,8349.29518666
2015-08-02,8349.29518666
2015-08-03,8406.46195432
2015-08-04,8314.3948153
2015-08-05,8311.99868606
2015-08-06,8274.4352852
2015-08-07,8274.92169795
2015-08-08,8274.92169795
2015-08-09,8274.92169795
2015-08-10,8270.93860189
2015-08-11,8286.26416566
2015-08-12,8271.7275442
2015-08-13,8272.50953426
2015-08-14,8306.25150367
2015-08-15,8306.25150367
2015-08-16,8306.25150367
2015-08-17,8277.74487231
2015-08-18,8265.11223105
2015-08-19,8259.22345717
2015-08-20,8256.73883532
2015-08-21,8229.38148395
2015-08-22,8229.38148395
2015-08-23,8229.38148395
2015-08-24,8248.77053662
2015-08-25,8235.3448601
2015-08-26,8201.89201489
2015-08-27,8171.16684692
2015-08-28,8189.16286
2015-08-29,8189.16286
2015-08-30,8189.16286
2015-08-31,8190.30242255
2015-09-01,8199.15342352
2015-09-02,8158.7000855
2015-09-03,8150.72868434
2015-09-04,8192.32606944
2015-09-05,8192.32606944
2015-09-06,8192.32606944
2015-09-07,8192.75673443
2015-09-08,8151.9314635
2015-09-09,8145.91288255
2015-09-10,8149.44576205
2015-09-11,8147.58465251
2015-09-12,8147.58465251
2015-09-13,8147.58465251
2015-09-14,8151.69743707
2015-09-15,8149.61599751
2015-09-16,8116.95261167
2015-09-17,8076.46838112
2015-09-18,8085.88067622
2015-09-19,8085.88067622
2015-09-20,8085.88067622
2015-09-21,8063.08341634
2015-09-22,8057.46528497
2015-09-23,8050.10656685
2015-09-24,8049.96595912
2015-09-25,8080.43048405
2015-09-26,8080.43048405
2015-09-27,8080.43048405
2015-09-28,8092.01212741
2015-09-29,8034.27728631
2015-09-30,8051.99718987
2015-10-01,8052.3328786
2015-10-02,8028.74948036
2015-10-03,8028.74948036
2015-10-04,8028.74948036
2015-10-05,7988.99070764
2015-10-06,8002.10324827
2015-10-07,7966.8131359
2015-10-08,7985.25407566
2015-10-09,7991.62211805
2015-10-10,7991.62211805
2015-10-11,7991.62211805
2015-10-12,7991.99339915
2015-10-13,7986.89925179
2015-10-14,7982.10280955
2015-10-15,8000.81050545
2015-10-16,7899.18408422
2015-10-17,7899.18408422
2015-10-18,7899.18408422
2015-10-19,7870.91937444
2015-10-20,7887.26884533
2015-10-21,7876.11309502
2015-10-22,7899.88571825
2015-10-23,7901.37247997
2015-10-24,7901.37247997
2015-10-25,7901.37247997
2015-10-26,7857.6266519
2015-10-27,7871.18088578
2015-10-28,7897.11001597
2015-10-29,7909.94118307
2015-10-30,7909.98395061
2015-10-31,7909.98395061
2015-11-01,7909.98395061
2015-11-02,7968.89945038
2015-11-03,7967.34718229
2015-11-04,7935.03813398
2015-11-05,7911.81278635
2015-11-06,7898.2698716
2015-11-07,7898.2698716
2015-11-08,7898.2698716
2015-11-09,7927.68857653
2015-11-10,7927.63110917
2015-11-11,7927.24515701
2015-11-12,7906.9868489
2015-11-13,7922.19125464
2015-11-14,7922.19125464
2015-11-15,7922.19125464
2015-11-16,7923.45206401
2015-11-17,7904.33589605
2015-11-18,7912.07479165
2015-11-19,7898.30496
2015-11-20,7865.55978842
2015-11-21,7865.55978842
2015-11-22,7865.55978842
2015-11-23,7877.708156
2015-11-24,7866.21142026
2015-11-25,7897.0561575
2015-11-26,7896.93187961
2015-11-27,7875.40752482
2015-11-28,7875.40752482
2015-11-29,7875.40752482
2015-11-30,7895.12799432
2015-12-01,7912.17932161
2015-12-02,7924.42999541
2015-12-03,7944.44545101
2015-12-04,7909.84955024
2015-12-05,7909.84955024
2015-12-06,7909.84955024
2015-12-07,7874.8755293
2015-12-08,7867.51333077
2015-12-09,7935.58872578
2015-12-10,7928.08079052
2015-12-11,7940.58883894
2015-12-12,7940.58883894
2015-12-13,7940.58883894
2015-12-14,7923.95456531
2015-12-15,7938.56359639
2015-12-16,7963.56827489
2015-12-17,7975.10846908
2015-12-18,8014.87004279
2015-12-19,8014.87004279
2015-12-20,8014.87004279
2015-12-21,7968.23524019
2015-12-22,7964.71239991
2015-12-23,7908.77645045
2015-12-24,7850.38317247
2015-12-25,7850.38317247
2015-12-26,7850.38317247
2015-12-27,7850.38317247
2015-12-28,7847.09249259
2015-12-29,7836.45358031
2015-12-30,7833.39965781
2015-12-31,7834.08813264
2016-01-01,7833.91
2016-01-02,7833.91
2016-01-03,7833.91
2016-01-04,7830.15
2016-01-05,7832.73
2016-01-06,7829.03
2016-01-07,7829.32
2016-01-08,7847.5471
2016-01-09,7847.5471
2016-01-10,7847.5471
2016-01-11,7825.08
2016-01-12,7820.71
2016-01-13,7885.813
2016-01-14,7891.389
2016-01-15,7916.01
2016-01-16,7916.01
2016-01-17,7916.01
2016-01-18,7916.267
2016-01-19,7803.525
2016-01-20,7800.93
2016-01-21,7783.272
2016-01-22,7806.936
2016-01-23,7806.936
2016-01-24,7806.936
2016-01-25,7794.684
2016-01-26,7779.363
2016-01-27,7773.524
2016-01-28,7791.02268
2016-01-29,7786.833458
2016-01-30,7786.833458
2016-01-31,7786.833458
2016-02-01,7793.86495
2016-02-02,7787.210315
2016-02-03,7778.588823
2016-02-04,7776.09569
2016-02-05,7778.89
2016-02-06,7778.89
2016-02-07,7778.89
2016-02-08,7774.91
2016-02-09,7789.226332
2016-02-10,7780.88663
2016-02-11,7779.663273
2016-02-12,7812.246107
2016-02-13,7812.246107
2016-02-14,7812.246107
2016-02-15,7812.27
2016-02-16,7787.437855
2016-02-17,7795.193976
2016-02-18,7822.492759
2016-02-19,7827.86
2016-02-20,7827.86
2016-02-21,7827.86
2016-02-22,7802.97
2016-02-23,7785.33399
2016-02-24,7772.111642
2016-02-25,7771.702669
2016-02-26,7775.597143
2016-02-27,7775.597143
2016-02-28,7775.597143
2016-02-29,7784.107355
2016-03-01,7807.755562
2016-03-02,7814.897119
2016-03-03,7799.081534
2016-03-04,7818.074401
2016-03-05,7818.074401
2016-03-06,7818.074401
2016-03-07,7863.637665
2016-03-08,7793.435605
2016-03-09,7778.071629
2016-03-10,7734.440986
2016-03-11,7794.539444
2016-03-12,7794.539444
2016-03-13,7794.539444
2016-03-14,7742.461722
2016-03-15,7768.509295
2016-03-16,7785.89
2016-03-17,7779.337517
2016-03-18,7773.35
2016-03-19,7773.35
2016-03-20,7773.35
2016-03-21,7754.11
2016-03-22,7763.87
2016-03-23,7781.331568
2016-03-24,7781.465538
2016-03-25,7780.198353
2016-03-26,7780.198353
2016-03-27,7780.198353
2016-03-28,7780.935968
2016-03-29,7772.511122
2016-03-30,7787.319597
2016-03-31,7811.966176
2016-04-01,7798.318317
2016-04-02,7798.318317
2016-04-03,7798.318317
2016-04-04,7805.366854
2016-04-05,7804.791414
2016-04-06,7826.121889
2016-04-07,7818.656493
2016-04-08,7842.241329
2016-04-09,7842.241329
2016-04-10,7842.241329
2016-04-11,7843.249665
2016-04-12,7802.201511
2016-04-13,7841.926845
2016-04-14,7885.218338
2016-04-15,7890.40183
2016-04-16,7890.40183
2016-04-17,7890.40183
2016-04-18,7883.866133
2016-04-19,7884.383718
2016-04-20,7862.680609
2016-04-21,7926.947098
2016-04-22,7921.206734
2016-04-23,7921.206734
2016-04-24,7921.206734
2016-04-25,7894.303662
2016-04-26,7885.471048
2016-04-27,7871.947754
2016-04-28,7837.24509
2016-04-29,7898.753297
2016-04-30,7898.753297
2016-05-01,7898.753297
2016-05-02,7866.939145
2016-05-03,7891.913165
2016-05-04,7881.328565
2016-05-05,7874.459918
2016-05-06,7898.185297
2016-05-07,7898.185297
2016-05-08,7898.185297
2016-05-09,7881.335855
2016-05-10,7876.344873
2016-05-11,7884.354251
2016-05-12,7861.369541
2016-05-13,7880.851855
2016-05-14,7880.851855
2016-05-15,7880.851855
2016-05-16,7863.37139
2016-05-17,7852.382762
2016-05-18,7868.896174
2016-05-19,7872.04665
2016-05-20,7892.315947
2016-05-21,7892.315947
2016-05-22,7892.315947
2016-05-23,7869.773441
2016-05-24,7843.724099
2016-05-25,7839.155918
2016-05-26,7800.8434
2016-05-27,7856.734513
2016-05-28,7856.734513
2016-05-29,7856.734513
2016-05-30,7856.838843
2016-05-31,7760.447664
2016-06-01,7864.224507
2016-06-02,7822.211257
2016-06-03,7833.949845
2016-06-04,7833.949845
2016-06-05,7833.949845
2016-06-06,7823.180664
2016-06-07,7818.77982
2016-06-08,7812.829044
2016-06-09,7827.714163
2016-06-10,7835.613131
2016-06-11,7835.613131
2016-06-12,7835.613131
2016-06-13,7828.250627
2016-06-14,7809.585056
2016-06-15,7839.911313
2016-06-16,7855.308087
2016-06-17,7840.339762
2016-06-18,7840.339762
2016-06-19,7840.339762
2016-06-20,7791.972372
2016-06-21,7787.313408
2016-06-22,7800.614731
2016-06-23,7799.521763
2016-06-24,7758.064817
2016-06-25,7758.064817
2016-06-26,7758.064817
2016-06-27,7792.286499
2016-06-28,7740.160813
2016-06-29,7768.696442
2016-06-30,7787.425948
2016-07-01,7844.742667
2016-07-02,7844.742667
2016-07-03,7844.742667
2016-07-04,7845.288713
2016-07-05,7741.993064
2016-07-06,7808.173166
2016-07-07,7826.897445
2016-07-08,7842.366607
2016-07-09,7842.366607
2016-07-10,7842.366607
2016-07-11,7806.072315
2016-07-12,7792.14258
2016-07-13,7904.856723
2016-07-14,7907.204714
2016-07-15,7948.422036
2016-07-16,7948.422036
2016-07-17,7948.422036
2016-07-18,7970.109235
2016-07-19,7929.825165
2016-07-20,7986.534778
2016-07-21,8012.655843
2016-07-22,7997.215511
2016-07-23,7997.215511
2016-07-24,7997.215511
2016-07-25,7996.083978
2016-07-26,7995.104912
2016-07-27,7988.098563
2016-07-28,7974.457147
2016-07-29,7960.516457
2016-07-30,7960.516457
2016-07-31,7960.516457
2016-08-01,7954.634339
2016-08-02,7954.986171
2016-08-03,7953.53142
2016-08-04,7945.776102
2016-08-05,7950.98822
2016-08-06,7950.98822
2016-08-07,7950.98822
2016-08-08,7936.607057
2016-08-09,7927.195927
2016-08-10,7988.953299
2016-08-11,7973.783172
2016-08-12,7972.919195
2016-08-13,7972.919195
2016-08-14,7972.919195
2016-08-15,7972.341475
2016-08-16,7986.578211
2016-08-17,7983.066572
2016-08-18,8001.109095
2016-08-19,8033.968377
2016-08-20,8033.968377
2016-08-21,8033.968377
2016-08-22,8027.43655
2016-08-23,8019.465644
2016-08-24,8067.237906
2016-08-25,8055.255375
2016-08-26,8008.949891
2016-08-27,8008.949891
2016-08-28,8008.949891
2016-08-29,7985.031539
2016-08-30,7990.201011
2016-08-31,8007.625907
2016-09-01,8025.541978
2016-09-02,8044.480505
2016-09-03,8044.480505
2016-09-04,8044.480505
2016-09-05,8045.151545
2016-09-06,7930.855732
2016-09-07,7949.881862
2016-09-08,7947.911821
2016-09-09,7923.71577
2016-09-10,7923.71577
2016-09-11,7923.71577
2016-09-12,7890.87704
2016-09-13,7886.07398
2016-09-14,7856.924344
2016-09-15,7858.449638
2016-09-16,7839.453915
2016-09-17,7839.453915
2016-09-18,7839.453915
2016-09-19,7852.351887
2016-09-20,7801.813523
2016-09-21,7815.844548
2016-09-22,7746.372826
2016-09-23,7715.193252
2016-09-24,7715.193252
2016-09-25,7715.193252
2016-09-26,7759.260453
2016-09-27,7756.66668
2016-09-28,7772.77994
2016-09-29,7693.574244
2016-09-30,7699.162367
2016-10-01,7699.162367
2016-10-02,7699.162367
2016-10-03,7698.915181
2016-10-04,7670.909564
2016-10-05,7688.105203
2016-10-06,7637.264918
2016-10-07,7670.52057
2016-10-08,7670.52057
2016-10-09,7670.52057
2016-10-10,7672.025989
2016-10-11,7625.00907
2016-10-12,7630.016359
2016-10-13,7627.650524
2016-10-14,7657.4811
2016-10-15,7657.4811
2016-10-16,7657.4811
2016-10-17,7658.888078
2016-10-18,7644.464708
2016-10-19,7694.464167
2016-10-20,7709.74019
2016-10-21,7689.408724
2016-10-22,7689.408724
2016-10-23,7689.408724
2016-10-24,7730.127872
2016-10-25,7669.283037
2016-10-26,7686.989431
2016-10-27,7657.973359
2016-10-28,7680.883302
2016-10-29,7680.883302
2016-10-30,7680.883302
2016-10-31,7715.316143
2016-11-01,7675.433577
2016-11-02,7661.351922
2016-11-03,7667.647027
2016-11-04,7651.834635
2016-11-05,7651.834635
2016-11-06,7651.834635
2016-11-07,7637.765763
2016-11-08,7621.760499
2016-11-09,7629.955163
2016-11-10,7602.585186
2016-11-11,7601.873066
2016-11-12,7601.873066
2016-11-13,7601.873066
2016-11-14,7519.429922
2016-11-15,7576.510457
2016-11-16,7584.726506
2016-11-17,7569.838339
2016-11-18,7578.900063
2016-11-19,7578.900063
2016-11-20,7578.900063
2016-11-21,7601.43603
2016-11-22,7581.837652
2016-11-23,7634.4502
2016-11-24,7634.846384
2016-11-25,7556.380896
2016-11-26,7556.380896
2016-11-27,7556.380896
2016-11-28,7539.374245
2016-11-29,7548.71437
2016-11-30,7583.00487
2016-12-01,7582.123013
2016-12-02,7524.233053
2016-12-03,7524.233053
2016-12-04,7524.233053
2016-12-05,7507.353114
2016-12-06,7527.181131
2016-12-07,7534.272883
2016-12-08,7515.689842
2016-12-09,7575.778871
2016-12-10,7575.778871
2016-12-11,7575.778871
2016-12-12,7549.580527
2016-12-13,7562.964795
2016-12-14,7560.396371
2016-12-15,7566.426186
2016-12-16,7588.649454
2016-12-17,7588.649454
2016-12-18,7588.649454
2016-12-19,7537.250307
2016-12-20,7493.753586
2016-12-21,7458.147581
2016-12-22,7574.673216
2016-12-23,7665.597216
2016-12-24,7665.597216
2016-12-25,7665.597216
2016-12-26,7666.214102
2016-12-27,7513.493815
2016-12-28,7486.958032
2016-12-29,7571.190335
2016-12-30,7573.793684
2016-12-31,7573.793684
2017-01-01,7573.793684
2017-01-02,7574.092653
2017-01-03,7497.227231
2017-01-04,7501.563413
2017-01-05,7471.071281
2017-01-06,7485.968489
2017-01-07,7485.968489
2017-01-08,7485.968489
2017-01-09,7500.615175
2017-01-10,7458.016758
2017-01-11,7470.131288
2017-01-12,7471.186178
2017-01-13,7512.68274
2017-01-14,7512.68274
2017-01-15,7512.68274
2017-01-16,7512.854881
2017-01-17,7494.274978
2017-01-18,7522.039808
2017-01-19,7537.811051
2017-01-20,7526.927318
2017-01-21,7526.927318
2017-01-22,7526.927318
2017-01-23,7514.082401
2017-01-24,7512.194049
2017-01-25,7496.734999
2017-01-26,7501.386297
2017-01-27,7507.719244
2017-01-28,7507.719244
2017-01-29,7507.719244
2017-01-30,7496.294799
2017-01-31,7523.766708
2017-02-01,7497.920157
2017-02-02,7501.309292
2017-02-03,7519.860377
2017-02-04,7519.860377
2017-02-05,7519.860377
2017-02-06,7512.840016
2017-02-07,7507.677909
2017-02-08,7473.920901
2017-02-09,7453.960424
2017-02-10,7464.297493
2017-02-11,7464.297493
2017-02-12,7464.297493
2017-02-13,7403.030981
2017-02-14,7339.140651
2017-02-15,7353.591752
2017-02-16,7388.443342
2017-02-17,7467.354031
2017-02-18,7467.354031
2017-02-19,7467.354031
2017-02-20,7468.511018
2017-02-21,7420.594442
2017-02-22,7401.858924
2017-02-23,7388.040433
2017-02-24,7407.791497
2017-02-25,7407.791497
2017-02-26,7407.791497
2017-02-27,7412.016582
2017-02-28,7454.149166
2017-03-01,7465.367374
2017-03-02,7449.258782
2017-03-03,7452.080617
2017-03-04,7452.080617
2017-03-05,7452.080617
2017-03-06,7429.740067
2017-03-07,7430.922661
2017-03-08,7385.105837
2017-03-09,7366.807416
2017-03-10,7349.976045
2017-03-11,7349.976045
2017-03-12,7349.976045
2017-03-13,7390.518521
2017-03-14,7378.653708
2017-03-15,7412.197897
2017-03-16,7429.340889
2017-03-17,7382.338732
2017-03-18,7382.338732
2017-03-19,7382.338732
2017-03-20,7380.00313
2017-03-21,7325.965875
2017-03-22,7397.14208
2017-03-23,7334.29769
2017-03-24,7293.992818
2017-03-25,7293.992818
2017-03-26,7293.992818
2017-03-27,7271.993463
2017-03-28,7284.167059
2017-03-29,7260.157374
2017-03-30,7298.188816
2017-03-31,7273.832417
2017-04-01,7273.832417
2017-04-02,7273.832417
2017-04-03,7223.066286
2017-04-04,7188.056957
2017-04-05,7158.816313
2017-04-06,7183.472467
2017-04-07,7184.618373
2017-04-08,7184.618373
2017-04-09,7184.618373
2017-04-10,7199.38945
2017-04-11,7201.89479
2017-04-12,7206.867564
2017-04-13,7208.797054
2017-04-14,7208.797054
2017-04-15,7208.797054
2017-04-16,7208.797054
2017-04-17,7241.548549
2017-04-18,7263.470489
2017-04-19,7270.719566
2017-04-20,7281.76378
2017-04-21,7269.321722
2017-04-22,7269.321722
2017-04-23,7269.321722
2017-04-24,7249.940842
2017-04-25,7236.100705
2017-04-26,7266.585548
2017-04-27,7249.673218
2017-04-28,7300.620892
2017-04-29,7300.620892
2017-04-30,7300.620892
2017-05-01,7300.038555
2017-05-02,7302.954104
2017-05-03,7258.788501
2017-05-04,7224.489176
2017-05-05,7222.151978
2017-05-06,7222.151978
2017-05-07,7222.151978
2017-05-08,7209.122829
2017-05-09,7220.039759
2017-05-10,7299.505247
2017-05-11,7280.217003
2017-05-12,7247.599254
2017-05-13,7247.599254
2017-05-14,7247.599254
2017-05-15,7251.119908
2017-05-16,7273.662841
2017-05-17,7293.766523
2017-05-18,7292.767998
2017-05-19,7261.190648
2017-05-20,7261.190648
2017-05-21,7261.190648
2017-05-22,7178.396015
2017-05-23,7141.693939
2017-05-24,6978.434463
2017-05-25,6957.734626
2017-05-26,7025.227026
2017-05-27,7025.227026
2017-05-28,7025.227026
2017-05-29,7023.571018
2017-05-30,6852.274189
2017-05-31,6832.917254
2017-06-01,6866.004285
2017-06-02,6762.272015
2017-06-03,6762.272015
2017-06-04,6762.272015
2017-06-05,6673.578776
2017-06-06,6650.439309
2017-06-07,6655.555852
2017-06-08,6626.399302
2017-06-09,6610.808449
2017-06-10,6610.808449
2017-06-11,6610.808449
2017-06-12,6585.690327
2017-06-13,6596.247044
2017-06-14,6698.199341
2017-06-15,6718.580772
2017-06-16,6728.369778
2017-06-17,6728.369778
2017-06-18,6728.369778
2017-06-19,6688.077213
2017-06-20,6680.669109
2017-06-21,6693.648343
2017-06-22,6712.176844
2017-06-23,6704.466352
2017-06-24,6704.466352
2017-06-25,6704.466352
2017-06-26,6706.439495
2017-06-27,6782.86884
2017-06-28,6767.005685
2017-06-29,6735.317417
2017-06-30,6812.550053
2017-07-01,6812.550053
2017-07-02,6812.550053
2017-07-03,6850.737757
2017-07-04,6851.075872
2017-07-05,6801.683525
2017-07-06,6732.156994
2017-07-07,6715.180384
2017-07-08,6715.180384
2017-07-09,6715.180384
2017-07-10,6762.574289
2017-07-11,6761.667135
2017-07-12,6761.127562
2017-07-13,6800.897108
2017-07-14,6896.57995
2017-07-15,6896.57995
2017-07-16,6896.57995
2017-07-17,6882.782728
2017-07-18,6876.119134
2017-07-19,6911.030005
2017-07-20,6889.49968
2017-07-21,6889.054607
2017-07-22,6889.054607
2017-07-23,6889.054607
2017-07-24,6840.589735
2017-07-25,6837.975987
2017-07-26,6851.285606
2017-07-27,6903.002607
2017-07-28,6855.1293
2017-07-29,6855.1293
2017-07-30,6855.1293
2017-07-31,6865.38371
2017-08-01,6852.627864
2017-08-02,6852.642916
2017-08-03,6814.426164
2017-08-04,6870.724058
2017-08-05,6870.724058
2017-08-06,6870.724058
2017-08-07,6849.24042
2017-08-08,6825.061024
2017-08-09,6824.715942
2017-08-10,6850.126457
2017-08-11,6861.215011
2017-08-12,6861.215011
2017-08-13,6861.215011
2017-08-14,6858.457787
2017-08-15,6856.415253
2017-08-16,6875.515611
2017-08-17,6876.756897
2017-08-18,6848.905493
2017-08-19,6848.905493
2017-08-20,6848.905493
2017-08-21,6851.817345
2017-08-22,6856.075682
2017-08-23,6908.433311
2017-08-24,6849.488843
2017-08-25,6848.603651
2017-08-26,6848.603651
2017-08-27,6848.603651
2017-08-28,6849.755735
2017-08-29,6942.354854
2017-08-30,6861.170669
2017-08-31,6868.461957
2017-09-01,6887.808323
2017-09-02,6887.808323
2017-09-03,6887.808323
2017-09-04,6888.689527
2017-09-05,6787.357549
2017-09-06,6786.448912
2017-09-07,6811.046133
2017-09-08,6789.281472
2017-09-09,6789.281472
2017-09-10,6789.281472
2017-09-11,6763.306892
2017-09-12,6777.016989
2017-09-13,6735.834071
2017-09-14,6761.901447
2017-09-15,6762.016773
2017-09-16,6762.016773
2017-09-17,6762.016773
2017-09-18,6756.770337
2017-09-19,6723.307397
2017-09-20,6845.451091
2017-09-21,6820.704004
2017-09-22,6865.160013
2017-09-23,6865.160013
2017-09-24,6865.160013
2017-09-25,6847.453099
2017-09-26,6835.616025
2017-09-27,6857.716493
2017-09-28,6856.619105
2017-09-29,6898.137154
2017-09-30,6898.137154
2017-10-01,6898.137154
2017-10-02,6837.051794
2017-10-03,6819.467959
2017-10-04,6844.072117
2017-10-05,6832.179746
2017-10-06,6822.169753
2017-10-07,6822.169753
2017-10-08,6822.169753
2017-10-09,6823.115812
2017-10-10,6763.385454
2017-10-11,6772.261678
2017-10-12,6776.55
2017-10-13,6802.19
2017-10-14,6802.19
2017-10-15,6802.19
2017-10-16,6800.61
2017-10-17,6814.21
2017-10-18,6829.87
2017-10-19,6854.02
2017-10-20,6824.05
2017-10-21,6824.05
2017-10-22,6824.05
2017-10-23,6788.18
2017-10-24,6838.11
2017-10-25,6834.32
2017-10-26,6831.11
2017-10-27,6828.76
2017-10-28,6828.76
2017-10-29,6828.76
2017-10-30,6806.2327
2017-10-31,6847.4798
2017-11-01,6760.61
2017-11-02,6805.06
2017-11-03,6799.94
2017-11-04,6799.94
2017-11-05,6799.94
2017-11-06,6778.82
2017-11-07,6756.77
2017-11-08,6757.4
2017-11-09,6780.02
2017-11-10,6804.91
2017-11-11,6804.91
2017-11-12,6804.91
2017-11-13,6754.91
2017-11-14,6759.38
2017-11-15,6807.0939
2017-11-16,6799.4767
2017-11-17,6813.39
2017-11-18,6813.39
2017-11-19,6813.39
2017-11-20,6826.61
2017-11-21,6852.66
2017-11-22,6865.48
2017-11-23,6866.2462
2017-11-24,6813.4171
2017-11-25,6813.4171
2017-11-26,6813.4171
2017-11-27,6838.536
2017-11-28,6817.75
2017-11-29,6767.57
2017-11-30,6837.1
2017-12-01,6872.1573
2017-12-02,6872.1573
2017-12-03,6872.1573
2017-12-04,6908.8728
2017-12-05,6934.144
2017-12-06,6907.9436
2017-12-07,6884.42
2017-12-08,6937.3911
2017-12-09,6937.3911
2017-12-10,6937.3911
2017-12-11,6947.7577
2017-12-12,6890.4721
2017-12-13,6953.5332
2017-12-14,6910.2232
2017-12-15,6937.3107
2017-12-16,6937.3107
2017-12-17,6937.3107
2017-12-18,6984.1467
2017-12-19,6959.5783
2017-12-20,6952.0026
2017-12-21,6984.87
2017-12-22,7318.59
2017-12-23,7318.59
2017-12-24,7318.59
2017-12-25,7318.59
2017-12-26,7199.56
2017-12-27,7198.07
2017-12-28,7147.13
2017-12-29,7149.81
2017-12-30,7149.8176
2017-12-31,7149.8176
2018-01-01,7149.8176
2018-01-02,7115.7966
2018-01-03,7127.3899
2018-01-04,7159.748
2018-01-05,7173.4645
2018-01-06,7173.4645
2018-01-07,7173.4645
2018-01-08,7132.976
2018-01-09,7141.69
2018-01-10,7156.3076
2018-01-11,7119.9224
2018-01-12,7227.9155
2018-01-13,7227.9155
2018-01-14,7227.9155
2018-01-15,7228.543
2018-01-16,7142.2412
2018-01-17,7129.4788
2018-01-18,7146.9609
2018-01-19,7175.3421
2018-01-20,7175.3421
2018-01-21,7175.3421
2018-01-22,7090.7771
2018-01-23,7116.4033
2018-01-24,7118.7529
2018-01-25,7149.3343
2018-01-26,7169.983
2018-01-27,7169.983
2018-01-28,7169.983
2018-01-29,7174.0843
2018-01-30,7161.2349
2018-01-31,7120.0503
2018-02-01,7118.6772
2018-02-02,7092.7638
2018-02-03,7092.7638
2018-02-04,7092.7638
2018-02-05,7076.8427
2018-02-06,7074.8261
2018-02-07,7102.9371
2018-02-08,7104.0993
2018-02-09,7098.3766
2018-02-10,7098.3766
2018-02-11,7098.3766
2018-02-12,7066.3368
2018-02-13,7070.2971
2018-02-14,7060.8397
2018-02-15,7029.7846
2018-02-16,7106.1399
2018-02-17,7106.1399
2018-02-18,7106.1399
2018-02-19,7106.2742
2018-02-20,7002.9481
2018-02-21,7008.3423
2018-02-22,6977.9144
2018-02-23,6944.8848
2018-02-24,6944.8848
2018-02-25,6944.8848
2018-02-26,6930.5309
2018-02-27,6968.2254
2018-02-28,7015.906
2018-03-01,7009.9903
2018-03-02,6960.9985
2018-03-03,6960.9985
2018-03-04,6960.9985
2018-03-05,6970.0592
2018-03-06,6997.8062
2018-03-07,6957.8911
2018-03-08,6973.5352
2018-03-09,8012.6925
2018-03-10,8012.6925
2018-03-11,8012.6925
2018-03-12,8036.174
2018-03-13,8044.011
2018-03-14,8100.6102
2018-03-15,8086.3768
2018-03-16,8109.8485
2018-03-17,8109.8485
2018-03-18,8109.8485
2018-03-19,8140.3963
2018-03-20,8099.0309
2018-03-21,8102.9679
2018-03-22,8093.6612
2018-03-23,8079.4465
2018-03-24,8079.4465
2018-03-25,8079.4465
2018-03-26,8089.5015
2018-03-27,8470.9027
2018-03-28,8473.5333
2018-03-29,8473.939
2018-03-30,8473.939
2018-03-31,8473.939
2018-04-01,8473.939
2018-04-02,8439.2003
2018-04-03,8454.2188
2018-04-04,8426.0033
2018-04-05,8439.5207
2018-04-06,8410.2704
2018-04-07,8410.2704
2018-04-08,8410.2704
2018-04-09,8350.2219
2018-04-10,8398.6411
2018-04-11,8399.4616
2018-04-12,8354.9722
2018-04-13,8337.1267
2018-04-14,8337.1267
2018-04-15,8337.1267
2018-04-16,8352.2149
2018-04-17,8383.9184
2018-04-18,8338.7643
2018-04-19,8336.1951
2018-04-20,8297.6715
2018-04-21,8297.6715
2018-04-22,8297.6715
2018-04-23,8265.0312
2018-04-24,8230.504
2018-04-25,8181.2523
2018-04-26,8135.6537
2018-04-27,8151.7298
2018-04-28,8151.7298
2018-04-29,8151.7298
2018-04-30,8128.2202
2018-05-01,8126.4584
2018-05-02,8311.88
2018-05-03,8291.8941
2018-05-04,8278.5107
2018-05-05,8278.5107
2018-05-06,8278.5107
2018-05-07,8289.8876
2018-05-08,8289.3009
2018-05-09,8328.1558
2018-05-10,8306.2185
2018-05-11,8280.1665
2018-05-12,8280.1665
2018-05-13,8280.1665
2018-05-14,8334.047
2018-05-15,8351.9076
2018-05-16,8322.7963
2018-05-17,8358.7409
2018-05-18,8357.9143
2018-05-19,8357.9143
2018-05-20,8357.9143
2018-05-21,8341.1565
2018-05-22,8330.7379
2018-05-23,8266.0639
2018-05-24,8290.5515
2018-05-25,8330.0594
2018-05-26,8330.0594
2018-05-27,8330.0594
2018-05-28,8330.9892
2018-05-29,8218.4314
2018-05-30,8135.5306
2018-05-31,8010.7202
2018-06-01,8015.6176
2018-06-02,8015.6176
2018-06-03,8015.6176
2018-06-04,7988.0233
2018-06-05,7979.3469
2018-06-06,7942.2473
2018-06-07,7937.9237
2018-06-08,7971.3041
2018-06-09,7971.3041
2018-06-10,7971.3041
2018-06-11,7953.2932
2018-06-12,7973.3072
2018-06-13,7993.8547
2018-06-14,8016.5273
2018-06-15,8045.846
2018-06-16,8045.846
2018-06-17,8045.846
2018-06-18,7987.952
2018-06-19,7978.4909
2018-06-20,7954.3637
2018-06-21,7941.0822
2018-06-22,7963.5227
2018-06-23,7963.5227
2018-06-24,7963.5227
2018-06-25,7980.5346
2018-06-26,7991.7945
2018-06-27,8012.3009
2018-06-28,8035.8123
2018-06-29,8070.8545
2018-06-30,8070.8545
2018-07-01,8070.8545
2018-07-02,8058.2096
2018-07-03,8095.878
2018-07-04,8096.2859
2018-07-05,8044.0138
2018-07-06,8085.4631
2018-07-07,8085.4631
2018-07-08,8085.4631
2018-07-09,8072.8496
2018-07-10,8069.8822
2018-07-11,8065.6236
2018-07-12,8186.4782
2018-07-13,8178.1213
2018-07-14,8178.1213
2018-07-15,8178.1213
2018-07-16,8177.4407
2018-07-17,8151.3236
2018-07-18,8042.2615
2018-07-19,8032.8061
2018-07-20,7970.6025
2018-07-21,7970.6025
2018-07-22,7970.6025
2018-07-23,7922.4186
2018-07-24,7901.8226
2018-07-25,7902.1879
2018-07-26,7917.3398
2018-07-27,7904.4437
2018-07-28,7904.4437
2018-07-29,7904.4437
2018-07-30,7920.6955
2018-07-31,7900.4038
2018-08-01,7886.4279
2018-08-02,7887.3038
2018-08-03,7885.3739
2018-08-04,7885.3739
2018-08-05,7885.3739
2018-08-06,7819.8141
2018-08-07,7864.4149
2018-08-08,7852.0377
2018-08-09,7849.3994
2018-08-10,7866.5658
2018-08-11,7866.5658
2018-08-12,7866.5658
2018-08-13,7844.6232
2018-08-14,7842.4696
2018-08-15,7843.4383
2018-08-16,7856.5676
2018-08-17,7865.756
2018-08-18,7865.756
2018-08-19,7865.756
2018-08-20,7837.7319
2018-08-21,7881.3626
2018-08-22,7882.3715
2018-08-23,7874.3621
2018-08-24,7840.5226
2018-08-25,7840.5226
2018-08-26,7840.5226
2018-08-27,7819.0716
2018-08-28,7829.1294
2018-08-29,7825.2219
2018-08-30,7748.84
2018-08-31,7799.9912
2018-09-01,7799.9912
2018-09-02,7799.9912
2018-09-03,7801.4348
2018-09-04,7760.8776
2018-09-05,7752.4838
2018-09-06,7719.4812
2018-09-07,7687.8186
2018-09-08,7687.8186
2018-09-09,7687.8186
2018-09-10,7657.1217
2018-09-11,7650.942
2018-09-12,7648.7065
2018-09-13,7641.9464
2018-09-14,7643.0654
2018-09-15,7643.0654
2018-09-16,7643.0654
2018-09-17,7643.437
2018-09-18,7639.3629
2018-09-19,7643.6995
2018-09-20,7634.8764
2018-09-21,7581.2577
2018-09-22,7581.2577
2018-09-23,7581.2577
2018-09-24,7600.9824
2018-09-25,7572.361
2018-09-26,7544.3786
2018-09-27,7514.7402
2018-09-28,7468.7727
2018-09-29,7468.7727
2018-09-30,7468.7727
2018-10-01,7422.6092
2018-10-02,7406.4919
2018-10-03,7392.4779
2018-10-04,7229.9887
2018-10-05,7241.8028
2018-10-06,7241.8028
2018-10-07,7241.8028
2018-10-08,7243.1929
2018-10-09,7178.6054
2018-10-10,7178.5874
2018-10-11,7127.49
2018-10-12,7128.4928
2018-10-13,7128.4928
2018-10-14,7128.4928
2018-10-15,7129.4112
2018-10-16,7120.9264
2018-10-17,7099.1082
2018-10-18,7060.1691
2018-10-19,7035.5533
2018-10-20,7035.5533
2018-10-21,7035.5533
2018-10-22,7028.7779
2018-10-23,7032.7995
2018-10-24,6948.0082
2018-10-25,6928.067
2018-10-26,6928.8638
2018-10-27,6928.8638
2018-10-28,6928.8638
2018-10-29,6896.1876
2018-10-30,6881.5266
2018-10-31,6866.1754
2018-11-01,6862.9798
2018-11-02,6824.2113
2018-11-03,6824.2113
2018-11-04,6824.2113
2018-11-05,6778.9071
2018-11-06,6754.3343
2018-11-07,6745.8433
2018-11-08,6740.2712
2018-11-09,6747.4846
2018-11-10,6747.4846
2018-11-11,6747.4846
2018-11-12,6747.6582
2018-11-13,6607.9966
2018-11-14,6595.169
2018-11-15,6646.2314
2018-11-16,6754.0654
2018-11-17,6754.0654
2018-11-18,6754.0654
2018-11-19,6747.662
2018-11-20,6772.0033
2018-11-21,6778.1078
2018-11-22,6778.7009
2018-11-23,6702.196
2018-11-24,6702.196
2018-11-25,6702.196
2018-11-26,6658.8378
2018-11-27,6615.3517
2018-11-28,6641.2787
2018-11-29,6550.9581
2018-11-30,6537.8323
2018-12-01,6537.8323
2018-12-02,6537.8323
2018-12-03,6715.8546
2018-12-04,6707.251
2018-12-05,6648.4312
2018-12-06,6629.2552
2018-12-07,6853.4492
2018-12-08,6853.4492
2018-12-09,6853.4492
2018-12-10,7003.5138
2018-12-11,7071.861
2018-12-12,7073.0917
2018-12-13,7128.29
2018-12-14,7125.6794
2018-12-15,7125.6794
2018-12-16,7125.6794
2018-12-17,7121.9664
2018-12-18,7089.8056
2018-12-19,7426.5096
2018-12-20,7590.7871
2018-12-21,7589.3752
2018-12-22,7589.3752
2018-12-23,7589.3752
2018-12-24,7596.9979
2018-12-25,7596.9979
2018-12-26,7570.4521
2018-12-27,7494.3881
2018-12-28,7492.8215
2018-12-29,7492.8215
2018-12-30,7492.8215
2018-12-31,7494.9984
2019-01-01,7494.9984
2019-01-02,7533.8969
2019-01-03,7501.0516
2019-01-04,7529.583
2019-01-05,7529.583
2019-01-06,7529.583
2019-01-07,7518.6984
2019-01-08,7471.6792
2019-01-09,7503.8196
2019-01-10,7528.6684
2019-01-11,7546.4465
2019-01-12,7546.4465
2019-01-13,7546.4465
2019-01-14,7579.9735
2019-01-15,7579.979
2019-01-16,7588.5472
2019-01-17,7604.8438
2019-01-18,7653.6515
2019-01-19,7653.6515
2019-01-20,7653.6515
2019-01-21,7655.0326
2019-01-22,7622.4789
2019-01-23,7584.1575
2019-01-24,7665.2465
2019-01-25,7670.0983
2019-01-26,7670.0983
2019-01-27,7670.0983
2019-01-28,7630.0141
2019-01-29,7619.9746
2019-01-30,7570.8531
2019-01-31,7571.5875
2019-02-01,7552.3747
2019-02-02,7552.3747
2019-02-03,7552.3747
2019-02-04,7526.3744
2019-02-05,7525.8376
2019-02-06,7483.0928
2019-02-07,7451.3966
2019-02-08,7493.5653
2019-02-09,7493.5653
2019-02-10,7493.5653
2019-02-11,7498.219
2019-02-12,7505.42160625
2019-02-13,7514.0203
2019-02-14,7524.539
2019-02-15,7635.0359
2019-02-16,7635.0359
2019-02-17,7635.0359
2019-02-18,7636.4876
2019-02-19,7579.0975
2019-02-20,7680.6807
2019-02-21,7661.9887
2019-02-22,7666.906
2019-02-23,7666.906
2019-02-24,7666.906
2019-02-25,7575.8552
2019-02-26,7541.582
2019-02-27,7544.5347
2019-02-28,7525.2953
2019-03-01,7593.9537
2019-03-02,7593.9537
2019-03-03,7593.9537
2019-03-04,7594.3717
2019-03-05,7586.7014
2019-03-06,7606.1507
2019-03-07,7660.0917
2019-03-08,7658.9405
2019-03-09,7658.9405
2019-03-10,7658.9405
2019-03-11,7634.8488
2019-03-12,7653.5577
2019-03-13,7658.9066
2019-03-14,7688.55283006
2019-03-15,7701.59395324
2019-03-16,7701.59395324
2019-03-17,7701.59395324
2019-03-18,7694.76
2019-03-19,7722.1539
2019-03-20,7655.8886
2019-03-21,7674.5088
2019-03-22,7620.4418
2019-03-23,7620.4418
2019-03-24,7620.4418
2019-03-25,7653.4577
2019-03-26,7719.1008
2019-03-27,8409.1335
2019-03-28,8379.088
2019-03-29,8336.4212
2019-03-30,8336.4212
2019-03-31,8336.4212
2019-04-01,8330.3462
2019-04-02,8301.8958
2019-04-03,8196.5582
2019-04-04,8220.9649
2019-04-05,8243.6667
2019-04-06,8243.6667
2019-04-07,8243.6667
2019-04-08,8224.0544
2019-04-09,8244.1746
2019-04-10,8199.9097
2019-04-11,8198.7471
2019-04-12,8220.1548
2019-04-13,8220.1548
2019-04-14,8220.1548
2019-04-15,8211.4481
2019-04-16,8187.0635
2019-04-17,8173.1667
2019-04-18,8174.513
2019-04-19,8174.4489
2019-04-20,8174.4489
2019-04-21,8174.4489
2019-04-22,8170.569
2019-04-23,8155.9582
2019-04-24,8182.0013
2019-04-25,8176.0579
2019-04-26,8228.182
2019-04-27,8228.182
2019-04-28,8228.182
2019-04-29,8212.9333
2019-04-30,8138.8919
2019-05-01,8139.1083
2019-05-02,8117.1601
2019-05-03,8116.4127
2019-05-04,8116.4127
2019-05-05,8116.4127
2019-05-06,8092.4517
2019-05-07,8091.5837
2019-05-08,8110.8886
2019-05-09,8075.958
2019-05-10,8079.9348
2019-05-11,8079.9348
2019-05-12,8079.9348
2019-05-13,8100.6163
2019-05-14,8147.4219
2019-05-15,8178.6301
2019-05-16,8174.9615
2019-05-17,8152.2604
2019-05-18,8152.2604
2019-05-19,8152.2604
2019-05-20,8190.5801
2019-05-21,8172.7973
2019-05-22,7960.9654
2019-05-23,7846.7837
2019-05-24,7866.3304
2019-05-25,7866.3304
2019-05-26,7866.3304
2019-05-27,7866.5233
2019-05-28,7742.2464
2019-05-29,7747.149
2019-05-30,7762.4645
2019-05-31,7739.3372
2019-06-01,7739.3372
2019-06-02,7739.3372
2019-06-03,7718.9801
2019-06-04,7702.0585
2019-06-05,7714.2154
2019-06-06,7739.5827
2019-06-07,7773.6826
2019-06-08,7773.6826
2019-06-09,7773.6826
2019-06-10,7604.9326
2019-06-11,7623.6176
2019-06-12,7660.2409
2019-06-13,7676.4347
2019-06-14,7662.7554
2019-06-15,7662.7554
2019-06-16,7662.7554
2019-06-17,7655.8718
2019-06-18,7627.0124
2019-06-19,7659.8613
2019-06-20,7622.6895
2019-06-21,7683.7823
2019-06-22,7683.7823
2019-06-23,7683.7823
2019-06-24,7713.8312
2019-06-25,7771.4568
2019-06-26,7741.1484
2019-06-27,7860.6564
2019-06-28,7793.1675
2019-06-29,7793.1675
2019-06-30,7793.1675
2019-07-01,7789.6156
2019-07-02,7793.2821
2019-07-03,7834.0816
2019-07-04,7834.6198
2019-07-05,7742.0955
2019-07-06,7742.0955
2019-07-07,7742.0955
2019-07-08,7742.0261
2019-07-09,7718.5811
2019-07-10,7743.0963
2019-07-11,7755.8124
2019-07-12,7782.2015
2019-07-13,7782.2015
2019-07-14,7782.2015
2019-07-15,7765.232
2019-07-16,7802.5977
2019-07-17,7818.528
2019-07-18,7817.2927
2019-07-19,7805.3434
2019-07-20,7805.3434
2019-07-21,7805.3434
2019-07-22,7811.897
2019-07-23,7839.5031
2019-07-24,7840.3018
2019-07-25,7839.3277
2019-07-26,7802.5078
2019-07-27,7802.5078
2019-07-28,7802.5078
2019-07-29,7785.672
2019-07-30,7762.827
2019-07-31,7877.6173
2019-08-01,7921.3751
2019-08-02,7923.9659
2019-08-03,7923.9659
2019-08-04,7923.9659
2019-08-05,7939.0812
2019-08-06,7896.6216
2019-08-07,7896.1136
2019-08-08,7893.0334
2019-08-09,7835.0429
2019-08-10,7835.0429
2019-08-11,7835.0429
2019-08-12,7849.5319
2019-08-13,7854.2963
2019-08-14,7840.7143
2019-08-15,7844.3724
2019-08-16,7853.2881
2019-08-17,7853.2881
2019-08-18,7853.2881
2019-08-19,7870.773
2019-08-20,7889.0946
2019-08-21,7855.7476
2019-08-22,7793.5825
2019-08-23,7797.8318
2019-08-24,7797.8318
2019-08-25,7797.8318
2019-08-26,7719.2685
2019-08-27,7730.0301
2019-08-28,7717.9151
2019-08-29,7711.7149
2019-08-30,7707.7113
2019-08-31,7707.7113
2019-09-01,7707.7113
2019-09-02,7708.869
2019-09-03,7648.858
2019-09-04,7643.1018
2019-09-05,7711.5721
2019-09-06,7710.275
2019-09-07,7710.275
2019-09-08,7710.275
2019-09-09,7531.9618
2019-09-10,7522.3561
2019-09-11,7540.876
2019-09-12,7545.6679
2019-09-13,7513.8771
2019-09-14,7513.8771
2019-09-15,7513.8771
2019-09-16,7535.8799
2019-09-17,7560.5885
2019-09-18,7573.2688
2019-09-19,7552.7843
2019-09-20,7506.6568
2019-09-21,7506.6568
2019-09-22,7506.6568
2019-09-23,7524.9845
2019-09-24,7482.0458
2019-09-25,7536.9133
2019-09-26,7513.2788
2019-09-27,7489.5327
2019-09-28,7489.5327
2019-09-29,7489.5327
2019-09-30,7462.5071
2019-10-01,7487.4271
2019-10-02,7491.534
2019-10-03,7479.7536
2019-10-04,7474.1762
2019-10-05,7474.1762
2019-10-06,7474.1762
2019-10-07,7460.64403101
2019-10-08,7491.9975773
2019-10-09,7483.14586831
2019-10-10,7503.8739
2019-10-11,7503.4873819
2019-10-12,7503.4873819
2019-10-13,7503.4873819
2019-10-14,7504.80593489
2019-10-15,7521.28074313
2019-10-16,7863.62440971
2019-10-17,7895.90503541
2019-10-18,7833.76246866
2019-10-19,7833.76246866
2019-10-20,7833.76246866
2019-10-21,7805.86945534
2019-10-22,7816.06241653
2019-10-23,7786.2480286
2019-10-24,7789.97056051
2019-10-25,7751.1799365
2019-10-26,7751.1799365
2019-10-27,7751.1799365
2019-10-28,7740.48840915
2019-10-29,7730.25598417
2019-10-30,7682.62470702
2019-10-31,7692.66832403
2019-11-01,7679.37232617
2019-11-02,7679.37232617
2019-11-03,7679.37232617
2019-11-04,7696.06135882
2019-11-05,7662.42438912
2019-11-06,7649.64385093
2019-11-07,7632.33304984
2019-11-08,7702.5006
2019-11-09,7702.5006
2019-11-10,7702.5006
2019-11-11,7703.38331148
2019-11-12,7630.77186724
2019-11-13,7636.3430297
2019-11-14,7665.66904526
2019-11-15,7669.58296651
2019-11-16,7669.58296651
2019-11-17,7669.58296651
2019-11-18,7659.02560696
2019-11-19,9178.5253625
2019-11-20,9127.86355722
2019-11-21,9075.18049954
2019-11-22,9125.69457097
2019-11-23,9125.69457097
2019-11-24,9125.69457097
2019-11-25,9141.2657
2019-11-26,9141.63887732
2019-11-27,9267.86095868
2019-11-28,9268.38634593
2019-11-29,9150.33149711
2019-11-30,9150.33149711
2019-12-01,9150.33149711
2019-12-02,9145.33131449
2019-12-03,9119.69922333
2019-12-04,9030.4486211
2019-12-05,9069.96947515
2019-12-06,9117.08983859
2019-12-07,9117.08983859
2019-12-08,9117.08983859
2019-12-09,8888.81103903
2019-12-10,8947.7453
2019-12-11,8963.76597103
2019-12-12,8995.70322773
2019-12-13,9016.5284
2019-12-14,9016.5284
2019-12-15,9016.5284
2019-12-16,9063.11436399
2019-12-17,9047.10313663
2019-12-18,9040.06575531
2019-12-19,9046.43279825
2019-12-20,9054.97516788
2019-12-21,9054.97516788
2019-12-22,9054.97516788
2019-12-23,8985.00779609
2019-12-24,9023.29318499
2019-12-25,9023.29318499
2019-12-26,8871.41449964
2019-12-27,8863.94477569
2019-12-28,8863.94477569
2019-12-29,8863.94477569
2019-12-30,8898.94501408
2019-12-31,8912.34309837
2020-01-01,8912.34309837
2020-01-02,8941.50640874
2020-01-03,8958.36654819
2020-01-04,8956.03792771
2020-01-05,8956.03792771
2020-01-06,8897.0404
2020-01-07,8915.2903
2020-01-08,8936.9885
2020-01-09,8924.2911
2020-01-10,8930.1447
2020-01-11,8930.1447
2020-01-12,8930.1447
2020-01-13,8312.1776
2020-01-14,8353.7382
2020-01-15,8378.2884
2020-01-16,8352.0697
2020-01-17,8370.0905
2020-01-18,8370.0905
2020-01-19,8370.0905
2020-01-20,8371.1458
2020-01-21,8305.3847
2020-01-22,8315.2237
2020-01-23,8116.718
2020-01-24,8133.8493
2020-01-25,8133.8493
2020-01-26,8133.8493
2020-01-27,8175.4979
2020-01-28,8171.3042
2020-01-29,8187.0096
2020-01-30,8182.9476
2020-01-31,8211.4247
2020-02-01,8211.4247
2020-02-02,8211.4247
2020-02-03,8200.9125
2020-02-04,8198.4186
2020-02-05,8190.2522
2020-02-06,8154.1285
2020-02-07,8164.6515
2020-02-08,8164.6515
2020-02-09,8164.6515
2020-02-10,8153.4493
2020-02-11,8109.2469
2020-02-12,8121.5957
2020-02-13,8168.2552
2020-02-14,8235.1906
2020-02-15,8235.1906
2020-02-16,8235.1906
2020-02-17,8236.1243
2020-02-18,8150.4924
2020-02-19,8160.4428
2020-02-20,8185.4789
2020-02-21,8136.3532
2020-02-22,8136.3532
2020-02-23,8136.3532
2020-02-24,8113.3895
2020-02-25,8107.3783
2020-02-26,8092.3984
2020-02-27,8066.7573
2020-02-28,8102.0592
2020-02-29,8102.0592
2020-03-01,8102.0592
2020-03-02,8074.3281
2020-03-03,8051.7977
2020-03-04,8054.7985
2020-03-05,8063.2391
2020-03-06,8109.2259
2020-03-07,8109.2259
2020-03-08,8109.2259
2020-03-09,8092.239
2020-03-10,8086.7295
2020-03-11,8041.7793
2020-03-12,8024.8791
2020-03-13,7995.2099
2020-03-14,7995.2099
2020-03-15,7995.2099
2020-03-16,8054.34428808
2020-03-17,8048.87623904
2020-03-18,8080.18173013
2020-03-19,8047.96228564
2020-03-20,8086.41991789
2020-03-21,8086.41991789
2020-03-22,8086.41991789
2020-03-23,8082.13599721
2020-03-24,8040.31678161
2020-03-25,8027.68628948
2020-03-26,7999.6366
2020-03-27,8035.44783489
2020-03-28,8035.44783489
2020-03-29,8035.44783489
2020-03-30,7996.98053345
2020-03-31,8032.85770802
2020-04-01,7995.76245555
2020-04-02,7982.85173961
2020-04-03,7994.76299069
2020-04-04,7994.76299069
2020-04-05,7994.76299069
2020-04-06,7942.67392474
2020-04-07,7962.98320582
2020-04-08,7963.9803
2020-04-09,7967.14752189
2020-04-10,7967.88057425
2020-04-11,7967.88057425
2020-04-12,7967.88057425
2020-04-13,7995.81794847
2020-04-14,8550.98530496
2020-04-15,8569.9593
2020-04-16,8582.21872399
2020-04-17,8604.98314778
2020-04-18,8604.98314778
2020-04-19,8604.98314778
2020-04-20,8512.94568283
2020-04-21,8524.48342382
2020-04-22,8507.29328426
2020-04-23,8507.44825261
2020-04-24,8510.97569225
2020-04-25,8510.97569225
2020-04-26,8510.97569225
2020-04-27,8504.38664042
2020-04-28,8501.31647594
2020-04-29,8481.85349664
2020-04-30,8530.92815931
2020-05-01,8529.71975084
2020-05-02,8529.71975084
2020-05-03,8529.71975084
2020-05-04,8502.68529965
2020-05-05,8546.9172193
2020-05-06,8536.7136464
2020-05-07,8514.27933456
2020-05-08,8534.1079121
2020-05-09,8534.1079121
2020-05-10,8534.1079121
2020-05-11,8537.11096252
2020-05-12,8572.99834684
2020-05-13,8570.31920616
2020-05-14,8565.9181
2020-05-15,8574.3808
2020-05-16,8574.3808
2020-05-17,8574.3808
2020-05-18,8791.693
2020-05-19,8801.2139
2020-05-20,8842.25088771
2020-05-21,8812.47404493
2020-05-22,8859.60788137
2020-05-23,8859.60788137
2020-05-24,8859.60788137
2020-05-25,8859.76912339
2020-05-26,8778.01381988
2020-05-27,8596.48334045
2020-05-28,8551.79456959
2020-05-29,8552.73441024
2020-05-30,8552.73441024
2020-05-31,8552.73441024
2020-06-01,8532.95920841
2020-06-02,8516.99002202
2020-06-03,8521.14207931
2020-06-04,8529.71135679
2020-06-05,8528.75831753
2020-06-06,8528.75831753
2020-06-07,8528.75831753
2020-06-08,8524.01002101
2020-06-09,8512.3380485
2020-06-10,8513.06091814
2020-06-11,8515.50098333
2020-06-12,8561.79845584
2020-06-13,8561.79845584
2020-06-14,8561.79845584
2020-06-15,8539.26987227
2020-06-16,8579.0896234
2020-06-17,8548.36368268
2020-06-18,8592.24153564
2020-06-19,8539.83587515
2020-06-20,8539.83587515
2020-06-21,8539.83587515
2020-06-22,8543.71844974
2020-06-23,8545.39680118
2020-06-24,8530.70347026
2020-06-25,8531.62096786
2020-06-26,8547.52341323
2020-06-27,8547.52341323
2020-06-28,8547.52341323
2020-06-29,8570.37901632
2020-06-30,8565.13666715
2020-07-01,8560.3528909
2020-07-02,8602.05954973
2020-07-03,8630.52689361
2020-07-04,8630.52689361
2020-07-05,8630.52689361
2020-07-06,8562.71821995
2020-07-07,8565.90290521
2020-07-08,8534.32932788
2020-07-09,8546.7413208
2020-07-10,8564.51402168
2020-07-11,8564.51402168
2020-07-12,8564.51402168
2020-07-13,8583.49353128
2020-07-14,8528.34056374
2020-07-15,8563.72406118
2020-07-16,8543.31982008
2020-07-17,8535.83538267
2020-07-18,8535.83538267
2020-07-19,8535.83538267
2020-07-20,8531.30848434
2020-07-21,8543.46759575
2020-07-22,8528.2944
2020-07-23,8585.9589
2020-07-24,8553.7603
2020-07-25,8553.7603
2020-07-26,8553.7603
2020-07-27,8555.8642
2020-07-28,8264.4235
2020-07-29,8329.70893422
2020-07-30,8343.5570816
2020-07-31,8340.177
2020-08-01,8340.17697404
2020-08-02,8340.17697404
2020-08-03,8407.32342627
2020-08-04,8373.18184459
2020-08-05,8359.79276017
2020-08-06,8368.82750245
2020-08-07,8389.49246137
2020-08-08,8389.49246137
2020-08-09,8389.49246137
2020-08-10,8343.00303073
2020-08-11,8277.75749584
2020-08-12,8326.6516965
2020-08-13,8144.01572434
2020-08-14,8090.86993804
2020-08-15,8090.86993804
2020-08-16,8090.86993804
2020-08-17,8091.58600276
2020-08-18,8050.5725961
2020-08-19,8060.61844956
2020-08-20,8036.33028874
2020-08-21,8038.3605
2020-08-22,8038.3605
2020-08-23,8038.3605
2020-08-24,7981.89422366
2020-08-25,7939.59977181
2020-08-26,7969.68934402
2020-08-27,7933.85583971
2020-08-28,7910.96329465
2020-08-29,7910.96329465
2020-08-30,7910.96329465
2020-08-31,7934.06931136
2020-09-01,7915.24458003
2020-09-02,7936.22722903
2020-09-03,7928.85879421
2020-09-04,7942.0698469
2020-09-05,7942.0698469
2020-09-06,7942.0698469
2020-09-07,7942.92079718
2020-09-08,7804.02532849
2020-09-09,7834.99331422
2020-09-10,7879.62754807
2020-09-11,7882.50207639
2020-09-12,7882.50207639
2020-09-13,7882.50207639
2020-09-14,7882.17636762
2020-09-15,8415.44811469
2020-09-16,8347.93892036
2020-09-17,8317.90765281
2020-09-18,8309.06921714
2020-09-19,8309.06921714
2020-09-20,8309.06921714
2020-09-21,8304.38968877
2020-09-22,8306.49505769
2020-09-23,8275.4213745
2020-09-24,8318.13953758
2020-09-25,8250.26442153
2020-09-26,8250.26442153
2020-09-27,8250.26442153
2020-09-28,8271.11248895
2020-09-29,8242.60739124
2020-09-30,8238.13801602
2020-10-01,8236.55383055
2020-10-02,8204.74036414
2020-10-03,8204.74036414
2020-10-04,8204.74036414
2020-10-05,8199.75651277
2020-10-06,8181.54181982
2020-10-07,8184.92405245
2020-10-08,8170.93430151
2020-10-09,8181.279844
2020-10-10,8181.279844
2020-10-11,8181.279844
2020-10-12,8181.52856247
2020-10-13,8104.02074257
2020-10-14,8083.56884326
2020-10-15,8058.45750133
2020-10-16,7975.77001714
2020-10-17,7975.77001714
2020-10-18,7975.77001714
2020-10-19,7952.92754384
2020-10-20,7966.56294698
2020-10-21,7946.33646794
2020-10-22,7970.39127572
2020-10-23,7906.07246053
2020-10-24,7906.07246053
2020-10-25,7906.07246053
2020-10-26,7864.46170957
2020-10-27,7830.53646495
2020-10-28,7844.90165451
2020-10-29,7801.97382951
2020-10-30,7809.19554759
2020-10-31,7809.19554759
2020-11-01,7809.19554759
2020-11-02,7811.44124146
2020-11-03,7754.06841585
2020-11-04,7738.60860793
2020-11-05,7744.8133343
2020-11-06,7740.43688211
2020-11-07,7740.43688211
2020-11-08,7740.43688211
2020-11-09,7802.660574
2020-11-10,7828.87783533
2020-11-11,7829.2862658
2020-11-12,7730.38736697
2020-11-13,7706.74871369
2020-11-14,7706.74871369
2020-11-15,7706.74871369
2020-11-16,7715.75441187
2020-11-17,7728.41456992
2020-11-18,7586.55827005
2020-11-19,7499.60221208
2020-11-20,7469.39852326
2020-11-21,7469.39852326
2020-11-22,7469.39852326
2020-11-23,7464.95225149
2020-11-24,7474.80805956
2020-11-25,7481.96652978
2020-11-26,7482.1147845
2020-11-27,7437.2564996
2020-11-28,7437.2564996
2020-11-29,7437.2564996
2020-11-30,7457.59998311
2020-12-01,7470.98053226
2020-12-02,7449.51308694
2020-12-03,7416.11261806
2020-12-04,7392.012
2020-12-05,7392.012
2020-12-06,7392.012
2020-12-07,7393.15224143
2020-12-08,7395.8895657
2020-12-09,7376.06480712
2020-12-10,7343.85217783
2020-12-11,7305.90915824
2020-12-12,7305.90915824
2020-12-13,7305.90915824
2020-12-14,7335.19225837
2020-12-15,7311.18899907
2020-12-16,7377.38276306
2020-12-17,7365.51368684
2020-12-18,7355.97873674
2020-12-19,7355.97873674
2020-12-20,7355.97873674
2020-12-21,7304.44244063
2020-12-22,7217.00153807
2020-12-23,7232.97557772
2020-12-24,7191.96644932
2020-12-25,7191.96644932
2020-12-26,7191.96634932
2020-12-27,7191.96634932
2020-12-28,7228.54133213
2020-12-29,7231.8450646
2020-12-30,7222.90455983
2020-12-31,7224.66635152
2021-01-01,7225.59855402
2021-01-02,7225.59855402
2021-01-03,7225.59855402
2021-01-04,7201.5815048
2021-01-05,7144.49737046
2021-01-06,7174.73289032
2021-01-07,7147.11602169
2021-01-08,7175.80237484
2021-01-09,7175.80237484
2021-01-10,7175.80237484
2021-01-11,7194.03156917
2021-01-12,7255.70942668
2021-01-13,7265.97237063
2021-01-14,7268.88595808
2021-01-15,7309.34267086
2021-01-16,7309.34267086
2021-01-17,7309.34267086
2021-01-18,7309.35836112
2021-01-19,7286.35210193
2021-01-20,7214.11045485
2021-01-21,7218.32649095
2021-01-22,7228.64238573
2021-01-23,7228.64238573
2021-01-24,7228.64238573
2021-01-25,7182.18747518
2021-01-26,7180.22276732
2021-01-27,7199.72985528
2021-01-28,7248.1333461
2021-01-29,7265.94166561
2021-01-30,7265.95785361
2021-01-31,7265.95785361
2021-02-01,7276.84876231
2021-02-02,7269.07034898
2021-02-03,7309.23780189
2021-02-04,7360.35392077
2021-02-05,7368.98156635
2021-02-06,7368.98156635
2021-02-07,7368.98156635
2021-02-08,7346.99119977
2021-02-09,7367.02799963
2021-02-10,7403.74904
2021-02-11,7435.39062896
2021-02-12,7530.58056748
2021-02-13,7530.58056748
2021-02-14,7530.58056748
2021-02-15,7531.80614042
2021-02-16,7297.48535815
2021-02-17,7283.75847912
2021-02-18,7266.73161768
2021-02-19,7274.47955136
2021-02-20,7274.47955136
2021-02-21,7274.47955136
2021-02-22,7240.97332133
2021-02-23,7211.07494025
2021-02-24,7230.87332435
2021-02-25,7280.24121656
2021-02-26,7296.84548283
2021-02-27,7296.84548283
2021-02-28,7296.84548283
2021-03-01,7204.84448421
2021-03-02,7222.51660109
2021-03-03,7191.21687299
2021-03-04,7219.25405696
2021-03-05,7249.43374838
2021-03-06,7249.43374838
2021-03-07,7249.43374838
2021-03-08,7183.33513019
2021-03-09,7171.11741735
2021-03-10,7174.65815506
2021-03-11,7187.03045535
2021-03-12,7197.05522641
2021-03-13,7197.05522641
2021-03-14,7197.05522641
2021-03-15,7255.75613117
2021-03-16,7221.24346554
2021-03-17,7232.85023082
2021-03-18,7235.27445148
2021-03-19,7257.66553358
2021-03-20,7257.66553358
2021-03-21,7257.66553358
2021-03-22,7232.05225189
2021-03-23,7113.52316574
2021-03-24,7161.85486435
2021-03-25,7150.56098164
2021-03-26,7148.39501296
2021-03-27,7148.39501296
2021-03-28,7148.39501296
2021-03-29,7168.03748377
2021-03-30,7173.22486838
2021-03-31,7169.0402848
2021-04-01,7169.50552997
2021-04-02,7169.50552997
2021-04-03,7169.50552997
2021-04-04,7169.50552997
2021-04-05,7219.34295493
2021-04-06,7197.50846758
2021-04-07,7193.33532105
2021-04-08,7169.13544917
2021-04-09,7150.42536317
2021-04-10,7150.42536317
2021-04-11,7150.42536317
2021-04-12,7185.49030038
2021-04-13,7131.03323481
2021-04-14,7140.50526126
2021-04-15,7096.75488141
2021-04-16,7052.1040557
2021-04-17,7052.1040557
2021-04-18,7052.0990557
2021-04-19,7095.41013107
2021-04-20,7143.43565802
2021-04-21,7106.51544125
2021-04-22,7068.08034233
2021-04-23,7075.54838505
2021-04-24,7075.54838505
2021-04-25,7075.54838505
2021-04-26,7106.95887339
2021-04-27,7041.88049487
2021-04-28,7040.93147886
2021-04-29,7035.49974094
2021-04-30,7098.40880198
2021-05-01,7098.41005837
2021-05-02,7098.41505837
2021-05-03,7098.76173423
2021-05-04,7051.51243069
2021-05-05,6989.05803282
2021-05-06,7011.05811887
2021-05-07,7023.61388954
2021-05-08,7023.61388954
2021-05-09,7023.61388954
2021-05-10,7061.76460949
2021-05-11,7013.67420962
2021-05-12,7062.30220692
2021-05-13,7045.9010534
2021-05-14,7052.18928727
2021-05-15,7052.18928727
2021-05-16,7052.18928727
2021-05-17,6967.62913571
2021-05-18,6986.15894771
2021-05-19,7002.3909982
2021-05-20,7009.82352583
2021-05-21,6979.32361375
2021-05-22,6979.32361375
2021-05-23,6979.32361375
2021-05-24,6954.22105559
2021-05-25,6949.43808429
2021-05-26,6881.96590117
2021-05-27,6778.18540949
2021-05-28,6826.82611022
2021-05-29,6826.82611022
2021-05-30,6826.82611022
2021-05-31,6831.14342772
2021-06-01,6725.16338598
2021-06-02,6709.26854602
2021-06-03,6685.55759519
2021-06-04,6673.65505395
2021-06-05,6673.65505395
2021-06-06,6673.65505395
2021-06-07,6682.83300548
2021-06-08,6682.0244486
2021-06-09,6710.28136888
2021-06-10,6688.19581894
2021-06-11,6692.25344199
2021-06-12,6692.25344199
2021-06-13,6692.25344199
2021-06-14,6698.68547476
2021-06-15,6686.49280841
2021-06-16,6692.59203162
2021-06-17,6695.40299092
2021-06-18,6691.93762784
2021-06-19,6691.93712784
2021-06-20,6691.93712784
2021-06-21,6729.67557897
2021-06-22,7046.25908379
2021-06-23,7100.29882767
2021-06-24,7033.34026761
2021-06-25,7057.29424848
2021-06-26,7057.29424848
2021-06-27,7057.29424848
2021-06-28,7108.02878557
2021-06-29,7077.83870485
2021-06-30,7137.05667226
2021-07-01,7156.9775228
2021-07-02,7242.63709656
2021-07-03,7242.63709656
2021-07-04,7242.63709656
2021-07-05,7243.12188734
2021-07-06,7165.92700514
2021-07-07,7158.97217015
2021-07-08,7135.39806173
2021-07-09,7108.25039693
2021-07-10,7108.24539693
2021-07-11,7108.22811236
2021-07-12,7142.94748796
2021-07-13,7147.31724496
2021-07-14,7154.56930647
2021-07-15,7228.0387061
2021-07-16,7116.81682478
2021-07-17,7116.81191978
2021-07-18,7116.81191478
2021-07-19,7117.97647619
2021-07-20,7107.24041287
2021-07-21,7099.43209464
2021-07-22,7068.3687776
2021-07-23,7038.7238789
2021-07-24,7038.7238789
2021-07-25,7038.7238789
2021-07-26,7039.50467001
2021-07-27,7062.51366871
2021-07-28,7035.76819742
2021-07-29,7060.94745361
2021-07-30,7375.91289436
2021-07-31,7375.91289436
2021-08-01,7375.91289436
2021-08-02,7395.39574395
2021-08-03,7359.9857262
2021-08-04,7313.32876183
2021-08-05,7274.71925728
2021-08-06,7294.67508814
2021-08-07,7294.67508814
2021-08-08,7294.67508814
2021-08-09,7294.0457899
2021-08-10,7277.87591436
2021-08-11,7267.99416437
2021-08-12,7306.70322843
2021-08-13,7325.67817422
2021-08-14,7325.67817422
2021-08-15,7325.67817422
2021-08-16,7281.62312154
2021-08-17,7251.03457556
2021-08-18,7262.11173093
2021-08-19,7288.30946336
2021-08-20,7255.97728373
2021-08-21,7255.97728373
2021-08-22,7255.97728373
2021-08-23,7730.11079754
2021-08-24,7683.60042235
2021-08-25,7677.54621859
2021-08-26,7629.78284477
2021-08-27,7621.46486769
2021-08-28,7621.46286769
2021-08-29,7621.46286769
2021-08-30,7555.29751261
2021-08-31,7564.31150128
2021-09-01,7554.23689031
2021-09-02,7541.03647747
2021-09-03,7603.05883179
2021-09-04,7603.05883179
2021-09-05,7603.05883179
2021-09-06,7604.85461783
2021-09-07,7567.63863835
2021-09-08,7489.5139684
2021-09-09,7512.91249306
2021-09-10,7515.41292392
2021-09-11,7515.41289892
2021-09-12,7515.41289892
2021-09-13,7514.26422797
2021-09-14,7579.2499412
2021-09-15,7542.00032824
2021-09-16,7550.25811958
2021-09-17,7545.07053498
2021-09-18,7545.07053498
2021-09-19,7545.07053498
2021-09-20,7582.3309919
2021-09-21,7549.27620805
2021-09-22,7577.49647689
2021-09-23,7505.28038765
2021-09-24,7481.08625369
2021-09-25,7481.08625369
2021-09-26,7481.08625369
2021-09-27,7478.5361971
2021-09-28,7517.58941644
2021-09-29,7482.2771814
2021-09-30,7568.28222461
2021-10-01,7536.96329687
2021-10-02,7536.96329687
2021-10-03,7536.96329687
2021-10-04,7495.84385391
2021-10-05,7484.9033693
2021-10-06,7432.80074677
2021-10-07,7452.66951832
2021-10-08,7504.71576759
2021-10-09,7504.71576759
2021-10-10,7504.71576759
2021-10-11,7506.6400452
2021-10-12,7451.29367417
2021-10-13,7408.48803878
2021-10-14,7369.37672309
2021-10-15,7391.2168275
2021-10-16,7391.2138275
2021-10-17,7391.2138275
2021-10-18,7354.39775153
2021-10-19,7387.63821854
2021-10-20,7357.68141058
2021-10-21,7437.08526812
2021-10-22,7439.94466365
2021-10-23,7439.94466365
2021-10-24,7439.94466365
2021-10-25,7328.76866984
2021-10-26,7330.65664317
2021-10-27,7273.81365682
2021-10-28,7257.99133153
2021-10-29,7313.08747633
2021-10-30,7313.08747633
2021-10-31,7313.08747633
2021-11-01,7281.00393047
2021-11-02,7183.71984754
2021-11-03,7127.82448664
2021-11-04,7160.35738094
2021-11-05,7157.59716799
2021-11-06,7157.59716799
2021-11-07,7157.59716799
2021-11-08,7139.68385613
2021-11-09,7135.70286702
2021-11-10,7028.86568706
2021-11-11,7026.26077788
2021-11-12,6788.66125303
2021-11-13,6788.76125303
2021-11-14,6788.76125303
2021-11-15,6800.20509944
2021-11-16,6789.41981621
2021-11-17,6808.41257453
2021-11-18,6702.81489223
2021-11-19,6713.83674563
2021-11-20,6713.83674563
2021-11-21,6713.83255463
2021-11-22,6760.48152009
2021-11-23,6738.62190269
2021-11-24,6814.33979768
2021-11-25,6815.67273936
2021-11-26,6728.29937468
2021-11-27,6728.29937468
2021-11-28,6728.29937468
2021-11-29,6729.02096922
2021-11-30,6780.75250017
2021-12-01,6710.87915715
2021-12-02,6747.05297058
2021-12-03,6727.23606966
2021-12-04,6727.22906466
2021-12-05,6727.22906466
2021-12-06,6705.45392357
2021-12-07,6768.32109742
2021-12-08,6732.10371116
2021-12-09,6751.83801317
2021-12-10,6750.75586277
2021-12-11,6750.75586277
2021-12-12,6750.75586277
2021-12-13,6453.03536594
2021-12-14,6446.18375815
2021-12-15,6535.16729151
2021-12-16,6634.22235745
2021-12-17,6617.74126874
2021-12-18,6617.74126874
2021-12-19,6617.74126874
2021-12-20,6530.63880143
2021-12-21,6523.92444981
2021-12-22,6556.54704747
2021-12-23,6839.42800714
2021-12-24,6822.30945004
2021-12-25,6822.30945004
2021-12-26,6822.30945004
2021-12-27,6790.79654042
2021-12-28,6822.26225326
2021-12-29,6763.52800108
2021-12-30,6922.04823149
2021-12-31,6918.14016955
2022-01-01,6918.14016955
2022-01-02,6918.14016955
2022-01-03,6861.27526165
2022-01-04,6794.08444578
2022-01-05,6839.74483193
2022-01-06,6814.72953167
2022-01-07,6817.90819967
2022-01-08,6817.90819967
2022-01-09,6817.90819967
2022-01-10,6846.12920716
2022-01-11,6896.86527188
2022-01-12,6908.51666154
2022-01-13,6933.90571053
2022-01-14,6949.05224676
2022-01-15,6949.25224676
2022-01-16,6949.42974676
2022-01-17,6938.34079995
2022-01-18,6863.60669101
2022-01-19,6821.76052888
2022-01-20,6733.73105297
2022-01-21,6767.7246502
2022-01-22,6767.7246502
2022-01-23,6767.7246502
2022-01-24,6792.60336402
2022-01-25,6799.79088083
2022-01-26,6823.56386149
2022-01-27,6774.27470654
2022-01-28,6757.46437934
2022-01-29,6757.46437934
2022-01-30,6757.46287934
2022-01-31,6827.93364711
2022-02-01,6783.56131154
2022-02-02,6793.03336188
2022-02-03,6709.98519409
2022-02-04,6687.66119397
2022-02-05,6687.66119397
2022-02-06,6687.66119397
2022-02-07,6706.51450384
2022-02-08,6693.7207669
2022-02-09,6700.64987241
2022-02-10,6615.04511769
2022-02-11,6667.450938
2022-02-12,6667.450938
2022-02-13,6667.450938
2022-02-14,6668.52272602
2022-02-15,6669.28387182
2022-02-16,6711.68502526
2022-02-17,6726.19044609
2022-02-18,6796.20270263
2022-02-19,6796.20270263
2022-02-20,6796.20270263
2022-02-21,6796.39995759
2022-02-22,6677.02423533
2022-02-23,6696.82944371
2022-02-24,6514.71067249
2022-02-25,6456.30645903
2022-02-26,6456.30645903
2022-02-27,6456.30645903
2022-02-28,6567.83410806
2022-03-01,6551.67517699
2022-03-02,6526.34040407
2022-03-03,6412.07306478
2022-03-04,6430.17885195
2022-03-05,6430.17885195
2022-03-06,6430.15758643
2022-03-07,6430.04207762
2022-03-08,6407.20887296
2022-03-09,6405.66826293
2022-03-10,6369.84467775
2022-03-11,6394.75427683
2022-03-12,6394.75407683
2022-03-13,6394.75407683
2022-03-14,6691.24741167
2022-03-15,6682.47337817
2022-03-16,6703.46620071
2022-03-17,6627.1966095
2022-03-18,6676.17450595
2022-03-19,6676.17450595
2022-03-20,6676.17450595
2022-03-21,6691.27158434
2022-03-22,6714.58197054
2022-03-23,6698.17403252
2022-03-24,6648.02791059
2022-03-25,6627.29014816
2022-03-26,6627.29014816
2022-03-27,6627.29143816
2022-03-28,6611.62153899
2022-03-29,6892.41260208
2022-03-30,7014.16084912
2022-03-31,7054.1006916
2022-04-01,6992.43941313
2022-04-02,6992.43941313
2022-04-03,6992.43941313
2022-04-04,6952.94381752
2022-04-05,6895.9934505
2022-04-06,6942.8935226
2022-04-07,6919.91529201
2022-04-08,6832.74692589
2022-04-09,6832.74692589
2022-04-10,6832.74692589
2022-04-11,6835.73454085
2022-04-12,6850.68865737
2022-04-13,6797.0793003
2022-04-14,6794.31769551
2022-04-15,6791.67914099
2022-04-16,6791.67914099
2022-04-17,6791.67754099
2022-04-18,6752.56226257
2022-04-19,6731.3740055
2022-04-20,6737.14363432
2022-04-21,6726.85104654
2022-04-22,7010.90566528
2022-04-23,7010.90366728
2022-04-24,7010.90366728
2022-04-25,6929.55764136
2022-04-26,6918.47423453
2022-04-27,6883.07708244
2022-04-28,6850.74356961
2022-04-29,6965.14130924
2022-04-30,6965.14130924
2022-05-01,6965.14130924
2022-05-02,6996.68593333
2022-05-03,6916.83997482
2022-05-04,6887.06187786
2022-05-05,6856.60659417
2022-05-06,6889.16905039
2022-05-07,6889.16905039
2022-05-08,6889.16905039
2022-05-09,6853.33628554
2022-05-10,6869.11720276
2022-05-11,6857.53681952
2022-05-12,6838.74640026
2022-05-13,6845.3150635
2022-05-14,6845.3150635
2022-05-15,6845.3115635
2022-05-16,6841.80519116
2022-05-17,6818.74959572
2022-05-18,6798.16980562
2022-05-19,6811.29311859
2022-05-20,6839.00258693
2022-05-21,6839.00258693
2022-05-22,6839.00258693
2022-05-23,6819.38518414
2022-05-24,6750.3122308
2022-05-25,6681.25250431
2022-05-26,6568.88221013
2022-05-27,6626.82893991
2022-05-28,6626.82893991
2022-05-29,6626.82893992
2022-05-30,6628.45742299
2022-05-31,6618.73515813
2022-06-01,6575.45216606
2022-06-02,6444.42766844
2022-06-03,6370.55042206
2022-06-04,6370.55042206
2022-06-05,6370.55017906
2022-06-06,6313.37256341
2022-06-07,6290.82742903
2022-06-08,6289.59254514
2022-06-09,6254.94087861
2022-06-10,6210.15825386
2022-06-11,6210.15825386
2022-06-12,6210.15825386
2022-06-13,6211.1094352
2022-06-14,6173.74489257
2022-06-15,6339.69761497
2022-06-16,6266.74487403
2022-06-17,6230.34849107
2022-06-18,6230.34349107
2022-06-19,6230.34349107
2022-06-20,6230.07785273
2022-06-21,6128.99484094
2022-06-22,6111.6558646
2022-06-23,6098.8621688
2022-06-24,6124.05191101
2022-06-25,6124.05191101
2022-06-26,6124.05191101
2022-06-27,6079.74412946
2022-06-28,6026.84724097
2022-06-29,6098.65216434
2022-06-30,6197.32415096
2022-07-01,6254.18496263
2022-07-02,6254.18296263
2022-07-03,6254.18296263
2022-07-04,6255.20935971
2022-07-05,6112.11365172
2022-07-06,6076.13349498
2022-07-07,6134.15862739
2022-07-08,6070.55309215
2022-07-09,6070.54170215
2022-07-10,6070.54220215
2022-07-11,6080.7521826
2022-07-12,6097.88698996
2022-07-13,6081.32912132
2022-07-14,6121.18553417
2022-07-15,6186.18687879
2022-07-16,6186.18687879
2022-07-17,6186.18670309
2022-07-18,6113.44500192
2022-07-19,6087.45849709
2022-07-20,6089.18064896
2022-07-21,6113.00965152
2022-07-22,6146.1348176
2022-07-23,6146.1354926
2022-07-24,6146.1354926
2022-07-25,6146.57667905
2022-07-26,6117.29072901
2022-07-27,6397.05072922
2022-07-28,6435.93481517
2022-07-29,6510.85018487
2022-07-30,6510.85018487
2022-07-31,6510.84018587
2022-08-01,6523.68802331
2022-08-02,6516.98474529
2022-08-03,6684.56816674
2022-08-04,6652.24662026
2022-08-05,6678.08542997
2022-08-06,6678.07767597
2022-08-07,6678.07767597
2022-08-08,6641.41534469
2022-08-09,6606.92976987
2022-08-10,6576.59209385
2022-08-11,6548.42466788
2022-08-12,6607.94631776
2022-08-13,6607.94481776
2022-08-14,6607.94481776
2022-08-15,6607.43035041
2022-08-16,6710.55266017
2022-08-17,6559.90504602
2022-08-18,6440.58649729
2022-08-19,7557.97088692
2022-08-20,7557.96938692
2022-08-21,7557.96938692
2022-08-22,7528.35610254
2022-08-23,7512.3505999
2022-08-24,7580.31787658
2022-08-25,7593.18670162
2022-08-26,7601.44689518
2022-08-27,7601.44689518
2022-08-28,7601.44689518
2022-08-29,7540.45331737
2022-08-30,7579.89858895
2022-08-31,7581.09746305
2022-09-01,7512.70680627
2022-09-02,7543.71638867
2022-09-03,7543.71638867
2022-09-04,7543.71638867
2022-09-05,7544.17914211
2022-09-06,7368.56438828
2022-09-07,7406.72876257
2022-09-08,7457.21623605
2022-09-09,7461.34316533
2022-09-10,7461.34316533
2022-09-11,7461.34316533
2022-09-12,7493.73792261
2022-09-13,7478.25644537
2022-09-14,7470.23717485
2022-09-15,7548.43261668
2022-09-16,7524.49596098
2022-09-17,7524.49596098
2022-09-18,7524.49596098
2022-09-19,7522.54997892
2022-09-20,7522.57097188
2022-09-21,7463.16566562
2022-09-22,7457.19246564
2022-09-23,7425.74112712
2022-09-24,7425.74112712
2022-09-25,7425.74112712
2022-09-26,7424.57885599
2022-09-27,7496.20400507
2022-09-28,7532.28354247
2022-09-29,7492.13123693
2022-09-30,7566.24932617
2022-10-01,7566.24932617
2022-10-02,7566.24932617
2022-10-03,7531.75439296
2022-10-04,7519.69005815
2022-10-05,7523.64165196
2022-10-06,7565.4139555
2022-10-07,7648.46789136
2022-10-08,7648.46789136
2022-10-09,7648.46789136
2022-10-10,7649.08179952
2022-10-11,7604.95033377
2022-10-12,7617.1740958
2022-10-13,7580.4127718
2022-10-14,7633.90263804
2022-10-15,7633.90263804
2022-10-16,7633.90263804
2022-10-17,7589.32217501
2022-10-18,7586.43366423
2022-10-19,7574.32767597
2022-10-20,7566.63590512
2022-10-21,7590.87255229
2022-10-22,7590.86755229
2022-10-23,7590.86755229
2022-10-24,7675.40516503
2022-10-25,7698.55307771
2022-10-26,7706.63866752
2022-10-27,7754.42852863
2022-10-28,7755.05653717
2022-10-29,7755.05653717
2022-10-30,7755.05653717
2022-10-31,7753.67472735
2022-11-01,7692.0101862
2022-11-02,7735.78604846
2022-11-03,7733.61881257
2022-11-04,7735.08268107
2022-11-05,7735.08258107
2022-11-06,7735.08258107
2022-11-07,7775.91078056
2022-11-08,7782.31034285
2022-11-09,7777.65584481
2022-11-10,7888.48441458
2022-11-11,7902.33931812
2022-11-12,7902.33931812
2022-11-13,7902.32731812
2022-11-14,7799.70369017
2022-11-15,7830.26533321
2022-11-16,8130.55800567
2022-11-17,8173.79464281
2022-11-18,8181.77349513
2022-11-19,8181.77349513
2022-11-20,8181.76849513
2022-11-21,8172.57452345
2022-11-22,8168.61600174
2022-11-23,8233.3691363
2022-11-24,8233.85858265
2022-11-25,8248.20240045
2022-11-26,8248.20240045
2022-11-27,8248.20294545
2022-11-28,8237.26399975
2022-11-29,8154.22043296
2022-11-30,8278.49478532
2022-12-01,8354.10255847
2022-12-02,8404.52657083
2022-12-03,8404.52802483
2022-12-04,8404.52178293
2022-12-05,8401.48318601
2022-12-06,8342.12712781
2022-12-07,8337.55416328
2022-12-08,8296.06668634
2022-12-09,8309.35611793
2022-12-10,8309.36311793
2022-12-11,8309.34911793
2022-12-12,8325.53949973
2022-12-13,8273.28889518
2022-12-14,8356.74989902
2022-12-15,8388.19535986
2022-12-16,8428.77655586
2022-12-17,8428.77655586
2022-12-18,8428.77655586
2022-12-19,8428.60007769
2022-12-20,8452.46857702
2022-12-21,8519.79928492
2022-12-22,8505.84559175
2022-12-23,8593.87201812
2022-12-24,8593.80509212
2022-12-25,8593.80509212
2022-12-26,8593.52366597
2022-12-27,8476.58055075
2022-12-28,8493.68863414
2022-12-29,8524.15330259
2022-12-30,8550.01713693
2022-12-31,8550.01213693
2023-01-01,8550.01213693
2023-01-02,8550.9914342
2023-01-03,8485.08040152
2023-01-04,8510.22523097
2023-01-05,8504.9642021
2023-01-06,8619.88130236
2023-01-07,8619.88162236
2023-01-08,8619.88390936
2023-01-09,8582.11664367
2023-01-10,8603.66187613
2023-01-11,8594.75821106
2023-01-12,8673.63628497
2023-01-13,8874.18799222
2023-01-14,8874.18799222
2023-01-15,8874.18799222
2023-01-16,8875.38245757
2023-01-17,8799.10483314
2023-01-18,8941.72447396
2023-01-19,9028.35456468
2023-01-20,9079.35353227
2023-01-21,9079.35353227
2023-01-22,9079.35353227
2023-01-23,8026.49561241
2023-01-24,7975.35585738
2023-01-25,8094.96916596
2023-01-26,8614.23775858
2023-01-27,8421.46049736
2023-01-28,8421.46049736
2023-01-29,8421.46049736
2023-01-30,8247.67530074
2023-01-31,8281.58061214
2023-02-01,8235.52660569
2023-02-02,8232.42812011
2023-02-03,8173.3083241
2023-02-04,8173.3131881
2023-02-05,8173.3131881
2023-02-06,8110.90457498
2023-02-07,8129.73777494
2023-02-08,8228.68381246
2023-02-09,8278.80167029
2023-02-10,8296.55695716
2023-02-11,8296.55695716
2023-02-12,8296.55695716
2023-02-13,8253.47802239
2023-02-14,8309.90089969
2023-02-15,8386.68161298
2023-02-16,8436.79904438
2023-02-17,8552.97150542
2023-02-18,8552.97150542
2023-02-19,8552.97150542
2023-02-20,8555.00984851
2023-02-21,8455.47673079
2023-02-22,8454.19721975
2023-02-23,8483.37944253
2023-02-24,8477.18037651
2023-02-25,8477.18937651
2023-02-26,8477.18937651
2023-02-27,8480.20093971
2023-02-28,8564.01769802
2023-03-01,8493.97543365
2023-03-02,8544.40896509
2023-03-03,8526.77471877
2023-03-04,8526.77471877
2023-03-05,8526.77471877
2023-03-06,8557.05841519
2023-03-07,8548.84881258
2023-03-08,8564.93905531
2023-03-09,8599.4044152
2023-03-10,8670.01990961
2023-03-11,8670.01990961
2023-03-12,8670.01990961
2023-03-13,8743.23848072
2023-03-14,8819.98892798
2023-03-15,9008.81385538
2023-03-16,9008.94493383
2023-03-17,9065.36285599
2023-03-18,9065.36285599
2023-03-19,9065.36285599
2023-03-20,9139.138387
2023-03-21,9173.94932709
2023-03-22,9143.35068327
2023-03-23,9085.65637186
2023-03-24,9122.73588843
2023-03-25,9122.74464543
2023-03-26,9122.74364543
2023-03-27,9141.49519614
2023-03-28,9164.04435571
2023-03-29,9068.6034233
2023-03-30,9089.17101769
2023-03-31,9136.6194425
2023-04-01,9136.62511274
2023-04-02,9136.62511274
2023-04-03,10573.96970251
2023-04-04,10614.07510779
2023-04-05,10698.46580262
2023-04-06,10706.21483961
2023-04-07,10706.03546908
2023-04-08,10706.03546908
2023-04-09,10705.92546908
2023-04-10,10706.88913215
2023-04-11,10788.73581938
2023-04-12,10788.76211469
2023-04-13,10855.44067606
2023-04-14,10935.63654561
2023-04-15,10935.63654561
2023-04-16,10935.63154561
2023-04-17,10951.80502271
2023-04-18,11014.83845391
2023-04-19,11011.27870007
2023-04-20,11034.22992461
2023-04-21,10994.96839986
2023-04-22,10994.96839986
2023-04-23,10994.96839986
2023-04-24,11015.22241601
2023-04-25,11033.17950813
2023-04-26,10989.18294297
2023-04-27,10963.6622617
2023-04-28,11137.79875977
2023-04-29,11137.79875977
2023-04-30,11137.79365977
2023-05-01,11151.17346552
2023-05-02,10984.3527679
2023-05-03,11014.86682806
2023-05-04,11027.05975623
2023-05-05,11038.98143847
2023-05-06,11039.00129347
2023-05-07,11038.99904347
2023-05-08,11080.69934242
2023-05-09,11079.89760221
2023-05-10,11132.2878072
2023-05-11,11121.3994044
2023-05-12,11147.72318029
2023-05-13,11147.72368029
2023-05-14,11147.72368029
2023-05-15,11242.91852834
2023-05-16,11220.0537995
2023-05-17,11221.2025362
2023-05-18,11218.83817061
2023-05-19,11248.11559422
2023-05-20,11248.11559422
2023-05-21,11248.11709421
2023-05-22,11196.67626963
2023-05-23,11186.00100413
2023-05-24,11080.83744231
2023-05-25,10996.55500917
2023-05-26,11082.85218119
2023-05-27,11082.86131146
2023-05-28,11082.86131146
2023-05-29,11086.69833498
2023-05-30,10937.52117491
2023-05-31,11021.06168924
2023-06-01,10980.68668778
2023-06-02,10993.9681263
2023-06-03,10993.9481263
2023-06-04,10993.9478633
2023-06-05,10962.36674624
2023-06-06,10992.59266433
2023-06-07,10972.50126331
2023-06-08,10960.3543619
2023-06-09,10972.44593565
2023-06-10,10972.44493565
2023-06-11,10972.44493565
2023-06-12,10987.86171982
2023-06-13,10979.67037545
2023-06-14,10974.37843441
2023-06-15,11071.89161642
2023-06-16,11113.9343067
2023-06-17,11113.9343067
2023-06-18,11113.9365567
2023-06-19,11117.05067553
2023-06-20,11033.10794402
2023-06-21,11046.83552125
2023-06-22,11076.71146436
2023-06-23,11115.29613974
2023-06-24,11115.29613974
2023-06-25,11115.28013974
2023-06-26,11071.67624416
2023-06-27,11053.74229508
2023-06-28,11082.09759731
2023-06-29,11091.66983347
2023-06-30,11138.79085952
2023-07-01,11138.79018602
2023-07-02,11138.79009102
2023-07-03,11178.53594801
2023-07-04,11178.91616566
2023-07-05,11007.24338562
2023-07-06,11039.40335698
2023-07-07,11085.13717011
2023-07-08,11085.12717011
2023-07-09,11085.12517011
2023-07-10,11357.09250174
2023-07-11,11376.25085101
2023-07-12,11273.97159683
2023-07-13,11299.52793267
2023-07-14,11320.82980107
2023-07-15,11320.82980107
2023-07-16,11320.82980107
2023-07-17,11298.1687052
2023-07-18,11330.95925706
2023-07-19,11330.28768852
2023-07-20,11324.67098241
2023-07-21,11337.45601114
2023-07-22,11337.45031114
2023-07-23,11337.45031114
2023-07-24,11337.15744999
2023-07-25,11306.21535322
2023-07-26,11299.28054514
2023-07-27,11304.88496494
2023-07-28,11283.07136948
2023-07-29,11283.07054899
2023-07-30,11283.07036199
2023-07-31,11353.89751554
2023-08-01,11337.37013202
2023-08-02,11341.22603914
2023-08-03,11335.82908913
2023-08-04,11355.64830396
2023-08-05,11355.64830396
2023-08-06,11355.63330396
2023-08-07,11330.7195807
2023-08-08,11351.081487
2023-08-09,11403.14867287
2023-08-10,11378.67247018
2023-08-11,11338.69595043
2023-08-12,11338.69521043
2023-08-13,11338.69521043
2023-08-14,11335.5023375
2023-08-15,11426.37474638
2023-08-16,11438.74384574
2023-08-17,11409.30361032
2023-08-18,11457.91779377
2023-08-19,11457.91379377
2023-08-20,11457.97129377
2023-08-21,11402.4422828
2023-08-22,11381.13037769
2023-08-23,11352.5164538
2023-08-24,11247.67314051
2023-08-25,11218.03406539
2023-08-26,11218.03181539
2023-08-27,11218.03181539
2023-08-28,11220.18454825
2023-08-29,11185.9064408
2023-08-30,11242.04811096
2023-08-31,11320.87790022
2023-09-01,11345.48658761
2023-09-02,11345.48618261
2023-09-03,11345.48142261
2023-09-04,11351.16806246
2023-09-05,11221.8840764
2023-09-06,11210.28648898
2023-09-07,11168.84053216
2023-09-08,11146.32738685
2023-09-09,11146.32738685
2023-09-10,11146.32738685
2023-09-11,11212.29849504
2023-09-12,11269.64868688
2023-09-13,11239.25033355
2023-09-14,11306.81212705
2023-09-15,11306.8157422
2023-09-16,11306.8157422
2023-09-17,11306.8157422
2023-09-18,11329.81284981
2023-09-19,11325.93352578
2023-09-20,11300.90757045
2023-09-21,11236.96198665
2023-09-22,11262.22179494
2023-09-23,11262.21840494
2023-09-24,11262.2168332
2023-09-25,11286.29490455
2023-09-26,11336.85871724
2023-09-27,11322.87577809
2023-09-28,11214.47043046
2023-09-29,11333.6453815
2023-09-30,11333.6419595
2023-10-01,11333.6417655
2023-10-02,11211.52235175
2023-10-03,11206.11908627
2023-10-04,11201.93583486
2023-10-05,11282.21339886
2023-10-06,11192.65258909
2023-10-07,11192.65108909
2023-10-08,11192.65108909
2023-10-09,11196.85979829
2023-10-10,11229.13839047
2023-10-11,11167.92249702
2023-10-12,11200.2131453
2023-10-13,11226.96579035
2023-10-14,11226.96179035
2023-10-15,11226.96179035
2023-10-16,11261.85389161
2023-10-17,11277.55322357
2023-10-18,11284.53651311
2023-10-19,11322.7806775
2023-10-20,11333.24563485
2023-10-21,11333.24458156
2023-10-22,11333.24458156
2023-10-23,11335.06170821
2023-10-24,11345.58140491
2023-10-25,11367.0499032
2023-10-26,11386.40152804
2023-10-27,11380.92036453
2023-10-28,11380.92036453
2023-10-29,11380.92036453
2023-10-30,11400.71987309
2023-10-31,11493.50023052
2023-11-01,11516.62158617
2023-11-02,11441.39585312
2023-11-03,11432.58064125
2023-11-04,11432.58064125
2023-11-05,11432.57959125
2023-11-06,11416.94751838
2023-11-07,11458.75002201
2023-11-08,11452.76317401
2023-11-09,11483.46232213
2023-11-10,11466.07753666
2023-11-11,11466.07753666
2023-11-12,11466.06953666
2023-11-13,12847.30205117
2023-11-14,12909.71945707
2023-11-15,12964.20871177
2023-11-16,12894.22451034
2023-11-17,12893.18118448
2023-11-18,12893.18118448
2023-11-19,12893.18118448
2023-11-20,12878.268403
2023-11-21,12892.59579153
2023-11-22,13003.20561002
2023-11-23,13004.48745401
2023-11-24,12755.76634601
2023-11-25,12755.93371039
2023-11-26,12755.92055028
2023-11-27,12706.83413275
2023-11-28,12753.52754076
2023-11-29,12784.62289644
2023-11-30,12876.93603778
2023-12-01,12917.48939837
2023-12-02,12917.48939837
2023-12-03,12917.48939837
2023-12-04,12953.83379551
2023-12-05,12948.9217614
2023-12-06,13043.78974744
2023-12-07,13033.59666928
2023-12-08,13066.01127812
2023-12-09,13066.01127812
2023-12-10,13066.01127812
2023-12-11,13033.54422124
2023-12-12,13034.69873914
2023-12-13,13082.567029
2023-12-14,13154.75323699
2023-12-15,13072.03106095
2023-12-16,13072.01991325
2023-12-17,13072.01991325
2023-12-18,13057.02385566
2023-12-19,13147.98344026
2023-12-20,13186.71388851
2023-12-21,13164.73472263
2023-12-22,13170.60361208
2023-12-23,13170.60745145
2023-12-24,13170.60745145
2023-12-25,13170.60745145
2023-12-26,13135.97615029
2023-12-27,13139.33792961
2023-12-28,13204.89962314
2023-12-29,13218.9194218
2023-12-30,13218.91610914
2023-12-31,13218.91280914
2024-01-01,13218.91276414
2024-01-02,13164.61583643
2024-01-03,13188.4001389
2024-01-04,13158.80120778
2024-01-05,13155.7333717
2024-01-06,13155.7326217
2024-01-07,13155.7325297
2024-01-08,13189.85885074
2024-01-09,13202.42831947
2024-01-10,13187.21943399
2024-01-11,13979.13997742
2024-01-12,14281.93355375
2024-01-13,14281.10416798
2024-01-14,14281.10406098
2024-01-15,14284.75481986
2024-01-16,14251.91234938
2024-01-17,14239.07259772
2024-01-18,14227.7131915
2024-01-19,14246.75490836
2024-01-20,14246.75490836
2024-01-21,14246.75440836
2024-01-22,14218.53121096
2024-01-23,14256.43521973
2024-01-24,14238.82212142
2024-01-25,14216.06896693
2024-01-26,14220.47343559
2024-01-27,14220.47273559
2024-01-28,14220.47273559
2024-01-29,14220.45677472
2024-01-30,14228.60759086
2024-01-31,14337.06231155
2024-02-01,14281.2828771
2024-02-02,14238.21531179
2024-02-03,14238.21451179
2024-02-04,14238.21041179
2024-02-05,14216.72261438
2024-02-06,14174.49708344
2024-02-07,14212.99531665
2024-02-08,14221.22793846
2024-02-09,14193.29440349
2024-02-10,14193.29240349
2024-02-11,14193.29240349
2024-02-12,14176.75116768
2024-02-13,14131.02987579
2024-02-14,14065.40685887
2024-02-15,14164.70162915
2024-02-16,14188.29734241
2024-02-17,14188.30654241
2024-02-18,14188.30654241
2024-02-19,14192.67036784
2024-02-20,14166.15295113
2024-02-21,14121.02003846
2024-02-22,13902.67564075
2024-02-23,13708.90319339
2024-02-24,13708.90319339
2024-02-25,13708.90319339
2024-02-26,13702.74464981
2024-02-27,13725.77427417
2024-02-28,13707.28372298
2024-02-29,13756.76008629
2024-03-01,13705.81526197
2024-03-02,13705.80386095
2024-03-03,13705.79086095
2024-03-04,13766.34030692
2024-03-05,13824.78411592
2024-03-06,13884.3187374
2024-03-07,13118.78677855
2024-03-08,13117.00094134
2024-03-09,13117.02086345
2024-03-10,13117.02086345
2024-03-11,13102.35569705
2024-03-12,13102.30019334
2024-03-13,13115.88709615
2024-03-14,13113.02980204
2024-03-15,13191.17676153
2024-03-16,13191.17144033
2024-03-17,13191.17089472
2024-03-18,13183.91669011
2024-03-19,13241.17195756
2024-03-20,13272.36994877
2024-03-21,13317.13431175
2024-03-22,13324.62104377
2024-03-23,13324.62980377
2024-03-24,13324.62980377
2024-03-25,13297.33747186
2024-03-26,13337.66724016
2024-03-27,13383.94513014
2024-03-28,13386.94220134
2024-03-29,13387.62006205
2024-03-30,13387.62092405
2024-03-31,13387.62037905
2024-04-01,13302.79861059
2024-04-02,13289.20241159
2024-04-03,13338.72076359
2024-04-04,13398.99618364
2024-04-05,13352.95725981
2024-04-06,13352.95657981
2024-04-07,13352.99084481
2024-04-08,13400.31896547
2024-04-09,13484.11704733
2024-04-10,13463.4800988
2024-04-11,13437.51103319
2024-04-12,13457.03711356
2024-04-13,13457.03564052
2024-04-14,13457.02881352
2024-04-15,13448.91029091
2024-04-16,13469.14242741
2024-04-17,13490.76624607
2024-04-18,13453.82119114
2024-04-19,13468.80497016
2024-04-20,13468.80597016
2024-04-21,13468.79635678
2024-04-22,13486.9784235
2024-04-23,13485.24934924
2024-04-24,13511.30435508
2024-04-25,13481.48749334
2024-04-26,13526.45089187
2024-04-27,13526.45017687
2024-04-28,13526.45837687
2024-04-29,13459.6713794
2024-04-30,13551.48527088
2024-05-01,13582.30898091
2024-05-02,13531.78743091
2024-05-03,13523.1344052
2024-05-04,13523.2053007
2024-05-05,13523.2148007
2024-05-06,13498.12593618
2024-05-07,13487.72037906
2024-05-08,13428.99761532
2024-05-09,13501.3430526
2024-05-10,13461.20415281
2024-05-11,13461.19701781
2024-05-12,13461.19581781
2024-05-13,13442.61888072
2024-05-14,13487.96695613
2024-05-15,13534.08999
2024-05-16,13468.05384351
2024-05-17,13465.4553033
2024-05-18,13465.4553033
2024-05-19,13465.4553033
2024-05-20,13307.82774835
2024-05-21,13183.44868734
2024-05-22,13193.74808845
2024-05-23,13119.0712209
2024-05-24,13183.27169949
2024-05-25,13183.27714449
2024-05-26,13183.28264449
2024-05-27,13186.98876888
2024-05-28,13050.32216203
2024-05-29,12933.33503436
2024-05-30,12870.94081721
2024-05-31,13009.64368813
2024-06-01,13009.64368813
2024-06-02,13009.63880215
2024-06-03,12928.76356118
2024-06-04,13094.04169848
2024-06-05,12995.15367029
2024-06-06,12978.59446938
2024-06-07,12961.88121102
2024-06-08,12961.8375905
2024-06-09,12961.8373905
2024-06-10,12934.77037735
2024-06-11,12948.19638995
2024-06-12,13026.44821818
2024-06-13,12986.49250181
2024-06-14,12921.21850866
2024-06-15,12921.21100866
2024-06-16,12921.20950866
2024-06-17,13053.7875123
2024-06-18,13735.04165733
2024-06-19,13734.30928402
2024-06-20,13602.55801745
2024-06-21,13581.98031063
2024-06-22,13581.98031063
2024-06-23,13581.99143663
2024-06-24,13656.11588915
2024-06-25,13689.43397664
2024-06-26,13686.98806125
2024-06-27,13705.8723506
2024-06-28,13743.25413137
2024-06-29,13743.30263137
2024-06-30,13743.30260137
2024-07-01,13718.56738196
2024-07-02,13758.94740439
2024-07-03,13803.76444758
2024-07-04,13803.13270784
2024-07-05,13771.4431327
2024-07-06,13771.9431327
2024-07-07,13771.9417327
2024-07-08,13731.77818653
2024-07-09,13818.19211611
2024-07-10,13842.56358131
2024-07-11,13949.19912643
2024-07-12,14003.84787146
2024-07-13,14003.85331077
2024-07-14,14003.84830277
2024-07-15,13982.47726782
2024-07-16,13928.46240779
2024-07-17,13887.33790276
2024-07-18,13915.85093036
2024-07-19,13888.33797156
2024-07-20,13888.33797156
2024-07-21,13888.33797156
2024-07-22,13885.33479556
2024-07-23,14040.97934074
2024-07-24,13912.58758418
2024-07-25,13913.39269525
2024-07-26,13876.62224771
2024-07-27,13876.62699569
2024-07-28,13876.62664569
2024-07-29,13863.95842123
2024-07-30,13911.15919813
2024-07-31,14061.19830265
2024-08-01,13986.96340886
2024-08-02,14032.91607969
2024-08-03,14032.91065969
2024-08-04,14032.91285769
2024-08-05,14075.82474386
2024-08-06,13986.1570323
2024-08-07,13935.1996845
2024-08-08,13951.87006866
2024-08-09,13862.80841567
2024-08-10,13862.80811967
2024-08-11,13862.80811967
2024-08-12,13883.4831276
2024-08-13,13940.68892504
2024-08-14,14013.63041072
2024-08-15,13991.58348105
2024-08-16,14024.64413303
2024-08-17,14024.64413303
2024-08-18,14024.64413303
2024-08-19,14032.56068136
2024-08-20,14046.33015032
2024-08-21,14053.70900068
2024-08-22,14066.21898484
2024-08-23,14048.16186087
2024-08-24,14048.15130887
2024-08-25,14048.15380887
2024-08-26,14008.85160355
2024-08-27,14023.47659669
2024-08-28,14073.9025851
2024-08-29,14076.42203502
2024-08-30,14212.45120926
2024-08-31,14212.45052905
2024-09-01,14212.45008905
2024-09-02,14214.64140451
2024-09-03,13984.76699255
2024-09-04,13987.15100559
2024-09-05,14038.40099325
2024-09-06,14070.54982491
2024-09-07,14070.54801491
2024-09-08,14070.54921491
2024-09-09,14021.32917253
2024-09-10,14102.09771986
2024-09-11,14101.3683942
2024-09-12,14205.75927483
2024-09-13,14084.77618735
2024-09-14,14084.77618735
2024-09-15,14084.77648735
2024-09-16,14115.11360643
2024-09-17,14159.37511221
2024-09-18,14081.09370129
2024-09-19,14033.3999075
2024-09-20,14044.59474424
2024-09-21,14044.57824424
2024-09-22,14044.58699624
2024-09-23,14028.04295763
2024-09-24,14093.28986875
2024-09-25,14103.62722124
2024-09-26,14089.67859779
2024-09-27,14178.78791415
2024-09-28,14178.78891415
2024-09-29,14178.78641415
2024-09-30,14199.84498755
2024-10-01,14145.78740753
2024-10-02,14104.58753573
2024-10-03,14125.64508165
2024-10-04,14088.85231952
2024-10-05,14088.85163154
2024-10-06,14088.84586154
2024-10-07,14067.35719158
2024-10-08,14032.54005192
2024-10-09,14016.54140024
2024-10-10,14033.5794373
2024-10-11,14121.14948309
2024-10-12,14121.14947363
2024-10-13,14121.14467363
2024-10-14,14124.5892829
2024-10-15,14083.37372264
2024-10-16,14088.74869192
2024-10-17,14134.19612676
2024-10-18,14149.16175662
2024-10-19,14149.15869662
2024-10-20,14149.15842462
2024-10-21,14081.42560235
2024-10-22,14154.29523994
2024-10-23,14124.41001548
2024-10-24,14144.68674662
2024-10-25,14124.21628374
2024-10-26,14124.21563874
2024-10-27,14124.22463874
2024-10-28,14105.29622289
2024-10-29,14167.39465453
2024-10-30,14118.66032094
2024-10-31,14184.32447122
2024-11-01,14027.40656218
2024-11-02,14027.40410349
2024-11-03,14027.403353
2024-11-04,14059.01458006
2024-11-05,14097.74866087
2024-11-06,14027.31082586
2024-11-07,13901.19993401
2024-11-08,14000.85530941
2024-11-09,14000.85530941
2024-11-10,14000.85378741
2024-11-11,14003.53354489
2024-11-12,13928.62085601
2024-11-13,13909.55728132
2024-11-14,13941.52867697
2024-11-15,13964.95785839
2024-11-16,13964.96785839
2024-11-17,13964.96745839
2024-11-18,13918.69726393
2024-11-19,13939.75617852
2024-11-20,13923.5382228
2024-11-21,13852.43958505
2024-11-22,13806.11529542
2024-11-23,13806.11239142
2024-11-24,13806.11239142
2024-11-25,13801.87115348
2024-11-26,13860.38657548
2024-11-27,13947.85226578
2024-11-28,13949.91165258
2024-11-29,14057.42392534
2024-11-30,14057.42124734
2024-12-01,14057.42524734
2024-12-02,13948.6333898
2024-12-03,13994.85455098
2024-12-04,14126.63712911
2024-12-05,14144.67951893
2024-12-06,14070.33053486
2024-12-07,14070.33657386
2024-12-08,14070.33562386
2024-12-09,14089.98771115
2024-12-10,14075.05595834
2024-12-11,14088.42633303
2024-12-12,14174.12009136
2024-12-13,14079.9374489
2024-12-14,14079.89231447
2024-12-15,14079.89231447
2024-12-16,14078.71600392
2024-12-17,14119.76678763
2024-12-18,14063.77642045
2024-12-19,14074.44858485
2024-12-20,14072.14904043
2024-12-21,14072.14814043
2024-12-22,14072.14804043
2024-12-23,14109.20059832
2024-12-24,14116.74053859
2024-12-25,14116.76064259
2024-12-26,14057.90352911
2024-12-27,14069.37971143
2024-12-28,14069.37871143
2024-12-29,14069.37933143
2024-12-30,14152.09330996
2024-12-31,14170.61318923
2025-01-01,14170.61487923
2025-01-02,14050.29230377
2025-01-03,14042.21409832
2025-01-04,14042.22031844
2025-01-05,14042.21611844
2025-01-06,14061.60696096
2025-01-07,14134.11993556
2025-01-08,14122.40375801
2025-01-09,14198.37852988
2025-01-10,14126.32606795
2025-01-11,14126.32549795
2025-01-12,14126.32549795
2025-01-13,14119.78175356
2025-01-14,14134.31812726
2025-01-15,14227.94576023
2025-01-16,14175.46510753
2025-01-17,14324.36889284
2025-01-18,14324.36775284
2025-01-19,14324.37501784
2025-01-20,14330.82318803
2025-01-21,14275.83423586
2025-01-22,14205.74777514
2025-01-23,14217.48875362
2025-01-24,14175.06271729
2025-01-25,14175.06421729
2025-01-26,14175.06371229
2025-01-27,14203.09092816
2025-01-28,14266.26802746
2025-01-29,14240.0248761
2025-01-30,14294.59926448
2025-01-31,14458.01308255
2025-02-01,14458.01606657
2025-02-02,14458.01464557
2025-02-03,14333.49858314
2025-02-04,14320.90480062
2025-02-05,14380.5459743
2025-02-06,14354.31410687
2025-02-07,14341.49556054
2025-02-08,14341.49536515
2025-02-09,14341.49536515
2025-02-10,14356.37430545
2025-02-11,14353.81456972
2025-02-12,14400.38567798
2025-02-13,14350.27536972
2025-02-14,14461.85765959
2025-02-15,14461.84965959
2025-02-16,14461.84365514
2025-02-17,14464.08368005
2025-02-18,14448.57636521
2025-02-19,14428.01573298
2025-02-20,14427.92040246
2025-02-21,14407.3298999
2025-02-22,14407.3290999
2025-02-23,14407.3290999
2025-02-24,14451.82323467
2025-02-25,14563.77192266
2025-02-26,14682.86012776
2025-02-27,14537.1668846
2025-02-28,14575.33992382
2025-03-01,14575.36378101
2025-03-02,14575.36333101
2025-03-03,14508.89564232
2025-03-04,14508.44031893
2025-03-05,14542.65116413
2025-03-06,14520.04121978
2025-03-07,14474.32637372
2025-03-08,14474.30617372
2025-03-09,14474.29167372
2025-03-10,14479.78992634
2025-03-11,14492.73550546
2025-03-12,14486.82106643
2025-03-13,14517.88697077
2025-03-14,14502.72072765
2025-03-15,14502.72072765
2025-03-16,14502.72072765
2025-03-17,14529.39645867
2025-03-18,14508.2207695
2025-03-19,14489.54989432
2025-03-20,14592.57374099
2025-03-21,14552.58322187
2025-03-22,14552.58322187
2025-03-23,14552.58279128
2025-03-24,14544.67562329
2025-03-25,14614.01925267
2025-03-26,14570.44059787
2025-03-27,14605.71193511
2025-03-28,14592.44848034
2025-03-29,14592.44178424
2025-03-30,14592.43641459
2025-03-31,14639.02401384
2025-04-01,14557.59710376
2025-04-02,14527.14809067
2025-04-03,14588.03173638
2025-04-04,14640.45226212
2025-04-05,14640.45237624
2025-04-06,14640.45209424
2025-04-07,14661.97214054
2025-04-08,14630.37420674
2025-04-09,14598.0182713
2025-04-10,14608.70327543
2025-04-11,14622.14186296
2025-04-12,14621.34186296
2025-04-13,14621.34186296
2025-04-14,14744.84593783
2025-04-15,14836.75245841
2025-04-16,14815.47502575
2025-04-17,14814.54083491
2025-04-18,14815.48131436
2025-04-19,14815.48131436
2025-04-20,14815.47799163
2025-04-21,14960.62692571
2025-04-22,14954.70758935
2025-04-23,14850.90727437
2025-04-24,14401.25846185
2025-04-25,14399.49936565
2025-04-26,14399.50383565
2025-04-27,14399.50373565
2025-04-28,14415.51121864
2025-04-29,14481.4907352
2025-04-30,14660.88017842
2025-05-01,14655.14413803
2025-05-02,14386.88029111
2025-05-03,14386.87809111
2025-05-04,14386.87750849
2025-05-05,14364.11380176
2025-05-06,14379.5260948
2025-05-07,14383.0480866
2025-05-08,14323.93926426
2025-05-09,14232.461958
2025-05-10,14232.464458
2025-05-11,14232.464007
2025-05-12,14340.94517452
2025-05-13,14324.68401827
2025-05-14,14299.94372319
2025-05-15,14357.7926599
2025-05-16,14290.30185383
2025-05-17,14290.28934883
2025-05-18,14290.28684883
2025-05-19,14293.58189568
2025-05-20,14340.98691169
2025-05-21,14305.35747519
2025-05-22,14359.27316017
2025-05-23,14463.01792737
2025-05-24,14463.00292737
2025-05-25,14462.99542737
2025-05-26,14465.27704827
2025-05-27,14267.62749325
2025-05-28,14263.39385998
2025-05-29,14279.54640909
2025-05-30,14376.1316829
2025-05-31,14376.1260829
2025-06-01,14376.1259929
2025-06-02,14271.77559403
2025-06-03,14345.09831976
2025-06-04,14373.91242694
2025-06-05,14375.779774
2025-06-06,14390.8501966
2025-06-07,14390.8491966
2025-06-08,14390.8493566
2025-06-09,14387.64287049
2025-06-10,14476.51495232
2025-06-11,14447.2951113
2025-06-12,14537.41885723
2025-06-13,14423.17518149
2025-06-14,14423.18238149
2025-06-15,14423.17963149
2025-06-16,14358.14414471
2025-06-17,14434.85523233
2025-06-18,14550.9343219
2025-06-19,14558.79976234
2025-06-20,14464.56918141
2025-06-21,14464.56442141
2025-06-22,14464.55081641
2025-06-23,14527.02483442
2025-06-24,14598.2459931
2025-06-25,14633.70349427
2025-06-26,14633.97915016
2025-06-27,14633.41074888
2025-06-28,14633.41574088
2025-06-29,14633.41463688
2025-06-30,14811.66793334
2025-07-01,14728.89761769
2025-07-02,14679.3818998
2025-07-03,14876.43463351
2025-07-04,14880.06070186
2025-07-05,14880.26179396
2025-07-06,14880.25485796
2025-07-07,14798.09171819
2025-07-08,14822.97381169
2025-07-09,14799.05797537
2025-07-10,14817.93042522
2025-07-11,14805.66458958
2025-07-12,14805.66458958
2025-07-13,14805.66458958
2025-07-14,14815.96716638
2025-07-15,14846.48342407
2025-07-16,14639.03175608
2025-07-17,14496.58786313
2025-07-18,14504.29182284
2025-07-19,14504.30932284
2025-07-20,14504.30682284
2025-07-21,14552.66532999
2025-07-22,14547.3121254
2025-07-23,14529.26284129
2025-07-24,14507.7236242
2025-07-25,14509.47068162
2025-07-26,14509.45568162
2025-07-27,14509.44249262
2025-07-28,14539.29430875
2025-07-29,14567.34514656
2025-07-30,14441.10004498
2025-07-31,14605.43780327
2025-08-01,14561.43878074
2025-08-02,14561.43238074
2025-08-03,14561.46520074
2025-08-04,14576.58863668
2025-08-05,14605.20234136
2025-08-06,14704.16253529
2025-08-07,14627.34370278
2025-08-08,14644.32124064
2025-08-09,14644.32174064
2025-08-10,14644.32173108
2025-08-11,14699.07531042
2025-08-12,14646.00735557
2025-08-13,14637.5173437
2025-08-14,14805.49258843
2025-08-15,14802.30467511
2025-08-16,14802.29969711
2025-08-17,14802.29990403
2025-08-18,14671.22653603
2025-08-19,14722.78256526
2025-08-20,14774.50129328
2025-08-21,14827.73317758
2025-08-22,14984.08301422
2025-08-23,14984.06841422
2025-08-24,14984.06561422
2025-08-25,15021.65670027
2025-08-26,15092.1436753
2025-08-27,15038.92215571
2025-08-28,15030.13174741
2025-08-29,15246.42921581
2025-08-30,15246.42920781
2025-08-31,15246.42420781
2025-09-01,15250.18141302
2025-09-02,14977.97849964
2025-09-03,15484.85069854
2025-09-04,15611.11177446
2025-09-05,15581.51827818
2025-09-06,15581.51712818
2025-09-07,15581.51997818
2025-09-08,15553.08036051
2025-09-09,15643.23397316
2025-09-10,15552.55048216
2025-09-11,15629.20250901
2025-09-12,15587.9985688
2025-09-13,15587.9985688
2025-09-14,15588.0015688
2025-09-15,15595.43455186
2025-09-16,15655.73830332
2025-09-17,15592.85063928
2025-09-18,15669.15414062
2025-09-19,15608.82954161
2025-09-20,15608.82647961
2025-09-21,15608.82347961
2025-09-22,15616.69936104
2025-09-23,15625.91455148
2025-09-24,15647.37182051
2025-09-25,15698.08334389
2025-09-26,15657.86885241
2025-09-27,15657.86816241
2025-09-28,15657.86475241
2025-09-29,15680.89780357
2025-09-30,15783.52654689
2025-10-01,15628.14509027
2025-10-02,15690.29545301
2025-10-03,15627.43370376
2025-10-04,15627.41765376
2025-10-05,15627.41180703
2025-10-06,15565.96982912
2025-10-07,15634.14627311
2025-10-08,15681.82624739
2025-10-09,15756.94193888
2025-10-10,15785.541696
2025-10-11,15785.549696
2025-10-12,15785.549496
2025-10-13,15790.64214306
2025-10-14,15765.97047236
2025-10-15,15753.84673387
2025-10-16,15825.32409447
2025-10-17,15802.83200338
2025-10-18,15802.82900338
2025-10-19,15802.82859638
2025-10-20,15858.10203406
2025-10-21,15847.49741551
2025-10-22,15913.16514755
2025-10-23,16031.62635614
2025-10-24,16025.08967484
2025-10-25,16025.08437484
2025-10-26,16025.08437484
2025-10-27,15952.32199236
2025-10-28,16015.78640795
2025-10-29,15929.55571463
2025-10-30,15982.15258775
2025-10-31,16074.98099668
2025-11-01,16074.98149668
2025-11-02,16074.97941468
2025-11-03,15892.69473892
2025-11-04,15933.06439328
2025-11-05,15933.4078467
2025-11-06,15974.42417845
2025-11-07,15970.42533401
2025-11-08,15970.42333401
2025-11-09,15970.42156401
2025-11-10,16023.95413805
2025-11-11,16026.73712756
2025-11-12,15950.78582701
2025-11-13,15965.70441189
2025-11-14,15896.03149229
2025-11-15,15896.03244229
2025-11-16,15896.03599229
2025-11-17,15951.47969952
2025-11-18,15922.17829393
2025-11-19,15894.27283073
2025-11-20,15976.77428507
2025-11-21,16041.85685082
2025-11-22,16041.858808
2025-11-23,16041.857658
2025-11-24,17256.00214636
2025-11-25,17257.66122684
2025-11-26,17136.93065504
2025-11-27,17139.61209653
2025-11-28,17094.74551724
2025-11-29,17094.7503601
2025-11-30,17094.76286011
2025-12-01,17090.81833709
2025-12-02,17130.20256346
2025-12-03,17268.57208483
2025-12-04,17216.96042098
2025-12-05,17131.13230177
2025-12-06,17131.13091277
2025-12-07,17131.12467777
2025-12-08,17065.19180992
2025-12-09,17025.802156
2025-12-10,17049.77966894
2025-12-11,17046.57923267
2025-12-12,16974.68151351
2025-12-13,16974.68150405
2025-12-14,16974.68030405
2025-12-15,17055.87871875
2025-12-16,17067.48720233
2025-12-17,17017.71223762
2025-12-18,17096.29657042
2025-12-19,16954.15749843
2025-12-20,16954.16849843
2025-12-21,16954.16241698
2025-12-22,16923.24561266
2025-12-23,16908.59041082
2025-12-24,16870.04319138
2025-12-25,16870.43620598
2025-12-26,16932.18270459
2025-12-27,16932.17950459
2025-12-28,16932.13877659
2025-12-29,16964.92053019
2025-12-30,17086.05422075
2025-12-31,17081.66343027
2026-01-01,17081.67476451
2026-01-02,17030.7057305
2026-01-03,17030.69555282
2026-01-04,17030.69441082
2026-01-05,17038.07316699
2026-01-06,17095.3426726
2026-01-07,17031.27688111
2026-01-08,17084.19793924
2026-01-09,17084.00818338
2026-01-10,17084.01748338
2026-01-11,17084.01435338
2026-01-12,17066.3125553
2026-01-13,17128.0661259
2026-01-14,17194.47615047
2026-01-15,17404.76648187
2026-01-16,17426.55820005
2026-01-17,17426.56720005
2026-01-18,17426.56221305
2026-01-19,18550.43990372
2026-01-20,18540.33650158
2026-01-21,18510.86788502
2026-01-22,18417.7085685
2026-01-23,18479.09737955
2026-01-24,18479.08717255
2026-01-25,18479.07605344
2026-01-26,18515.77338351
2026-01-27,18567.39664387
2026-01-28,18528.55313774
2026-01-29,18582.79090921
2026-01-30,18623.92959879
2026-01-31,18623.92352096
2026-02-01,18623.92422596
2026-02-02,18497.14296761
2026-02-03,18530.14049127
2026-02-04,18559.96316695
2026-02-05,18585.83397038
2026-02-06,18606.28677011
2026-02-07,18606.28367511
2026-02-08,18606.28337511
2026-02-09,18579.10211347
2026-02-10,18646.56237576
2026-02-11,18707.90228149
2026-02-12,18772.31281827
2026-02-13,18891.83478474
2026-02-14,18891.82861233
2026-02-15,18891.82001233
2026-02-16,18895.29709358
2026-02-17,18808.26979043
2026-02-18,18798.04487349
2026-02-19,18914.54397427
2026-02-20,18942.01020099
2026-02-21,18942.00978299
2026-02-22,18942.01328299
2026-02-23,18931.6140567
2026-02-24,18988.14195403
2026-02-25,19038.43006706
2026-02-26,19159.04805901
2026-02-27,19205.21849134
2026-02-28,19205.21715634
2026-03-01,19205.21449535
2026-03-02,19115.70912712
2026-03-03,19045.22312299
2026-03-04,19065.15684179
2026-03-05,19166.51854534
2026-03-06,19112.44681848
2026-03-07,19112.43916848
2026-03-08,19112.43539248
2026-03-09,19092.06215346
2026-03-10,19087.26411451
2026-03-11,19057.87922458
2026-03-12,19069.89504519
2026-03-13,19121.9044431
2026-03-14,19121.9027931
2026-03-15,19121.8975931
2026-03-16,19111.32868436
2026-03-17,19223.7549436
2026-03-18,19274.48898123
2026-03-19,19169.48894086
2026-03-20,19150.70708868
2026-03-21,19150.69221768
2026-03-22,19150.69201768
2026-03-23,19158.81091659
2026-03-24,19199.75314658
2026-03-25,19188.20303379
2026-03-26,19145.3695186
2026-03-27,19072.40712049
2026-03-28,19072.40233549
2026-03-29,19072.40009933
2026-03-30,19074.03595512
2026-03-31,19228.54262308
2026-04-01,19190.62200451
2026-04-02,19181.33632078
2026-04-03,19171.37852364
2026-04-04,19171.37752364
2026-04-05,19171.37741631
2026-04-06,19233.17527887
2026-04-07,19289.37577692
2026-04-08,19388.59138189
2026-04-09,19419.7598176
2026-04-10,19422.08536073
2026-04-11,19422.07548873
2026-04-12,19422.07562673
2026-04-13,19412.92747829
2026-04-14,19512.84624403
2026-04-15,19635.37003703
2026-04-16,19650.36819763
2026-04-17,19656.57773309
2026-04-18,19656.57724309
2026-04-19,19656.57724309
2026-04-20,19629.67370911
2026-04-21,19682.21338493
2026-04-22,19645.33288631
2026-04-23,19671.31110733
2026-04-24,19676.90131092
2026-04-25,19677.00101092
2026-04-26,19677.00101092
2026-04-27,19635.11784918
2026-04-28,19679.98981832
2026-04-29,20907.87632816
2026-04-30,20970.14082902
2026-05-01,20972.92399995
2026-05-02,20972.92374995
2026-05-03,20972.92332154
2026-05-04,20722.09273729
2026-05-05,20757.65067879
2026-05-06,20827.51161025
2026-05-07,20747.83346506
2026-05-08,20761.11670766
2026-05-09,20761.11970766
2026-05-10,20761.12670766
2026-05-11,20776.47091645
2026-05-12,20764.62437914
2026-05-13,20701.39618574
2026-05-14,20733.31995303
2026-05-15,20703.75447021
2026-05-16,20703.75447021
2026-05-17,20703.75701021
2026-05-18,20639.11212335
2026-05-19,20716.56896339
2026-05-20,20566.94326144
2026-05-21,20602.14882585
2026-05-22,20637.06493624
2026-05-23,20637.06153624
2026-05-24,20637.06153624
2026-05-25,20653.05583226
2026-05-26,20417.01681858
2026-05-27,20407.43690606
2026-05-28,20339.29463501
2026-05-29,20341.66476467
2026-05-30,20341.65871597
2026-05-31,20341.65719997
2026-06-01,20290.99623622
2026-06-02,20335.07363004
2026-06-03,20393.46238424
2026-06-04,20356.11721016
2026-06-05,20298.98017428
2026-06-06,20298.98017428
2026-06-07,20298.98192428
2026-06-08,20291.46654839
2026-06-09,20327.97954644
2026-06-10,20388.81140279
2026-06-11,20310.51619901
2026-06-12,20272.06136774
2026-06-13,20272.06136774
2026-06-14,20272.06136774
2026-06-15,20358.7927033
2026-06-16,20417.24942666
2026-06-17,20613.37668066
2026-06-18,20705.21060376
2026-06-19,20704.166391
2026-06-20,20704.164471
2026-06-21,20704.159471
2026-06-22,20551.796396
2026-06-23,20547.57514564
2026-06-24,20552.74270452
2026-06-25,20603.81873582
2026-06-26,20662.38686288
2026-06-27,20662.38355388
2026-06-28,20662.38217088
2026-06-29,20680.06222346
2026-06-30,20733.54651843
2026-07-01,20633.60152844
2026-07-02,20848.35089412
2026-07-03,20907.0380458
2026-07-04,20907.22974304
2026-07-05,20907.40111904
2026-07-06,20736.07111648
2026-07-07,20683.19702595
2026-07-08,20654.10140638
2026-07-09,20698.79262638
2026-07-10,20658.77775502
2026-07-11,20658.97118702
2026-07-12,20658.97093702
2026-07-13,20685.43265652
2026-07-14,20791.25692292
2026-07-15,20915.0801886
2026-07-16,20824.38388395
2026-07-17,20861.89443682
2026-07-18,20861.88323682
2026-07-19,20861.87832936
2026-07-20,20742.74628007
2026-07-21,20814.211968
2026-07-22,20813.04343171
2026-07-23,20769.2156717
2026-07-24,20766.57201033
2026-07-25,20766.57201033
2026-07-26,20766.57201033
2026-07-27,20743.70709674
2026-07-28,20805.35442318
2026-07-29,20823.2022578
2026-07-30,20815.50663465
2026-07-31,20816.41467962
2026-08-01,20816.41307962
2026-08-02,20816.41047411
2026-08-03,20770.99534669
2026-08-04,20851.99442332
2026-08-05,20862.78862841
2026-08-06,20835.03170869
2026-08-07,20830.63689751
2026-08-08,20830.63289751
2026-08-09,20830.63269751
2026-08-10,20831.13501811
2026-08-11,20885.98641817
2026-08-12,20828.14187591
2026-08-13,20842.39151406
2026-08-14,20847.46204284
2026-08-15,20847.45607584
2026-08-16,20847.45260953
2026-08-17,20786.56460437
2026-08-18,20811.69355888
2026-08-19,20781.08896545
2026-08-20,20859.65178892
2026-08-21,20797.35673214
2026-08-22,20797.35673214
2026-08-23,20797.35549814
2026-08-24,20788.65616725
2026-08-25,20828.84670675
2026-08-26,20574.21567392
2026-08-27,20345.05204523
2026-08-28,20443.52645284
2026-08-29,20443.52612184
2026-08-30,20443.52419684
2026-08-31,20447.91290318
2026-09-01,20299.81225563
2026-09-02,20329.94903747
2026-09-03,20335.90441874
2026-09-04,20422.21611819
2026-09-05,20422.2217543
2026-09-06,20422.2176643
2026-09-07,20427.60574016
2026-09-08,20260.2345982
2026-09-09,20244.76446194
2026-09-10,20232.16859666
2026-09-11,20201.05543509
2026-09-12,20201.04221736
2026-09-13,20201.18801736
2026-09-14,20273.60834198
